Mono path[0] = 'F:/RLDemo/Bees RL Training/Bees_Data/Managed'
Mono config path = 'F:/RLDemo/Bees RL Training/MonoBleedingEdge/etc'
CodeReloadManager initialized
Input System module state changed to: Initialized.
[Physics::Module] Initialized fallback backend.
[Physics::Module] Id: 0xdecafbad
Initialize engine version: 6000.4.3f1 (39d1a88d4dd1)
[Subsystems] Discovering subsystems at path F:/RLDemo/Bees RL Training/Bees_Data/UnitySubsystems
Forcing GfxDevice: Null
GfxDevice: creating device client; kGfxThreadingModeNonThreaded
NullGfxDevice:
    Version:  NULL 1.0 [1.0]
    Renderer: Null Device
    Vendor:   Unity Technologies
Begin MonoManager ReloadAssembly
- Finished resetting the current domain, in  0.006 seconds
[Physics::Module] Selected backend.
[Physics::Module] Name: PhysX
[Physics::Module] Id: 0xf2b8ea05
[Physics::Module] SDK Version: 4.1.2
[Physics::Module] Integration Version: 1.0.0
[Physics::Module] Threading Mode: Multi-Threaded
Microsoft Media Foundation video decoding to texture disabled: graphics device is Null, only Direct3D 11 and Direct3D 12 (only on desktop) are supported for hardware-accelerated video decoding.
Texture with ID 114 and with size 13376x6920 was too large for graphics device maximum supported texture size (8192x8192). Falling back to a dummy texture. Generate mip maps to provide lower size fallback.
Texture with ID 210 and with size 13376x6920 was too large for graphics device maximum supported texture size (8192x8192). Falling back to a dummy texture. Generate mip maps to provide lower size fallback.
Texture with ID 221 and with size 13376x6920 was too large for graphics device maximum supported texture size (8192x8192). Falling back to a dummy texture. Generate mip maps to provide lower size fallback.
Texture with ID 238 and with size 13376x6920 was too large for graphics device maximum supported texture size (8192x8192). Falling back to a dummy texture. Generate mip maps to provide lower size fallback.
UnloadTime: 1.825100 ms
DontDestroyOnLoad only works for root GameObjects or components on root GameObjects.
Trying to connect to ws://clashofempire.net:7146
Connection with WebSocketSharp open!
[Steamworks.NET] SteamAPI_Init() failed. Continuing without Steam features.
Steam API is unavailable; using local fallback identity.
User id is 2013868892
Can not play a disabled audio source
Registered Communicator in Agent.
RL 1v1 episode=1 bee_team=0 human_team=1 winner=0 timeout=True duration=119.67s bee_tsv=16->16 human_tsv=18->18 bee_shots=8 bee_hits=0 bee_damage=0 bee_tsv_reward=0.0000 human_shots=2 human_hits=0 human_damage=0 human_tsv_reward=0.0000 bee_reward=-10.0000 human_reward=-10.0000
RL 1v1 episode=2 bee_team=1 human_team=0 winner=0 timeout=True duration=119.98s bee_tsv=16->16 human_tsv=18->18 bee_shots=4 bee_hits=0 bee_damage=0 bee_tsv_reward=0.0000 human_shots=0 human_hits=0 human_damage=0 human_tsv_reward=0.0000 bee_reward=-10.0000 human_reward=-10.0000
RL 1v1 episode=3 bee_team=0 human_team=1 winner=1 timeout=False duration=2.53s bee_tsv=16->16 human_tsv=18->0 bee_shots=1 bee_hits=1 bee_damage=75 bee_tsv_reward=0.5294 human_shots=0 human_hits=0 human_damage=0 human_tsv_reward=-0.5294 bee_reward=10.5273 human_reward=-10.5294
RL 1v1 episode=4 bee_team=1 human_team=0 winner=0 timeout=True duration=119.98s bee_tsv=16->16 human_tsv=18->18 bee_shots=3 bee_hits=0 bee_damage=0 bee_tsv_reward=0.0000 human_shots=0 human_hits=0 human_damage=0 human_tsv_reward=0.0000 bee_reward=-10.0000 human_reward=-10.0000
RL 1v1 episode=5 bee_team=0 human_team=1 winner=0 timeout=True duration=119.98s bee_tsv=16->16 human_tsv=18->18 bee_shots=6 bee_hits=0 bee_damage=0 bee_tsv_reward=0.0000 human_shots=2 human_hits=0 human_damage=0 human_tsv_reward=0.0000 bee_reward=-10.0000 human_reward=-10.0000
RL 1v1 episode=6 bee_team=1 human_team=0 winner=1 timeout=False duration=85.03s bee_tsv=16->16 human_tsv=18->0 bee_shots=6 bee_hits=1 bee_damage=75 bee_tsv_reward=0.5294 human_shots=0 human_hits=0 human_damage=0 human_tsv_reward=-0.5294 bee_reward=10.4586 human_reward=-10.5294
RL 1v1 episode=7 bee_team=0 human_team=1 winner=0 timeout=True duration=119.98s bee_tsv=16->16 human_tsv=18->18 bee_shots=3 bee_hits=0 bee_damage=0 bee_tsv_reward=0.0000 human_shots=2 human_hits=0 human_damage=0 human_tsv_reward=0.0000 bee_reward=-10.0000 human_reward=-10.0000
RL 1v1 episode=8 bee_team=1 human_team=0 winner=0 timeout=True duration=119.98s bee_tsv=16->16 human_tsv=18->18 bee_shots=3 bee_hits=0 bee_damage=0 bee_tsv_reward=0.0000 human_shots=2 human_hits=0 human_damage=0 human_tsv_reward=0.0000 bee_reward=-10.0000 human_reward=-10.0000
RL 1v1 episode=9 bee_team=0 human_team=1 winner=1 timeout=False duration=52.57s bee_tsv=16->16 human_tsv=18->0 bee_shots=4 bee_hits=1 bee_damage=75 bee_tsv_reward=0.5294 human_shots=2 human_hits=0 human_damage=0 human_tsv_reward=-0.5294 bee_reward=10.4856 human_reward=-10.5294
RL 1v1 episode=10 bee_team=1 human_team=0 winner=0 timeout=True duration=119.98s bee_tsv=16->16 human_tsv=18->18 bee_shots=4 bee_hits=0 bee_damage=0 bee_tsv_reward=0.0000 human_shots=0 human_hits=0 human_damage=0 human_tsv_reward=0.0000 bee_reward=-10.0000 human_reward=-10.0000
RL 1v1 summary episodes=10 bee_record=3-7 human_record=0-10 timeouts=7 avg_duration=97.97s bee_shots=42 bee_hits=3 bee_hit_rate=7.14 % bee_damage=225 human_shots=10 human_hits=0 human_hit_rate=0.00 % human_damage=0
RL 1v1 episode=11 bee_team=0 human_team=1 winner=0 timeout=True duration=119.98s bee_tsv=16->16 human_tsv=18->18 bee_shots=5 bee_hits=0 bee_damage=0 bee_tsv_reward=0.0000 human_shots=0 human_hits=0 human_damage=0 human_tsv_reward=0.0000 bee_reward=-10.0000 human_reward=-10.0000
RL 1v1 episode=12 bee_team=1 human_team=0 winner=1 timeout=False duration=62.53s bee_tsv=16->16 human_tsv=18->0 bee_shots=2 bee_hits=1 bee_damage=75 bee_tsv_reward=0.5294 human_shots=2 human_hits=0 human_damage=0 human_tsv_reward=-0.5294 bee_reward=10.4773 human_reward=-10.5294
RL 1v1 episode=13 bee_team=0 human_team=1 winner=0 timeout=True duration=119.98s bee_tsv=16->13 human_tsv=18->18 bee_shots=6 bee_hits=0 bee_damage=0 bee_tsv_reward=-0.0882 human_shots=2 human_hits=1 human_damage=30 human_tsv_reward=0.0882 bee_reward=-10.0882 human_reward=-9.9118
RL 1v1 episode=14 bee_team=1 human_team=0 winner=0 timeout=True duration=119.98s bee_tsv=16->16 human_tsv=18->18 bee_shots=7 bee_hits=0 bee_damage=0 bee_tsv_reward=0.0000 human_shots=2 human_hits=0 human_damage=0 human_tsv_reward=0.0000 bee_reward=-10.0000 human_reward=-10.0000
RL 1v1 episode=15 bee_team=0 human_team=1 winner=0 timeout=True duration=119.98s bee_tsv=16->11 human_tsv=18->18 bee_shots=17 bee_hits=0 bee_damage=0 bee_tsv_reward=-0.1471 human_shots=2 human_hits=2 human_damage=60 human_tsv_reward=0.1471 bee_reward=-10.1471 human_reward=-9.8529
RL 1v1 episode=16 bee_team=1 human_team=0 winner=0 timeout=True duration=119.98s bee_tsv=16->16 human_tsv=18->18 bee_shots=7 bee_hits=0 bee_damage=0 bee_tsv_reward=0.0000 human_shots=0 human_hits=0 human_damage=0 human_tsv_reward=0.0000 bee_reward=-10.0000 human_reward=-10.0000
RL 1v1 episode=17 bee_team=0 human_team=1 winner=0 timeout=True duration=119.98s bee_tsv=16->16 human_tsv=18->18 bee_shots=5 bee_hits=0 bee_damage=0 bee_tsv_reward=0.0000 human_shots=2 human_hits=0 human_damage=0 human_tsv_reward=0.0000 bee_reward=-10.0000 human_reward=-10.0000
RL 1v1 episode=18 bee_team=1 human_team=0 winner=0 timeout=True duration=119.98s bee_tsv=16->16 human_tsv=18->18 bee_shots=5 bee_hits=0 bee_damage=0 bee_tsv_reward=0.0000 human_shots=2 human_hits=0 human_damage=0 human_tsv_reward=0.0000 bee_reward=-10.0000 human_reward=-10.0000
RL 1v1 episode=19 bee_team=0 human_team=1 winner=0 timeout=True duration=119.98s bee_tsv=16->11 human_tsv=18->18 bee_shots=8 bee_hits=0 bee_damage=0 bee_tsv_reward=-0.1471 human_shots=2 human_hits=2 human_damage=60 human_tsv_reward=0.1471 bee_reward=-10.1471 human_reward=-9.8529
RL 1v1 episode=20 bee_team=1 human_team=0 winner=0 timeout=True duration=119.98s bee_tsv=16->16 human_tsv=18->18 bee_shots=6 bee_hits=0 bee_damage=0 bee_tsv_reward=0.0000 human_shots=0 human_hits=0 human_damage=0 human_tsv_reward=0.0000 bee_reward=-10.0000 human_reward=-10.0000
RL 1v1 summary episodes=20 bee_record=4-16 human_record=0-20 timeouts=16 avg_duration=106.10s bee_shots=110 bee_hits=4 bee_hit_rate=3.64 % bee_damage=300 human_shots=24 human_hits=5 human_hit_rate=20.83 % human_damage=150
RL 1v1 episode=21 bee_team=0 human_team=1 winner=0 timeout=True duration=119.98s bee_tsv=16->16 human_tsv=18->18 bee_shots=7 bee_hits=0 bee_damage=0 bee_tsv_reward=0.0000 human_shots=0 human_hits=0 human_damage=0 human_tsv_reward=0.0000 bee_reward=-10.0000 human_reward=-10.0000
RL 1v1 episode=22 bee_team=1 human_team=0 winner=0 timeout=True duration=119.98s bee_tsv=16->16 human_tsv=18->18 bee_shots=5 bee_hits=0 bee_damage=0 bee_tsv_reward=0.0000 human_shots=2 human_hits=0 human_damage=0 human_tsv_reward=0.0000 bee_reward=-10.0000 human_reward=-10.0000
RL 1v1 episode=23 bee_team=0 human_team=1 winner=0 timeout=True duration=119.98s bee_tsv=16->16 human_tsv=18->18 bee_shots=6 bee_hits=0 bee_damage=0 bee_tsv_reward=0.0000 human_shots=0 human_hits=0 human_damage=0 human_tsv_reward=0.0000 bee_reward=-10.0000 human_reward=-10.0000
RL 1v1 episode=24 bee_team=1 human_team=0 winner=1 timeout=False duration=20.05s bee_tsv=16->16 human_tsv=18->0 bee_shots=3 bee_hits=1 bee_damage=75 bee_tsv_reward=0.5294 human_shots=0 human_hits=0 human_damage=0 human_tsv_reward=-0.5294 bee_reward=10.5127 human_reward=-10.5294
RL 1v1 episode=25 bee_team=0 human_team=1 winner=1 timeout=False duration=10.03s bee_tsv=16->16 human_tsv=18->0 bee_shots=1 bee_hits=1 bee_damage=75 bee_tsv_reward=0.5294 human_shots=0 human_hits=0 human_damage=0 human_tsv_reward=-0.5294 bee_reward=10.5211 human_reward=-10.5294
RL 1v1 episode=26 bee_team=1 human_team=0 winner=1 timeout=False duration=57.55s bee_tsv=16->16 human_tsv=18->0 bee_shots=5 bee_hits=1 bee_damage=75 bee_tsv_reward=0.5294 human_shots=0 human_hits=0 human_damage=0 human_tsv_reward=-0.5294 bee_reward=10.4815 human_reward=-10.5294
RL 1v1 episode=27 bee_team=0 human_team=1 winner=0 timeout=True duration=119.98s bee_tsv=16->16 human_tsv=18->18 bee_shots=10 bee_hits=0 bee_damage=0 bee_tsv_reward=0.0000 human_shots=2 human_hits=0 human_damage=0 human_tsv_reward=0.0000 bee_reward=-10.0000 human_reward=-10.0000
RL 1v1 episode=28 bee_team=1 human_team=0 winner=1 timeout=False duration=112.53s bee_tsv=16->16 human_tsv=18->0 bee_shots=6 bee_hits=1 bee_damage=75 bee_tsv_reward=0.5294 human_shots=0 human_hits=0 human_damage=0 human_tsv_reward=-0.5294 bee_reward=10.4356 human_reward=-10.5294
RL 1v1 episode=29 bee_team=0 human_team=1 winner=1 timeout=False duration=40.03s bee_tsv=16->16 human_tsv=18->0 bee_shots=3 bee_hits=1 bee_damage=75 bee_tsv_reward=0.5294 human_shots=0 human_hits=0 human_damage=0 human_tsv_reward=-0.5294 bee_reward=10.4961 human_reward=-10.5294
RL 1v1 episode=30 bee_team=1 human_team=0 winner=1 timeout=False duration=60.03s bee_tsv=16->16 human_tsv=18->0 bee_shots=4 bee_hits=1 bee_damage=75 bee_tsv_reward=0.5294 human_shots=0 human_hits=0 human_damage=0 human_tsv_reward=-0.5294 bee_reward=10.4794 human_reward=-10.5294
RL 1v1 summary episodes=30 bee_record=10-20 human_record=0-30 timeouts=20 avg_duration=96.74s bee_shots=160 bee_hits=10 bee_hit_rate=6.25 % bee_damage=750 human_shots=28 human_hits=5 human_hit_rate=17.86 % human_damage=150
RL 1v1 episode=31 bee_team=0 human_team=1 winner=1 timeout=False duration=77.53s bee_tsv=16->16 human_tsv=18->0 bee_shots=4 bee_hits=1 bee_damage=75 bee_tsv_reward=0.5294 human_shots=0 human_hits=0 human_damage=0 human_tsv_reward=-0.5294 bee_reward=10.4648 human_reward=-10.5294
RL 1v1 episode=32 bee_team=1 human_team=0 winner=1 timeout=False duration=30.03s bee_tsv=16->16 human_tsv=18->0 bee_shots=1 bee_hits=1 bee_damage=75 bee_tsv_reward=0.5294 human_shots=0 human_hits=0 human_damage=0 human_tsv_reward=-0.5294 bee_reward=10.5044 human_reward=-10.5294
RL 1v1 episode=33 bee_team=0 human_team=1 winner=1 timeout=False duration=2.53s bee_tsv=16->16 human_tsv=18->0 bee_shots=1 bee_hits=1 bee_damage=75 bee_tsv_reward=0.5294 human_shots=0 human_hits=0 human_damage=0 human_tsv_reward=-0.5294 bee_reward=10.5273 human_reward=-10.5294
RL 1v1 episode=34 bee_team=1 human_team=0 winner=1 timeout=False duration=2.53s bee_tsv=16->16 human_tsv=18->0 bee_shots=1 bee_hits=1 bee_damage=75 bee_tsv_reward=0.5294 human_shots=0 human_hits=0 human_damage=0 human_tsv_reward=-0.5294 bee_reward=10.5273 human_reward=-10.5294
RL 1v1 episode=35 bee_team=0 human_team=1 winner=1 timeout=False duration=80.03s bee_tsv=16->16 human_tsv=18->0 bee_shots=5 bee_hits=1 bee_damage=75 bee_tsv_reward=0.5294 human_shots=0 human_hits=0 human_damage=0 human_tsv_reward=-0.5294 bee_reward=10.4627 human_reward=-10.5294
RL 1v1 episode=36 bee_team=1 human_team=0 winner=1 timeout=False duration=32.53s bee_tsv=16->16 human_tsv=18->0 bee_shots=2 bee_hits=1 bee_damage=75 bee_tsv_reward=0.5294 human_shots=0 human_hits=0 human_damage=0 human_tsv_reward=-0.5294 bee_reward=10.5023 human_reward=-10.5294
RL 1v1 episode=37 bee_team=0 human_team=1 winner=1 timeout=False duration=15.03s bee_tsv=16->16 human_tsv=18->0 bee_shots=2 bee_hits=1 bee_damage=75 bee_tsv_reward=0.5294 human_shots=0 human_hits=0 human_damage=0 human_tsv_reward=-0.5294 bee_reward=10.5169 human_reward=-10.5294
RL 1v1 episode=38 bee_team=1 human_team=0 winner=1 timeout=False duration=27.53s bee_tsv=16->16 human_tsv=18->0 bee_shots=1 bee_hits=1 bee_damage=75 bee_tsv_reward=0.5294 human_shots=0 human_hits=0 human_damage=0 human_tsv_reward=-0.5294 bee_reward=10.5065 human_reward=-10.5294
RL 1v1 episode=39 bee_team=0 human_team=1 winner=1 timeout=False duration=80.07s bee_tsv=16->16 human_tsv=18->0 bee_shots=10 bee_hits=1 bee_damage=75 bee_tsv_reward=0.5294 human_shots=0 human_hits=0 human_damage=0 human_tsv_reward=-0.5294 bee_reward=10.4627 human_reward=-10.5294
RL 1v1 episode=40 bee_team=1 human_team=0 winner=1 timeout=False duration=30.05s bee_tsv=16->16 human_tsv=18->0 bee_shots=2 bee_hits=1 bee_damage=75 bee_tsv_reward=0.5294 human_shots=0 human_hits=0 human_damage=0 human_tsv_reward=-0.5294 bee_reward=10.5044 human_reward=-10.5294
RL 1v1 summary episodes=40 bee_record=20-20 human_record=0-40 timeouts=20 avg_duration=82.00s bee_shots=189 bee_hits=20 bee_hit_rate=10.58 % bee_damage=1500 human_shots=28 human_hits=5 human_hit_rate=17.86 % human_damage=150
RL 1v1 episode=41 bee_team=0 human_team=1 winner=1 timeout=False duration=40.03s bee_tsv=16->16 human_tsv=18->0 bee_shots=2 bee_hits=1 bee_damage=75 bee_tsv_reward=0.5294 human_shots=0 human_hits=0 human_damage=0 human_tsv_reward=-0.5294 bee_reward=10.4961 human_reward=-10.5294
RL 1v1 episode=42 bee_team=1 human_team=0 winner=1 timeout=False duration=7.53s bee_tsv=16->16 human_tsv=18->0 bee_shots=1 bee_hits=1 bee_damage=75 bee_tsv_reward=0.5294 human_shots=0 human_hits=0 human_damage=0 human_tsv_reward=-0.5294 bee_reward=10.5231 human_reward=-10.5294
RL 1v1 episode=43 bee_team=0 human_team=1 winner=1 timeout=False duration=85.03s bee_tsv=16->16 human_tsv=18->0 bee_shots=4 bee_hits=1 bee_damage=75 bee_tsv_reward=0.5294 human_shots=0 human_hits=0 human_damage=0 human_tsv_reward=-0.5294 bee_reward=10.4586 human_reward=-10.5294
RL 1v1 episode=44 bee_team=1 human_team=0 winner=1 timeout=False duration=10.03s bee_tsv=16->16 human_tsv=18->0 bee_shots=1 bee_hits=1 bee_damage=75 bee_tsv_reward=0.5294 human_shots=0 human_hits=0 human_damage=0 human_tsv_reward=-0.5294 bee_reward=10.5211 human_reward=-10.5294
RL 1v1 episode=45 bee_team=0 human_team=1 winner=1 timeout=False duration=50.03s bee_tsv=16->16 human_tsv=18->0 bee_shots=4 bee_hits=1 bee_damage=75 bee_tsv_reward=0.5294 human_shots=0 human_hits=0 human_damage=0 human_tsv_reward=-0.5294 bee_reward=10.4877 human_reward=-10.5294
RL 1v1 episode=46 bee_team=1 human_team=0 winner=1 timeout=False duration=47.53s bee_tsv=16->16 human_tsv=18->0 bee_shots=4 bee_hits=1 bee_damage=75 bee_tsv_reward=0.5294 human_shots=0 human_hits=0 human_damage=0 human_tsv_reward=-0.5294 bee_reward=10.4898 human_reward=-10.5294
RL 1v1 episode=47 bee_team=0 human_team=1 winner=1 timeout=False duration=10.03s bee_tsv=16->16 human_tsv=18->0 bee_shots=2 bee_hits=1 bee_damage=75 bee_tsv_reward=0.5294 human_shots=2 human_hits=0 human_damage=0 human_tsv_reward=-0.5294 bee_reward=10.5211 human_reward=-10.5294
RL 1v1 episode=48 bee_team=1 human_team=0 winner=1 timeout=False duration=12.53s bee_tsv=16->16 human_tsv=18->0 bee_shots=1 bee_hits=1 bee_damage=75 bee_tsv_reward=0.5294 human_shots=0 human_hits=0 human_damage=0 human_tsv_reward=-0.5294 bee_reward=10.5190 human_reward=-10.5294
RL 1v1 episode=49 bee_team=0 human_team=1 winner=1 timeout=False duration=22.53s bee_tsv=16->16 human_tsv=18->0 bee_shots=1 bee_hits=1 bee_damage=75 bee_tsv_reward=0.5294 human_shots=0 human_hits=0 human_damage=0 human_tsv_reward=-0.5294 bee_reward=10.5106 human_reward=-10.5294
RL 1v1 episode=50 bee_team=1 human_team=0 winner=1 timeout=False duration=37.53s bee_tsv=16->16 human_tsv=18->0 bee_shots=2 bee_hits=1 bee_damage=75 bee_tsv_reward=0.5294 human_shots=0 human_hits=0 human_damage=0 human_tsv_reward=-0.5294 bee_reward=10.4981 human_reward=-10.5294
RL 1v1 summary episodes=50 bee_record=30-20 human_record=0-50 timeouts=20 avg_duration=72.06s bee_shots=211 bee_hits=30 bee_hit_rate=14.22 % bee_damage=2250 human_shots=30 human_hits=5 human_hit_rate=16.67 % human_damage=150
RL 1v1 episode=51 bee_team=0 human_team=1 winner=1 timeout=False duration=5.03s bee_tsv=16->16 human_tsv=18->0 bee_shots=2 bee_hits=1 bee_damage=75 bee_tsv_reward=0.5294 human_shots=0 human_hits=0 human_damage=0 human_tsv_reward=-0.5294 bee_reward=10.5252 human_reward=-10.5294
RL 1v1 episode=52 bee_team=1 human_team=0 winner=0 timeout=True duration=119.98s bee_tsv=16->16 human_tsv=18->18 bee_shots=0 bee_hits=0 bee_damage=0 bee_tsv_reward=0.0000 human_shots=0 human_hits=0 human_damage=0 human_tsv_reward=0.0000 bee_reward=-10.0000 human_reward=-10.0000
RL 1v1 episode=53 bee_team=0 human_team=1 winner=0 timeout=True duration=119.98s bee_tsv=16->16 human_tsv=18->18 bee_shots=7 bee_hits=0 bee_damage=0 bee_tsv_reward=0.0000 human_shots=0 human_hits=0 human_damage=0 human_tsv_reward=0.0000 bee_reward=-10.0000 human_reward=-10.0000
RL 1v1 episode=54 bee_team=1 human_team=0 winner=1 timeout=False duration=110.03s bee_tsv=16->16 human_tsv=18->0 bee_shots=8 bee_hits=1 bee_damage=75 bee_tsv_reward=0.5294 human_shots=0 human_hits=0 human_damage=0 human_tsv_reward=-0.5294 bee_reward=10.4377 human_reward=-10.5294
RL 1v1 episode=55 bee_team=0 human_team=1 winner=0 timeout=True duration=119.98s bee_tsv=16->11 human_tsv=18->18 bee_shots=2 bee_hits=0 bee_damage=0 bee_tsv_reward=-0.1471 human_shots=2 human_hits=2 human_damage=60 human_tsv_reward=0.1471 bee_reward=-10.1471 human_reward=-9.8529
RL 1v1 episode=56 bee_team=1 human_team=0 winner=1 timeout=False duration=22.53s bee_tsv=16->16 human_tsv=18->0 bee_shots=5 bee_hits=1 bee_damage=75 bee_tsv_reward=0.5294 human_shots=0 human_hits=0 human_damage=0 human_tsv_reward=-0.5294 bee_reward=10.5106 human_reward=-10.5294
RL 1v1 episode=57 bee_team=0 human_team=1 winner=0 timeout=True duration=119.98s bee_tsv=16->16 human_tsv=18->18 bee_shots=6 bee_hits=0 bee_damage=0 bee_tsv_reward=0.0000 human_shots=0 human_hits=0 human_damage=0 human_tsv_reward=0.0000 bee_reward=-10.0000 human_reward=-10.0000
RL 1v1 episode=58 bee_team=1 human_team=0 winner=1 timeout=False duration=35.03s bee_tsv=16->16 human_tsv=18->0 bee_shots=3 bee_hits=1 bee_damage=75 bee_tsv_reward=0.5294 human_shots=0 human_hits=0 human_damage=0 human_tsv_reward=-0.5294 bee_reward=10.5002 human_reward=-10.5294
RL 1v1 episode=59 bee_team=0 human_team=1 winner=0 timeout=True duration=119.98s bee_tsv=16->16 human_tsv=18->18 bee_shots=7 bee_hits=0 bee_damage=0 bee_tsv_reward=0.0000 human_shots=0 human_hits=0 human_damage=0 human_tsv_reward=0.0000 bee_reward=-10.0000 human_reward=-10.0000
RL 1v1 episode=60 bee_team=1 human_team=0 winner=1 timeout=False duration=22.53s bee_tsv=16->16 human_tsv=18->0 bee_shots=3 bee_hits=1 bee_damage=75 bee_tsv_reward=0.5294 human_shots=0 human_hits=0 human_damage=0 human_tsv_reward=-0.5294 bee_reward=10.5106 human_reward=-10.5294
RL 1v1 summary episodes=60 bee_record=35-25 human_record=0-60 timeouts=25 avg_duration=73.30s bee_shots=254 bee_hits=35 bee_hit_rate=13.78 % bee_damage=2625 human_shots=32 human_hits=7 human_hit_rate=21.88 % human_damage=210
RL 1v1 episode=61 bee_team=0 human_team=1 winner=1 timeout=False duration=67.53s bee_tsv=16->16 human_tsv=18->0 bee_shots=7 bee_hits=1 bee_damage=75 bee_tsv_reward=0.5294 human_shots=0 human_hits=0 human_damage=0 human_tsv_reward=-0.5294 bee_reward=10.4731 human_reward=-10.5294
RL 1v1 episode=62 bee_team=1 human_team=0 winner=1 timeout=False duration=67.53s bee_tsv=16->16 human_tsv=18->0 bee_shots=7 bee_hits=1 bee_damage=75 bee_tsv_reward=0.5294 human_shots=0 human_hits=0 human_damage=0 human_tsv_reward=-0.5294 bee_reward=10.4731 human_reward=-10.5294
RL 1v1 episode=63 bee_team=0 human_team=1 winner=1 timeout=False duration=52.53s bee_tsv=16->11 human_tsv=18->0 bee_shots=4 bee_hits=1 bee_damage=75 bee_tsv_reward=0.3824 human_shots=2 human_hits=2 human_damage=60 human_tsv_reward=-0.3824 bee_reward=10.3386 human_reward=-10.3824
RL 1v1 episode=64 bee_team=1 human_team=0 winner=1 timeout=False duration=17.53s bee_tsv=16->16 human_tsv=18->0 bee_shots=3 bee_hits=1 bee_damage=75 bee_tsv_reward=0.5294 human_shots=0 human_hits=0 human_damage=0 human_tsv_reward=-0.5294 bee_reward=10.5148 human_reward=-10.5294
RL 1v1 episode=65 bee_team=0 human_team=1 winner=0 timeout=True duration=119.98s bee_tsv=16->16 human_tsv=18->18 bee_shots=9 bee_hits=0 bee_damage=0 bee_tsv_reward=0.0000 human_shots=0 human_hits=0 human_damage=0 human_tsv_reward=0.0000 bee_reward=-10.0000 human_reward=-10.0000
RL 1v1 episode=66 bee_team=1 human_team=0 winner=1 timeout=False duration=7.53s bee_tsv=16->16 human_tsv=18->0 bee_shots=2 bee_hits=1 bee_damage=75 bee_tsv_reward=0.5294 human_shots=0 human_hits=0 human_damage=0 human_tsv_reward=-0.5294 bee_reward=10.5231 human_reward=-10.5294
RL 1v1 episode=67 bee_team=0 human_team=1 winner=1 timeout=False duration=42.53s bee_tsv=16->16 human_tsv=18->0 bee_shots=5 bee_hits=1 bee_damage=75 bee_tsv_reward=0.5294 human_shots=0 human_hits=0 human_damage=0 human_tsv_reward=-0.5294 bee_reward=10.4940 human_reward=-10.5294
RL 1v1 episode=68 bee_team=1 human_team=0 winner=1 timeout=False duration=32.53s bee_tsv=16->16 human_tsv=18->0 bee_shots=2 bee_hits=1 bee_damage=75 bee_tsv_reward=0.5294 human_shots=2 human_hits=0 human_damage=0 human_tsv_reward=-0.5294 bee_reward=10.5023 human_reward=-10.5294
RL 1v1 episode=69 bee_team=0 human_team=1 winner=1 timeout=False duration=12.53s bee_tsv=16->16 human_tsv=18->0 bee_shots=2 bee_hits=1 bee_damage=75 bee_tsv_reward=0.5294 human_shots=0 human_hits=0 human_damage=0 human_tsv_reward=-0.5294 bee_reward=10.5190 human_reward=-10.5294
RL 1v1 episode=70 bee_team=1 human_team=0 winner=1 timeout=False duration=27.53s bee_tsv=16->16 human_tsv=18->0 bee_shots=2 bee_hits=1 bee_damage=75 bee_tsv_reward=0.5294 human_shots=0 human_hits=0 human_damage=0 human_tsv_reward=-0.5294 bee_reward=10.5065 human_reward=-10.5294
RL 1v1 summary episodes=70 bee_record=44-26 human_record=0-70 timeouts=26 avg_duration=69.23s bee_shots=297 bee_hits=44 bee_hit_rate=14.81 % bee_damage=3300 human_shots=36 human_hits=9 human_hit_rate=25.00 % human_damage=270
RL 1v1 episode=71 bee_team=0 human_team=1 winner=1 timeout=False duration=5.03s bee_tsv=16->16 human_tsv=18->0 bee_shots=1 bee_hits=1 bee_damage=75 bee_tsv_reward=0.5294 human_shots=0 human_hits=0 human_damage=0 human_tsv_reward=-0.5294 bee_reward=10.5252 human_reward=-10.5294
RL 1v1 episode=72 bee_team=1 human_team=0 winner=1 timeout=False duration=12.53s bee_tsv=16->16 human_tsv=18->0 bee_shots=2 bee_hits=1 bee_damage=75 bee_tsv_reward=0.5294 human_shots=0 human_hits=0 human_damage=0 human_tsv_reward=-0.5294 bee_reward=10.5190 human_reward=-10.5294
RL 1v1 episode=73 bee_team=0 human_team=1 winner=1 timeout=False duration=17.53s bee_tsv=16->16 human_tsv=18->0 bee_shots=1 bee_hits=1 bee_damage=75 bee_tsv_reward=0.5294 human_shots=0 human_hits=0 human_damage=0 human_tsv_reward=-0.5294 bee_reward=10.5148 human_reward=-10.5294
RL 1v1 episode=74 bee_team=1 human_team=0 winner=1 timeout=False duration=7.53s bee_tsv=16->16 human_tsv=18->0 bee_shots=1 bee_hits=1 bee_damage=75 bee_tsv_reward=0.5294 human_shots=0 human_hits=0 human_damage=0 human_tsv_reward=-0.5294 bee_reward=10.5231 human_reward=-10.5294
RL 1v1 episode=75 bee_team=0 human_team=1 winner=1 timeout=False duration=20.03s bee_tsv=16->16 human_tsv=18->0 bee_shots=3 bee_hits=1 bee_damage=75 bee_tsv_reward=0.5294 human_shots=0 human_hits=0 human_damage=0 human_tsv_reward=-0.5294 bee_reward=10.5127 human_reward=-10.5294
RL 1v1 episode=76 bee_team=1 human_team=0 winner=1 timeout=False duration=7.53s bee_tsv=16->16 human_tsv=18->0 bee_shots=1 bee_hits=1 bee_damage=75 bee_tsv_reward=0.5294 human_shots=0 human_hits=0 human_damage=0 human_tsv_reward=-0.5294 bee_reward=10.5231 human_reward=-10.5294
RL 1v1 episode=77 bee_team=0 human_team=1 winner=1 timeout=False duration=22.53s bee_tsv=16->16 human_tsv=18->0 bee_shots=2 bee_hits=1 bee_damage=75 bee_tsv_reward=0.5294 human_shots=0 human_hits=0 human_damage=0 human_tsv_reward=-0.5294 bee_reward=10.5106 human_reward=-10.5294
RL 1v1 episode=78 bee_team=1 human_team=0 winner=1 timeout=False duration=2.53s bee_tsv=16->16 human_tsv=18->0 bee_shots=1 bee_hits=1 bee_damage=75 bee_tsv_reward=0.5294 human_shots=0 human_hits=0 human_damage=0 human_tsv_reward=-0.5294 bee_reward=10.5273 human_reward=-10.5294
RL 1v1 episode=79 bee_team=0 human_team=1 winner=1 timeout=False duration=2.53s bee_tsv=16->16 human_tsv=18->0 bee_shots=1 bee_hits=1 bee_damage=75 bee_tsv_reward=0.5294 human_shots=0 human_hits=0 human_damage=0 human_tsv_reward=-0.5294 bee_reward=10.5273 human_reward=-10.5294
RL 1v1 episode=80 bee_team=1 human_team=0 winner=1 timeout=False duration=5.03s bee_tsv=16->16 human_tsv=18->0 bee_shots=1 bee_hits=1 bee_damage=75 bee_tsv_reward=0.5294 human_shots=0 human_hits=0 human_damage=0 human_tsv_reward=-0.5294 bee_reward=10.5252 human_reward=-10.5294
RL 1v1 summary episodes=80 bee_record=54-26 human_record=0-80 timeouts=26 avg_duration=61.86s bee_shots=311 bee_hits=54 bee_hit_rate=17.36 % bee_damage=4050 human_shots=36 human_hits=9 human_hit_rate=25.00 % human_damage=270
RL 1v1 episode=81 bee_team=0 human_team=1 winner=1 timeout=False duration=22.53s bee_tsv=16->16 human_tsv=18->0 bee_shots=4 bee_hits=1 bee_damage=75 bee_tsv_reward=0.5294 human_shots=0 human_hits=0 human_damage=0 human_tsv_reward=-0.5294 bee_reward=10.5106 human_reward=-10.5294
RL 1v1 episode=82 bee_team=1 human_team=0 winner=1 timeout=False duration=27.53s bee_tsv=16->16 human_tsv=18->0 bee_shots=3 bee_hits=1 bee_damage=75 bee_tsv_reward=0.5294 human_shots=0 human_hits=0 human_damage=0 human_tsv_reward=-0.5294 bee_reward=10.5065 human_reward=-10.5294
RL 1v1 episode=83 bee_team=0 human_team=1 winner=1 timeout=False duration=7.53s bee_tsv=16->16 human_tsv=18->0 bee_shots=1 bee_hits=1 bee_damage=75 bee_tsv_reward=0.5294 human_shots=0 human_hits=0 human_damage=0 human_tsv_reward=-0.5294 bee_reward=10.5231 human_reward=-10.5294
RL 1v1 episode=84 bee_team=1 human_team=0 winner=1 timeout=False duration=7.53s bee_tsv=16->16 human_tsv=18->0 bee_shots=2 bee_hits=1 bee_damage=75 bee_tsv_reward=0.5294 human_shots=0 human_hits=0 human_damage=0 human_tsv_reward=-0.5294 bee_reward=10.5231 human_reward=-10.5294
RL 1v1 episode=85 bee_team=0 human_team=1 winner=1 timeout=False duration=15.03s bee_tsv=16->16 human_tsv=18->0 bee_shots=2 bee_hits=1 bee_damage=75 bee_tsv_reward=0.5294 human_shots=0 human_hits=0 human_damage=0 human_tsv_reward=-0.5294 bee_reward=10.5169 human_reward=-10.5294
RL 1v1 episode=86 bee_team=1 human_team=0 winner=1 timeout=False duration=2.53s bee_tsv=16->16 human_tsv=18->0 bee_shots=1 bee_hits=1 bee_damage=75 bee_tsv_reward=0.5294 human_shots=0 human_hits=0 human_damage=0 human_tsv_reward=-0.5294 bee_reward=10.5273 human_reward=-10.5294
RL 1v1 episode=87 bee_team=0 human_team=1 winner=1 timeout=False duration=12.53s bee_tsv=16->16 human_tsv=18->0 bee_shots=2 bee_hits=1 bee_damage=75 bee_tsv_reward=0.5294 human_shots=0 human_hits=0 human_damage=0 human_tsv_reward=-0.5294 bee_reward=10.5190 human_reward=-10.5294
RL 1v1 episode=88 bee_team=1 human_team=0 winner=1 timeout=False duration=15.03s bee_tsv=16->16 human_tsv=18->0 bee_shots=2 bee_hits=1 bee_damage=75 bee_tsv_reward=0.5294 human_shots=0 human_hits=0 human_damage=0 human_tsv_reward=-0.5294 bee_reward=10.5169 human_reward=-10.5294
RL 1v1 episode=89 bee_team=0 human_team=1 winner=1 timeout=False duration=27.53s bee_tsv=16->16 human_tsv=18->0 bee_shots=3 bee_hits=1 bee_damage=75 bee_tsv_reward=0.5294 human_shots=0 human_hits=0 human_damage=0 human_tsv_reward=-0.5294 bee_reward=10.5065 human_reward=-10.5294
RL 1v1 episode=90 bee_team=1 human_team=0 winner=1 timeout=False duration=2.53s bee_tsv=16->16 human_tsv=18->0 bee_shots=1 bee_hits=1 bee_damage=75 bee_tsv_reward=0.5294 human_shots=0 human_hits=0 human_damage=0 human_tsv_reward=-0.5294 bee_reward=10.5273 human_reward=-10.5294
RL 1v1 summary episodes=90 bee_record=64-26 human_record=0-90 timeouts=26 avg_duration=56.54s bee_shots=332 bee_hits=64 bee_hit_rate=19.28 % bee_damage=4800 human_shots=36 human_hits=9 human_hit_rate=25.00 % human_damage=270
RL 1v1 episode=91 bee_team=0 human_team=1 winner=1 timeout=False duration=2.53s bee_tsv=16->16 human_tsv=18->0 bee_shots=1 bee_hits=1 bee_damage=75 bee_tsv_reward=0.5294 human_shots=0 human_hits=0 human_damage=0 human_tsv_reward=-0.5294 bee_reward=10.5273 human_reward=-10.5294
RL 1v1 episode=92 bee_team=1 human_team=0 winner=1 timeout=False duration=10.03s bee_tsv=16->16 human_tsv=18->0 bee_shots=2 bee_hits=1 bee_damage=75 bee_tsv_reward=0.5294 human_shots=0 human_hits=0 human_damage=0 human_tsv_reward=-0.5294 bee_reward=10.5211 human_reward=-10.5294
RL 1v1 episode=93 bee_team=0 human_team=1 winner=1 timeout=False duration=17.53s bee_tsv=16->16 human_tsv=18->0 bee_shots=2 bee_hits=1 bee_damage=75 bee_tsv_reward=0.5294 human_shots=0 human_hits=0 human_damage=0 human_tsv_reward=-0.5294 bee_reward=10.5148 human_reward=-10.5294
RL 1v1 episode=94 bee_team=1 human_team=0 winner=1 timeout=False duration=20.03s bee_tsv=16->16 human_tsv=18->0 bee_shots=2 bee_hits=1 bee_damage=75 bee_tsv_reward=0.5294 human_shots=0 human_hits=0 human_damage=0 human_tsv_reward=-0.5294 bee_reward=10.5127 human_reward=-10.5294
RL 1v1 episode=95 bee_team=0 human_team=1 winner=1 timeout=False duration=7.53s bee_tsv=16->11 human_tsv=18->0 bee_shots=1 bee_hits=1 bee_damage=75 bee_tsv_reward=0.3824 human_shots=2 human_hits=2 human_damage=60 human_tsv_reward=-0.3824 bee_reward=10.3761 human_reward=-10.3824
RL 1v1 episode=96 bee_team=1 human_team=0 winner=1 timeout=False duration=7.53s bee_tsv=16->16 human_tsv=18->0 bee_shots=1 bee_hits=1 bee_damage=75 bee_tsv_reward=0.5294 human_shots=0 human_hits=0 human_damage=0 human_tsv_reward=-0.5294 bee_reward=10.5231 human_reward=-10.5294
RL 1v1 episode=97 bee_team=0 human_team=1 winner=1 timeout=False duration=20.03s bee_tsv=16->16 human_tsv=18->0 bee_shots=3 bee_hits=1 bee_damage=75 bee_tsv_reward=0.5294 human_shots=0 human_hits=0 human_damage=0 human_tsv_reward=-0.5294 bee_reward=10.5127 human_reward=-10.5294
RL 1v1 episode=98 bee_team=1 human_team=0 winner=1 timeout=False duration=7.53s bee_tsv=16->16 human_tsv=18->0 bee_shots=1 bee_hits=1 bee_damage=75 bee_tsv_reward=0.5294 human_shots=0 human_hits=0 human_damage=0 human_tsv_reward=-0.5294 bee_reward=10.5231 human_reward=-10.5294
RL 1v1 episode=99 bee_team=0 human_team=1 winner=1 timeout=False duration=5.03s bee_tsv=16->16 human_tsv=18->0 bee_shots=2 bee_hits=1 bee_damage=75 bee_tsv_reward=0.5294 human_shots=0 human_hits=0 human_damage=0 human_tsv_reward=-0.5294 bee_reward=10.5252 human_reward=-10.5294
RL 1v1 episode=100 bee_team=1 human_team=0 winner=1 timeout=False duration=7.53s bee_tsv=16->16 human_tsv=18->0 bee_shots=1 bee_hits=1 bee_damage=75 bee_tsv_reward=0.5294 human_shots=0 human_hits=0 human_damage=0 human_tsv_reward=-0.5294 bee_reward=10.5231 human_reward=-10.5294
RL 1v1 summary episodes=100 bee_record=74-26 human_record=0-100 timeouts=26 avg_duration=51.94s bee_shots=348 bee_hits=74 bee_hit_rate=21.26 % bee_damage=5550 human_shots=38 human_hits=11 human_hit_rate=28.95 % human_damage=330
RL 1v1 episode=101 bee_team=0 human_team=1 winner=1 timeout=False duration=42.53s bee_tsv=16->16 human_tsv=18->0 bee_shots=7 bee_hits=1 bee_damage=75 bee_tsv_reward=0.5294 human_shots=2 human_hits=0 human_damage=0 human_tsv_reward=-0.5294 bee_reward=10.4940 human_reward=-10.5294
RL 1v1 episode=102 bee_team=1 human_team=0 winner=1 timeout=False duration=15.03s bee_tsv=16->16 human_tsv=18->0 bee_shots=1 bee_hits=1 bee_damage=75 bee_tsv_reward=0.5294 human_shots=0 human_hits=0 human_damage=0 human_tsv_reward=-0.5294 bee_reward=10.5169 human_reward=-10.5294
RL 1v1 episode=103 bee_team=0 human_team=1 winner=1 timeout=False duration=2.53s bee_tsv=16->16 human_tsv=18->0 bee_shots=1 bee_hits=1 bee_damage=75 bee_tsv_reward=0.5294 human_shots=0 human_hits=0 human_damage=0 human_tsv_reward=-0.5294 bee_reward=10.5273 human_reward=-10.5294
RL 1v1 episode=104 bee_team=1 human_team=0 winner=1 timeout=False duration=5.03s bee_tsv=16->16 human_tsv=18->0 bee_shots=2 bee_hits=1 bee_damage=75 bee_tsv_reward=0.5294 human_shots=0 human_hits=0 human_damage=0 human_tsv_reward=-0.5294 bee_reward=10.5252 human_reward=-10.5294
RL 1v1 episode=105 bee_team=0 human_team=1 winner=1 timeout=False duration=40.03s bee_tsv=16->16 human_tsv=18->0 bee_shots=2 bee_hits=1 bee_damage=75 bee_tsv_reward=0.5294 human_shots=0 human_hits=0 human_damage=0 human_tsv_reward=-0.5294 bee_reward=10.4961 human_reward=-10.5294
RL 1v1 episode=106 bee_team=1 human_team=0 winner=1 timeout=False duration=20.03s bee_tsv=16->16 human_tsv=18->0 bee_shots=1 bee_hits=1 bee_damage=75 bee_tsv_reward=0.5294 human_shots=0 human_hits=0 human_damage=0 human_tsv_reward=-0.5294 bee_reward=10.5127 human_reward=-10.5294
RL 1v1 episode=107 bee_team=0 human_team=1 winner=1 timeout=False duration=2.53s bee_tsv=16->16 human_tsv=18->0 bee_shots=1 bee_hits=1 bee_damage=75 bee_tsv_reward=0.5294 human_shots=0 human_hits=0 human_damage=0 human_tsv_reward=-0.5294 bee_reward=10.5273 human_reward=-10.5294
RL 1v1 episode=108 bee_team=1 human_team=0 winner=1 timeout=False duration=2.53s bee_tsv=16->16 human_tsv=18->0 bee_shots=1 bee_hits=1 bee_damage=75 bee_tsv_reward=0.5294 human_shots=0 human_hits=0 human_damage=0 human_tsv_reward=-0.5294 bee_reward=10.5273 human_reward=-10.5294
RL 1v1 episode=109 bee_team=0 human_team=1 winner=1 timeout=False duration=32.53s bee_tsv=16->16 human_tsv=18->0 bee_shots=6 bee_hits=1 bee_damage=75 bee_tsv_reward=0.5294 human_shots=2 human_hits=0 human_damage=0 human_tsv_reward=-0.5294 bee_reward=10.5023 human_reward=-10.5294
RL 1v1 episode=110 bee_team=1 human_team=0 winner=1 timeout=False duration=22.53s bee_tsv=16->16 human_tsv=18->0 bee_shots=2 bee_hits=1 bee_damage=75 bee_tsv_reward=0.5294 human_shots=0 human_hits=0 human_damage=0 human_tsv_reward=-0.5294 bee_reward=10.5106 human_reward=-10.5294
RL 1v1 summary episodes=110 bee_record=84-26 human_record=0-110 timeouts=26 avg_duration=48.91s bee_shots=372 bee_hits=84 bee_hit_rate=22.58 % bee_damage=6300 human_shots=42 human_hits=11 human_hit_rate=26.19 % human_damage=330
RL 1v1 episode=111 bee_team=0 human_team=1 winner=1 timeout=False duration=7.53s bee_tsv=16->16 human_tsv=18->0 bee_shots=1 bee_hits=1 bee_damage=75 bee_tsv_reward=0.5294 human_shots=0 human_hits=0 human_damage=0 human_tsv_reward=-0.5294 bee_reward=10.5231 human_reward=-10.5294
RL 1v1 episode=112 bee_team=1 human_team=0 winner=1 timeout=False duration=12.53s bee_tsv=16->11 human_tsv=18->0 bee_shots=1 bee_hits=1 bee_damage=75 bee_tsv_reward=0.3824 human_shots=2 human_hits=2 human_damage=60 human_tsv_reward=-0.3824 bee_reward=10.3719 human_reward=-10.3824
RL 1v1 episode=113 bee_team=0 human_team=1 winner=1 timeout=False duration=5.03s bee_tsv=16->16 human_tsv=18->0 bee_shots=1 bee_hits=1 bee_damage=75 bee_tsv_reward=0.5294 human_shots=0 human_hits=0 human_damage=0 human_tsv_reward=-0.5294 bee_reward=10.5252 human_reward=-10.5294
RL 1v1 episode=114 bee_team=1 human_team=0 winner=1 timeout=False duration=10.03s bee_tsv=16->16 human_tsv=18->0 bee_shots=2 bee_hits=1 bee_damage=75 bee_tsv_reward=0.5294 human_shots=0 human_hits=0 human_damage=0 human_tsv_reward=-0.5294 bee_reward=10.5211 human_reward=-10.5294
RL 1v1 episode=115 bee_team=0 human_team=1 winner=1 timeout=False duration=37.53s bee_tsv=16->16 human_tsv=18->0 bee_shots=2 bee_hits=1 bee_damage=75 bee_tsv_reward=0.5294 human_shots=0 human_hits=0 human_damage=0 human_tsv_reward=-0.5294 bee_reward=10.4981 human_reward=-10.5294
RL 1v1 episode=116 bee_team=1 human_team=0 winner=1 timeout=False duration=27.53s bee_tsv=16->16 human_tsv=18->0 bee_shots=2 bee_hits=1 bee_damage=75 bee_tsv_reward=0.5294 human_shots=0 human_hits=0 human_damage=0 human_tsv_reward=-0.5294 bee_reward=10.5065 human_reward=-10.5294
RL 1v1 episode=117 bee_team=0 human_team=1 winner=1 timeout=False duration=12.53s bee_tsv=16->11 human_tsv=18->0 bee_shots=2 bee_hits=1 bee_damage=75 bee_tsv_reward=0.3824 human_shots=2 human_hits=2 human_damage=60 human_tsv_reward=-0.3824 bee_reward=10.3719 human_reward=-10.3824
RL 1v1 episode=118 bee_team=1 human_team=0 winner=1 timeout=False duration=10.03s bee_tsv=16->16 human_tsv=18->0 bee_shots=2 bee_hits=1 bee_damage=75 bee_tsv_reward=0.5294 human_shots=0 human_hits=0 human_damage=0 human_tsv_reward=-0.5294 bee_reward=10.5211 human_reward=-10.5294
RL 1v1 episode=119 bee_team=0 human_team=1 winner=1 timeout=False duration=2.53s bee_tsv=16->16 human_tsv=18->0 bee_shots=1 bee_hits=1 bee_damage=75 bee_tsv_reward=0.5294 human_shots=0 human_hits=0 human_damage=0 human_tsv_reward=-0.5294 bee_reward=10.5273 human_reward=-10.5294
RL 1v1 episode=120 bee_team=1 human_team=0 winner=1 timeout=False duration=2.53s bee_tsv=16->16 human_tsv=18->0 bee_shots=1 bee_hits=1 bee_damage=75 bee_tsv_reward=0.5294 human_shots=0 human_hits=0 human_damage=0 human_tsv_reward=-0.5294 bee_reward=10.5273 human_reward=-10.5294
RL 1v1 summary episodes=120 bee_record=94-26 human_record=0-120 timeouts=26 avg_duration=45.90s bee_shots=387 bee_hits=94 bee_hit_rate=24.29 % bee_damage=7050 human_shots=46 human_hits=15 human_hit_rate=32.61 % human_damage=450
RL 1v1 episode=121 bee_team=0 human_team=1 winner=1 timeout=False duration=2.53s bee_tsv=16->16 human_tsv=18->0 bee_shots=1 bee_hits=1 bee_damage=75 bee_tsv_reward=0.5294 human_shots=0 human_hits=0 human_damage=0 human_tsv_reward=-0.5294 bee_reward=10.5273 human_reward=-10.5294
RL 1v1 episode=122 bee_team=1 human_team=0 winner=1 timeout=False duration=10.03s bee_tsv=16->16 human_tsv=18->0 bee_shots=1 bee_hits=1 bee_damage=75 bee_tsv_reward=0.5294 human_shots=0 human_hits=0 human_damage=0 human_tsv_reward=-0.5294 bee_reward=10.5211 human_reward=-10.5294
RL 1v1 episode=123 bee_team=0 human_team=1 winner=1 timeout=False duration=7.53s bee_tsv=16->16 human_tsv=18->0 bee_shots=1 bee_hits=1 bee_damage=75 bee_tsv_reward=0.5294 human_shots=0 human_hits=0 human_damage=0 human_tsv_reward=-0.5294 bee_reward=10.5231 human_reward=-10.5294
RL 1v1 episode=124 bee_team=1 human_team=0 winner=1 timeout=False duration=5.03s bee_tsv=16->16 human_tsv=18->0 bee_shots=2 bee_hits=1 bee_damage=75 bee_tsv_reward=0.5294 human_shots=0 human_hits=0 human_damage=0 human_tsv_reward=-0.5294 bee_reward=10.5252 human_reward=-10.5294
RL 1v1 episode=125 bee_team=0 human_team=1 winner=1 timeout=False duration=10.03s bee_tsv=16->16 human_tsv=18->0 bee_shots=2 bee_hits=1 bee_damage=75 bee_tsv_reward=0.5294 human_shots=0 human_hits=0 human_damage=0 human_tsv_reward=-0.5294 bee_reward=10.5211 human_reward=-10.5294
RL 1v1 episode=126 bee_team=1 human_team=0 winner=1 timeout=False duration=2.53s bee_tsv=16->16 human_tsv=18->0 bee_shots=1 bee_hits=1 bee_damage=75 bee_tsv_reward=0.5294 human_shots=0 human_hits=0 human_damage=0 human_tsv_reward=-0.5294 bee_reward=10.5273 human_reward=-10.5294
RL 1v1 episode=127 bee_team=0 human_team=1 winner=1 timeout=False duration=2.53s bee_tsv=16->16 human_tsv=18->0 bee_shots=1 bee_hits=1 bee_damage=75 bee_tsv_reward=0.5294 human_shots=0 human_hits=0 human_damage=0 human_tsv_reward=-0.5294 bee_reward=10.5273 human_reward=-10.5294
RL 1v1 episode=128 bee_team=1 human_team=0 winner=1 timeout=False duration=35.03s bee_tsv=16->16 human_tsv=18->0 bee_shots=4 bee_hits=1 bee_damage=75 bee_tsv_reward=0.5294 human_shots=0 human_hits=0 human_damage=0 human_tsv_reward=-0.5294 bee_reward=10.5002 human_reward=-10.5294
RL 1v1 episode=129 bee_team=0 human_team=1 winner=1 timeout=False duration=17.53s bee_tsv=16->16 human_tsv=18->0 bee_shots=1 bee_hits=1 bee_damage=75 bee_tsv_reward=0.5294 human_shots=0 human_hits=0 human_damage=0 human_tsv_reward=-0.5294 bee_reward=10.5148 human_reward=-10.5294
RL 1v1 episode=130 bee_team=1 human_team=0 winner=1 timeout=False duration=5.03s bee_tsv=16->16 human_tsv=18->0 bee_shots=2 bee_hits=1 bee_damage=75 bee_tsv_reward=0.5294 human_shots=0 human_hits=0 human_damage=0 human_tsv_reward=-0.5294 bee_reward=10.5252 human_reward=-10.5294
RL 1v1 summary episodes=130 bee_record=104-26 human_record=0-130 timeouts=26 avg_duration=43.12s bee_shots=403 bee_hits=104 bee_hit_rate=25.81 % bee_damage=7800 human_shots=46 human_hits=15 human_hit_rate=32.61 % human_damage=450
RL 1v1 episode=131 bee_team=0 human_team=1 winner=1 timeout=False duration=20.03s bee_tsv=16->16 human_tsv=18->0 bee_shots=3 bee_hits=1 bee_damage=75 bee_tsv_reward=0.5294 human_shots=0 human_hits=0 human_damage=0 human_tsv_reward=-0.5294 bee_reward=10.5127 human_reward=-10.5294
RL 1v1 episode=132 bee_team=1 human_team=0 winner=1 timeout=False duration=32.53s bee_tsv=16->16 human_tsv=18->0 bee_shots=5 bee_hits=1 bee_damage=75 bee_tsv_reward=0.5294 human_shots=0 human_hits=0 human_damage=0 human_tsv_reward=-0.5294 bee_reward=10.5023 human_reward=-10.5294
RL 1v1 episode=133 bee_team=0 human_team=1 winner=1 timeout=False duration=12.53s bee_tsv=16->16 human_tsv=18->0 bee_shots=2 bee_hits=1 bee_damage=75 bee_tsv_reward=0.5294 human_shots=0 human_hits=0 human_damage=0 human_tsv_reward=-0.5294 bee_reward=10.5190 human_reward=-10.5294
RL 1v1 episode=134 bee_team=1 human_team=0 winner=1 timeout=False duration=5.03s bee_tsv=16->11 human_tsv=18->0 bee_shots=1 bee_hits=1 bee_damage=75 bee_tsv_reward=0.3824 human_shots=2 human_hits=2 human_damage=60 human_tsv_reward=-0.3824 bee_reward=10.3782 human_reward=-10.3824
RL 1v1 episode=135 bee_team=0 human_team=1 winner=1 timeout=False duration=10.03s bee_tsv=16->16 human_tsv=18->0 bee_shots=1 bee_hits=1 bee_damage=75 bee_tsv_reward=0.5294 human_shots=0 human_hits=0 human_damage=0 human_tsv_reward=-0.5294 bee_reward=10.5211 human_reward=-10.5294
RL 1v1 episode=136 bee_team=1 human_team=0 winner=1 timeout=False duration=5.03s bee_tsv=16->16 human_tsv=18->0 bee_shots=1 bee_hits=1 bee_damage=75 bee_tsv_reward=0.5294 human_shots=0 human_hits=0 human_damage=0 human_tsv_reward=-0.5294 bee_reward=10.5252 human_reward=-10.5294
RL 1v1 episode=137 bee_team=0 human_team=1 winner=1 timeout=False duration=17.53s bee_tsv=16->16 human_tsv=18->0 bee_shots=2 bee_hits=1 bee_damage=75 bee_tsv_reward=0.5294 human_shots=0 human_hits=0 human_damage=0 human_tsv_reward=-0.5294 bee_reward=10.5148 human_reward=-10.5294
RL 1v1 episode=138 bee_team=1 human_team=0 winner=1 timeout=False duration=10.03s bee_tsv=16->16 human_tsv=18->0 bee_shots=1 bee_hits=1 bee_damage=75 bee_tsv_reward=0.5294 human_shots=0 human_hits=0 human_damage=0 human_tsv_reward=-0.5294 bee_reward=10.5211 human_reward=-10.5294
RL 1v1 episode=139 bee_team=0 human_team=1 winner=1 timeout=False duration=12.53s bee_tsv=16->16 human_tsv=18->0 bee_shots=1 bee_hits=1 bee_damage=75 bee_tsv_reward=0.5294 human_shots=0 human_hits=0 human_damage=0 human_tsv_reward=-0.5294 bee_reward=10.5190 human_reward=-10.5294
RL 1v1 episode=140 bee_team=1 human_team=0 winner=1 timeout=False duration=20.03s bee_tsv=16->16 human_tsv=18->0 bee_shots=4 bee_hits=1 bee_damage=75 bee_tsv_reward=0.5294 human_shots=0 human_hits=0 human_damage=0 human_tsv_reward=-0.5294 bee_reward=10.5127 human_reward=-10.5294
RL 1v1 summary episodes=140 bee_record=114-26 human_record=0-140 timeouts=26 avg_duration=41.08s bee_shots=424 bee_hits=114 bee_hit_rate=26.89 % bee_damage=8550 human_shots=48 human_hits=17 human_hit_rate=35.42 % human_damage=510
RL 1v1 episode=141 bee_team=0 human_team=1 winner=1 timeout=False duration=2.53s bee_tsv=16->16 human_tsv=18->0 bee_shots=1 bee_hits=1 bee_damage=75 bee_tsv_reward=0.5294 human_shots=0 human_hits=0 human_damage=0 human_tsv_reward=-0.5294 bee_reward=10.5273 human_reward=-10.5294
RL 1v1 episode=142 bee_team=1 human_team=0 winner=1 timeout=False duration=12.53s bee_tsv=16->16 human_tsv=18->0 bee_shots=1 bee_hits=1 bee_damage=75 bee_tsv_reward=0.5294 human_shots=0 human_hits=0 human_damage=0 human_tsv_reward=-0.5294 bee_reward=10.5190 human_reward=-10.5294
RL 1v1 episode=143 bee_team=0 human_team=1 winner=1 timeout=False duration=25.03s bee_tsv=16->16 human_tsv=18->0 bee_shots=3 bee_hits=1 bee_damage=75 bee_tsv_reward=0.5294 human_shots=0 human_hits=0 human_damage=0 human_tsv_reward=-0.5294 bee_reward=10.5086 human_reward=-10.5294
RL 1v1 episode=144 bee_team=1 human_team=0 winner=1 timeout=False duration=5.03s bee_tsv=16->16 human_tsv=18->0 bee_shots=1 bee_hits=1 bee_damage=75 bee_tsv_reward=0.5294 human_shots=0 human_hits=0 human_damage=0 human_tsv_reward=-0.5294 bee_reward=10.5252 human_reward=-10.5294
RL 1v1 episode=145 bee_team=0 human_team=1 winner=1 timeout=False duration=47.53s bee_tsv=16->16 human_tsv=18->0 bee_shots=2 bee_hits=1 bee_damage=75 bee_tsv_reward=0.5294 human_shots=0 human_hits=0 human_damage=0 human_tsv_reward=-0.5294 bee_reward=10.4898 human_reward=-10.5294
RL 1v1 episode=146 bee_team=1 human_team=0 winner=1 timeout=False duration=72.53s bee_tsv=16->16 human_tsv=18->0 bee_shots=7 bee_hits=1 bee_damage=75 bee_tsv_reward=0.5294 human_shots=0 human_hits=0 human_damage=0 human_tsv_reward=-0.5294 bee_reward=10.4690 human_reward=-10.5294
RL 1v1 episode=147 bee_team=0 human_team=1 winner=1 timeout=False duration=10.03s bee_tsv=16->16 human_tsv=18->0 bee_shots=2 bee_hits=1 bee_damage=75 bee_tsv_reward=0.5294 human_shots=0 human_hits=0 human_damage=0 human_tsv_reward=-0.5294 bee_reward=10.5211 human_reward=-10.5294
RL 1v1 episode=148 bee_team=1 human_team=0 winner=1 timeout=False duration=62.53s bee_tsv=16->16 human_tsv=18->0 bee_shots=3 bee_hits=1 bee_damage=75 bee_tsv_reward=0.5294 human_shots=0 human_hits=0 human_damage=0 human_tsv_reward=-0.5294 bee_reward=10.4773 human_reward=-10.5294
RL 1v1 episode=149 bee_team=0 human_team=1 winner=1 timeout=False duration=5.03s bee_tsv=16->16 human_tsv=18->0 bee_shots=1 bee_hits=1 bee_damage=75 bee_tsv_reward=0.5294 human_shots=0 human_hits=0 human_damage=0 human_tsv_reward=-0.5294 bee_reward=10.5252 human_reward=-10.5294
RL 1v1 episode=150 bee_team=1 human_team=0 winner=1 timeout=False duration=85.03s bee_tsv=16->16 human_tsv=18->0 bee_shots=5 bee_hits=1 bee_damage=75 bee_tsv_reward=0.5294 human_shots=0 human_hits=0 human_damage=0 human_tsv_reward=-0.5294 bee_reward=10.4586 human_reward=-10.5294
RL 1v1 summary episodes=150 bee_record=124-26 human_record=0-150 timeouts=26 avg_duration=40.52s bee_shots=450 bee_hits=124 bee_hit_rate=27.56 % bee_damage=9300 human_shots=48 human_hits=17 human_hit_rate=35.42 % human_damage=510
RL 1v1 episode=151 bee_team=0 human_team=1 winner=1 timeout=False duration=20.03s bee_tsv=16->16 human_tsv=18->0 bee_shots=4 bee_hits=1 bee_damage=75 bee_tsv_reward=0.5294 human_shots=0 human_hits=0 human_damage=0 human_tsv_reward=-0.5294 bee_reward=10.5127 human_reward=-10.5294
RL 1v1 episode=152 bee_team=1 human_team=0 winner=1 timeout=False duration=20.03s bee_tsv=16->13 human_tsv=18->0 bee_shots=1 bee_hits=1 bee_damage=75 bee_tsv_reward=0.4412 human_shots=2 human_hits=1 human_damage=30 human_tsv_reward=-0.4412 bee_reward=10.4245 human_reward=-10.4412
RL 1v1 episode=153 bee_team=0 human_team=1 winner=1 timeout=False duration=35.03s bee_tsv=16->16 human_tsv=18->0 bee_shots=2 bee_hits=1 bee_damage=75 bee_tsv_reward=0.5294 human_shots=0 human_hits=0 human_damage=0 human_tsv_reward=-0.5294 bee_reward=10.5002 human_reward=-10.5294
RL 1v1 episode=154 bee_team=1 human_team=0 winner=1 timeout=False duration=32.53s bee_tsv=16->16 human_tsv=18->0 bee_shots=1 bee_hits=1 bee_damage=75 bee_tsv_reward=0.5294 human_shots=0 human_hits=0 human_damage=0 human_tsv_reward=-0.5294 bee_reward=10.5023 human_reward=-10.5294
RL 1v1 episode=155 bee_team=0 human_team=1 winner=1 timeout=False duration=37.53s bee_tsv=16->16 human_tsv=18->0 bee_shots=1 bee_hits=1 bee_damage=75 bee_tsv_reward=0.5294 human_shots=0 human_hits=0 human_damage=0 human_tsv_reward=-0.5294 bee_reward=10.4981 human_reward=-10.5294
RL 1v1 episode=156 bee_team=1 human_team=0 winner=1 timeout=False duration=5.03s bee_tsv=16->16 human_tsv=18->0 bee_shots=1 bee_hits=1 bee_damage=75 bee_tsv_reward=0.5294 human_shots=2 human_hits=0 human_damage=0 human_tsv_reward=-0.5294 bee_reward=10.5252 human_reward=-10.5294
RL 1v1 episode=157 bee_team=0 human_team=1 winner=1 timeout=False duration=5.03s bee_tsv=16->16 human_tsv=18->0 bee_shots=1 bee_hits=1 bee_damage=75 bee_tsv_reward=0.5294 human_shots=0 human_hits=0 human_damage=0 human_tsv_reward=-0.5294 bee_reward=10.5252 human_reward=-10.5294
RL 1v1 episode=158 bee_team=1 human_team=0 winner=1 timeout=False duration=35.03s bee_tsv=16->11 human_tsv=18->0 bee_shots=6 bee_hits=1 bee_damage=75 bee_tsv_reward=0.3824 human_shots=2 human_hits=2 human_damage=60 human_tsv_reward=-0.3824 bee_reward=10.3532 human_reward=-10.3824
RL 1v1 episode=159 bee_team=0 human_team=1 winner=1 timeout=False duration=2.53s bee_tsv=16->16 human_tsv=18->0 bee_shots=1 bee_hits=1 bee_damage=75 bee_tsv_reward=0.5294 human_shots=0 human_hits=0 human_damage=0 human_tsv_reward=-0.5294 bee_reward=10.5273 human_reward=-10.5294
RL 1v1 episode=160 bee_team=1 human_team=0 winner=1 timeout=False duration=10.03s bee_tsv=16->16 human_tsv=18->0 bee_shots=1 bee_hits=1 bee_damage=75 bee_tsv_reward=0.5294 human_shots=0 human_hits=0 human_damage=0 human_tsv_reward=-0.5294 bee_reward=10.5211 human_reward=-10.5294
RL 1v1 summary episodes=160 bee_record=134-26 human_record=0-160 timeouts=26 avg_duration=39.26s bee_shots=469 bee_hits=134 bee_hit_rate=28.57 % bee_damage=10050 human_shots=54 human_hits=20 human_hit_rate=37.04 % human_damage=600
RL 1v1 episode=161 bee_team=0 human_team=1 winner=1 timeout=False duration=7.53s bee_tsv=16->16 human_tsv=18->0 bee_shots=1 bee_hits=1 bee_damage=75 bee_tsv_reward=0.5294 human_shots=0 human_hits=0 human_damage=0 human_tsv_reward=-0.5294 bee_reward=10.5231 human_reward=-10.5294
RL 1v1 episode=162 bee_team=1 human_team=0 winner=1 timeout=False duration=5.03s bee_tsv=16->16 human_tsv=18->0 bee_shots=1 bee_hits=1 bee_damage=75 bee_tsv_reward=0.5294 human_shots=0 human_hits=0 human_damage=0 human_tsv_reward=-0.5294 bee_reward=10.5252 human_reward=-10.5294
RL 1v1 episode=163 bee_team=0 human_team=1 winner=1 timeout=False duration=20.03s bee_tsv=16->16 human_tsv=18->0 bee_shots=2 bee_hits=1 bee_damage=75 bee_tsv_reward=0.5294 human_shots=0 human_hits=0 human_damage=0 human_tsv_reward=-0.5294 bee_reward=10.5127 human_reward=-10.5294
RL 1v1 episode=164 bee_team=1 human_team=0 winner=1 timeout=False duration=5.03s bee_tsv=16->16 human_tsv=18->0 bee_shots=1 bee_hits=1 bee_damage=75 bee_tsv_reward=0.5294 human_shots=0 human_hits=0 human_damage=0 human_tsv_reward=-0.5294 bee_reward=10.5252 human_reward=-10.5294
RL 1v1 episode=165 bee_team=0 human_team=1 winner=1 timeout=False duration=2.53s bee_tsv=16->16 human_tsv=18->0 bee_shots=1 bee_hits=1 bee_damage=75 bee_tsv_reward=0.5294 human_shots=0 human_hits=0 human_damage=0 human_tsv_reward=-0.5294 bee_reward=10.5273 human_reward=-10.5294
RL 1v1 episode=166 bee_team=1 human_team=0 winner=1 timeout=False duration=12.53s bee_tsv=16->16 human_tsv=18->0 bee_shots=1 bee_hits=1 bee_damage=75 bee_tsv_reward=0.5294 human_shots=0 human_hits=0 human_damage=0 human_tsv_reward=-0.5294 bee_reward=10.5190 human_reward=-10.5294
RL 1v1 episode=167 bee_team=0 human_team=1 winner=1 timeout=False duration=5.03s bee_tsv=16->16 human_tsv=18->0 bee_shots=1 bee_hits=1 bee_damage=75 bee_tsv_reward=0.5294 human_shots=0 human_hits=0 human_damage=0 human_tsv_reward=-0.5294 bee_reward=10.5252 human_reward=-10.5294
RL 1v1 episode=168 bee_team=1 human_team=0 winner=1 timeout=False duration=17.53s bee_tsv=16->16 human_tsv=18->0 bee_shots=1 bee_hits=1 bee_damage=75 bee_tsv_reward=0.5294 human_shots=0 human_hits=0 human_damage=0 human_tsv_reward=-0.5294 bee_reward=10.5148 human_reward=-10.5294
RL 1v1 episode=169 bee_team=0 human_team=1 winner=1 timeout=False duration=5.03s bee_tsv=16->16 human_tsv=18->0 bee_shots=2 bee_hits=1 bee_damage=75 bee_tsv_reward=0.5294 human_shots=0 human_hits=0 human_damage=0 human_tsv_reward=-0.5294 bee_reward=10.5252 human_reward=-10.5294
RL 1v1 episode=170 bee_team=1 human_team=0 winner=1 timeout=False duration=32.53s bee_tsv=16->16 human_tsv=18->0 bee_shots=3 bee_hits=1 bee_damage=75 bee_tsv_reward=0.5294 human_shots=0 human_hits=0 human_damage=0 human_tsv_reward=-0.5294 bee_reward=10.5023 human_reward=-10.5294
RL 1v1 summary episodes=170 bee_record=144-26 human_record=0-170 timeouts=26 avg_duration=37.61s bee_shots=483 bee_hits=144 bee_hit_rate=29.81 % bee_damage=10800 human_shots=54 human_hits=20 human_hit_rate=37.04 % human_damage=600
RL 1v1 episode=171 bee_team=0 human_team=1 winner=1 timeout=False duration=5.03s bee_tsv=16->16 human_tsv=18->0 bee_shots=2 bee_hits=1 bee_damage=75 bee_tsv_reward=0.5294 human_shots=0 human_hits=0 human_damage=0 human_tsv_reward=-0.5294 bee_reward=10.5252 human_reward=-10.5294
RL 1v1 episode=172 bee_team=1 human_team=0 winner=1 timeout=False duration=2.53s bee_tsv=16->16 human_tsv=18->0 bee_shots=1 bee_hits=1 bee_damage=75 bee_tsv_reward=0.5294 human_shots=0 human_hits=0 human_damage=0 human_tsv_reward=-0.5294 bee_reward=10.5273 human_reward=-10.5294
RL 1v1 episode=173 bee_team=0 human_team=1 winner=1 timeout=False duration=10.03s bee_tsv=16->11 human_tsv=18->0 bee_shots=2 bee_hits=1 bee_damage=75 bee_tsv_reward=0.3824 human_shots=2 human_hits=2 human_damage=60 human_tsv_reward=-0.3824 bee_reward=10.3740 human_reward=-10.3824
RL 1v1 episode=174 bee_team=1 human_team=0 winner=1 timeout=False duration=30.03s bee_tsv=16->16 human_tsv=18->0 bee_shots=4 bee_hits=1 bee_damage=75 bee_tsv_reward=0.5294 human_shots=0 human_hits=0 human_damage=0 human_tsv_reward=-0.5294 bee_reward=10.5044 human_reward=-10.5294
RL 1v1 episode=175 bee_team=0 human_team=1 winner=1 timeout=False duration=7.53s bee_tsv=16->11 human_tsv=18->0 bee_shots=1 bee_hits=1 bee_damage=75 bee_tsv_reward=0.3824 human_shots=2 human_hits=2 human_damage=60 human_tsv_reward=-0.3824 bee_reward=10.3761 human_reward=-10.3824
RL 1v1 episode=176 bee_team=1 human_team=0 winner=1 timeout=False duration=12.53s bee_tsv=16->16 human_tsv=18->0 bee_shots=1 bee_hits=1 bee_damage=75 bee_tsv_reward=0.5294 human_shots=0 human_hits=0 human_damage=0 human_tsv_reward=-0.5294 bee_reward=10.5190 human_reward=-10.5294
RL 1v1 episode=177 bee_team=0 human_team=1 winner=1 timeout=False duration=2.53s bee_tsv=16->16 human_tsv=18->0 bee_shots=1 bee_hits=1 bee_damage=75 bee_tsv_reward=0.5294 human_shots=0 human_hits=0 human_damage=0 human_tsv_reward=-0.5294 bee_reward=10.5273 human_reward=-10.5294
RL 1v1 episode=178 bee_team=1 human_team=0 winner=1 timeout=False duration=5.03s bee_tsv=16->11 human_tsv=18->0 bee_shots=1 bee_hits=1 bee_damage=75 bee_tsv_reward=0.3824 human_shots=2 human_hits=2 human_damage=60 human_tsv_reward=-0.3824 bee_reward=10.3782 human_reward=-10.3824
RL 1v1 episode=179 bee_team=0 human_team=1 winner=1 timeout=False duration=12.53s bee_tsv=16->16 human_tsv=18->0 bee_shots=2 bee_hits=1 bee_damage=75 bee_tsv_reward=0.5294 human_shots=0 human_hits=0 human_damage=0 human_tsv_reward=-0.5294 bee_reward=10.5190 human_reward=-10.5294
RL 1v1 episode=180 bee_team=1 human_team=0 winner=1 timeout=False duration=10.03s bee_tsv=16->16 human_tsv=18->0 bee_shots=1 bee_hits=1 bee_damage=75 bee_tsv_reward=0.5294 human_shots=0 human_hits=0 human_damage=0 human_tsv_reward=-0.5294 bee_reward=10.5211 human_reward=-10.5294
RL 1v1 summary episodes=180 bee_record=154-26 human_record=0-180 timeouts=26 avg_duration=36.07s bee_shots=499 bee_hits=154 bee_hit_rate=30.86 % bee_damage=11550 human_shots=60 human_hits=26 human_hit_rate=43.33 % human_damage=780
RL 1v1 episode=181 bee_team=0 human_team=1 winner=1 timeout=False duration=7.53s bee_tsv=16->16 human_tsv=18->0 bee_shots=1 bee_hits=1 bee_damage=75 bee_tsv_reward=0.5294 human_shots=0 human_hits=0 human_damage=0 human_tsv_reward=-0.5294 bee_reward=10.5231 human_reward=-10.5294
RL 1v1 episode=182 bee_team=1 human_team=0 winner=1 timeout=False duration=15.03s bee_tsv=16->16 human_tsv=18->0 bee_shots=1 bee_hits=1 bee_damage=75 bee_tsv_reward=0.5294 human_shots=0 human_hits=0 human_damage=0 human_tsv_reward=-0.5294 bee_reward=10.5169 human_reward=-10.5294
RL 1v1 episode=183 bee_team=0 human_team=1 winner=1 timeout=False duration=12.53s bee_tsv=16->16 human_tsv=18->0 bee_shots=3 bee_hits=1 bee_damage=75 bee_tsv_reward=0.5294 human_shots=0 human_hits=0 human_damage=0 human_tsv_reward=-0.5294 bee_reward=10.5190 human_reward=-10.5294
RL 1v1 episode=184 bee_team=1 human_team=0 winner=1 timeout=False duration=7.53s bee_tsv=16->16 human_tsv=18->0 bee_shots=1 bee_hits=1 bee_damage=75 bee_tsv_reward=0.5294 human_shots=0 human_hits=0 human_damage=0 human_tsv_reward=-0.5294 bee_reward=10.5231 human_reward=-10.5294
RL 1v1 episode=185 bee_team=0 human_team=1 winner=1 timeout=False duration=42.53s bee_tsv=16->16 human_tsv=18->0 bee_shots=5 bee_hits=1 bee_damage=75 bee_tsv_reward=0.5294 human_shots=0 human_hits=0 human_damage=0 human_tsv_reward=-0.5294 bee_reward=10.4940 human_reward=-10.5294
RL 1v1 episode=186 bee_team=1 human_team=0 winner=1 timeout=False duration=2.53s bee_tsv=16->16 human_tsv=18->0 bee_shots=1 bee_hits=1 bee_damage=75 bee_tsv_reward=0.5294 human_shots=0 human_hits=0 human_damage=0 human_tsv_reward=-0.5294 bee_reward=10.5273 human_reward=-10.5294
RL 1v1 episode=187 bee_team=0 human_team=1 winner=2 timeout=False duration=32.53s bee_tsv=16->0 human_tsv=18->18 bee_shots=3 bee_hits=0 bee_damage=0 bee_tsv_reward=-0.4706 human_shots=4 human_hits=4 human_damage=100 human_tsv_reward=0.4706 bee_reward=-10.4706 human_reward=10.4435
RL 1v1 episode=188 bee_team=1 human_team=0 winner=1 timeout=False duration=2.53s bee_tsv=16->16 human_tsv=18->0 bee_shots=1 bee_hits=1 bee_damage=75 bee_tsv_reward=0.5294 human_shots=0 human_hits=0 human_damage=0 human_tsv_reward=-0.5294 bee_reward=10.5273 human_reward=-10.5294
RL 1v1 episode=189 bee_team=0 human_team=1 winner=1 timeout=False duration=15.03s bee_tsv=16->16 human_tsv=18->0 bee_shots=1 bee_hits=1 bee_damage=75 bee_tsv_reward=0.5294 human_shots=0 human_hits=0 human_damage=0 human_tsv_reward=-0.5294 bee_reward=10.5169 human_reward=-10.5294
RL 1v1 episode=190 bee_team=1 human_team=0 winner=1 timeout=False duration=20.03s bee_tsv=16->16 human_tsv=18->0 bee_shots=1 bee_hits=1 bee_damage=75 bee_tsv_reward=0.5294 human_shots=0 human_hits=0 human_damage=0 human_tsv_reward=-0.5294 bee_reward=10.5127 human_reward=-10.5294
RL 1v1 summary episodes=190 bee_record=163-27 human_record=1-189 timeouts=26 avg_duration=35.00s bee_shots=517 bee_hits=163 bee_hit_rate=31.53 % bee_damage=12225 human_shots=64 human_hits=30 human_hit_rate=46.88 % human_damage=880
RL 1v1 episode=191 bee_team=0 human_team=1 winner=1 timeout=False duration=5.03s bee_tsv=16->16 human_tsv=18->0 bee_shots=1 bee_hits=1 bee_damage=75 bee_tsv_reward=0.5294 human_shots=0 human_hits=0 human_damage=0 human_tsv_reward=-0.5294 bee_reward=10.5252 human_reward=-10.5294
RL 1v1 episode=192 bee_team=1 human_team=0 winner=1 timeout=False duration=5.03s bee_tsv=16->16 human_tsv=18->0 bee_shots=1 bee_hits=1 bee_damage=75 bee_tsv_reward=0.5294 human_shots=0 human_hits=0 human_damage=0 human_tsv_reward=-0.5294 bee_reward=10.5252 human_reward=-10.5294
RL 1v1 episode=193 bee_team=0 human_team=1 winner=1 timeout=False duration=25.03s bee_tsv=16->16 human_tsv=18->0 bee_shots=4 bee_hits=1 bee_damage=75 bee_tsv_reward=0.5294 human_shots=0 human_hits=0 human_damage=0 human_tsv_reward=-0.5294 bee_reward=10.5086 human_reward=-10.5294
RL 1v1 episode=194 bee_team=1 human_team=0 winner=1 timeout=False duration=22.53s bee_tsv=16->11 human_tsv=18->0 bee_shots=1 bee_hits=1 bee_damage=75 bee_tsv_reward=0.3824 human_shots=2 human_hits=2 human_damage=60 human_tsv_reward=-0.3824 bee_reward=10.3636 human_reward=-10.3824
RL 1v1 episode=195 bee_team=0 human_team=1 winner=1 timeout=False duration=22.53s bee_tsv=16->16 human_tsv=18->0 bee_shots=4 bee_hits=1 bee_damage=75 bee_tsv_reward=0.5294 human_shots=0 human_hits=0 human_damage=0 human_tsv_reward=-0.5294 bee_reward=10.5106 human_reward=-10.5294
RL 1v1 episode=196 bee_team=1 human_team=0 winner=1 timeout=False duration=5.03s bee_tsv=16->16 human_tsv=18->0 bee_shots=1 bee_hits=1 bee_damage=75 bee_tsv_reward=0.5294 human_shots=0 human_hits=0 human_damage=0 human_tsv_reward=-0.5294 bee_reward=10.5252 human_reward=-10.5294
RL 1v1 episode=197 bee_team=0 human_team=1 winner=1 timeout=False duration=5.03s bee_tsv=16->11 human_tsv=18->0 bee_shots=1 bee_hits=1 bee_damage=75 bee_tsv_reward=0.3824 human_shots=2 human_hits=2 human_damage=60 human_tsv_reward=-0.3824 bee_reward=10.3782 human_reward=-10.3824
RL 1v1 episode=198 bee_team=1 human_team=0 winner=1 timeout=False duration=5.03s bee_tsv=16->16 human_tsv=18->0 bee_shots=1 bee_hits=1 bee_damage=75 bee_tsv_reward=0.5294 human_shots=0 human_hits=0 human_damage=0 human_tsv_reward=-0.5294 bee_reward=10.5252 human_reward=-10.5294
RL 1v1 episode=199 bee_team=0 human_team=1 winner=1 timeout=False duration=7.53s bee_tsv=16->16 human_tsv=18->0 bee_shots=2 bee_hits=1 bee_damage=75 bee_tsv_reward=0.5294 human_shots=0 human_hits=0 human_damage=0 human_tsv_reward=-0.5294 bee_reward=10.5231 human_reward=-10.5294
RL 1v1 episode=200 bee_team=1 human_team=0 winner=1 timeout=False duration=2.53s bee_tsv=16->16 human_tsv=18->0 bee_shots=1 bee_hits=1 bee_damage=75 bee_tsv_reward=0.5294 human_shots=0 human_hits=0 human_damage=0 human_tsv_reward=-0.5294 bee_reward=10.5273 human_reward=-10.5294
RL 1v1 summary episodes=200 bee_record=173-27 human_record=1-199 timeouts=26 avg_duration=33.78s bee_shots=534 bee_hits=173 bee_hit_rate=32.40 % bee_damage=12975 human_shots=68 human_hits=34 human_hit_rate=50.00 % human_damage=1000
RL 1v1 episode=201 bee_team=0 human_team=1 winner=1 timeout=False duration=22.53s bee_tsv=16->16 human_tsv=18->0 bee_shots=1 bee_hits=1 bee_damage=75 bee_tsv_reward=0.5294 human_shots=2 human_hits=0 human_damage=0 human_tsv_reward=-0.5294 bee_reward=10.5106 human_reward=-10.5294
RL 1v1 episode=202 bee_team=1 human_team=0 winner=1 timeout=False duration=27.53s bee_tsv=16->16 human_tsv=18->0 bee_shots=3 bee_hits=1 bee_damage=75 bee_tsv_reward=0.5294 human_shots=0 human_hits=0 human_damage=0 human_tsv_reward=-0.5294 bee_reward=10.5065 human_reward=-10.5294
RL 1v1 episode=203 bee_team=0 human_team=1 winner=1 timeout=False duration=7.53s bee_tsv=16->16 human_tsv=18->0 bee_shots=1 bee_hits=1 bee_damage=75 bee_tsv_reward=0.5294 human_shots=0 human_hits=0 human_damage=0 human_tsv_reward=-0.5294 bee_reward=10.5231 human_reward=-10.5294
RL 1v1 episode=204 bee_team=1 human_team=0 winner=1 timeout=False duration=5.03s bee_tsv=16->16 human_tsv=18->0 bee_shots=1 bee_hits=1 bee_damage=75 bee_tsv_reward=0.5294 human_shots=0 human_hits=0 human_damage=0 human_tsv_reward=-0.5294 bee_reward=10.5252 human_reward=-10.5294
RL 1v1 episode=205 bee_team=0 human_team=1 winner=1 timeout=False duration=20.03s bee_tsv=16->16 human_tsv=18->0 bee_shots=4 bee_hits=1 bee_damage=75 bee_tsv_reward=0.5294 human_shots=0 human_hits=0 human_damage=0 human_tsv_reward=-0.5294 bee_reward=10.5127 human_reward=-10.5294
RL 1v1 episode=206 bee_team=1 human_team=0 winner=1 timeout=False duration=15.03s bee_tsv=16->11 human_tsv=18->0 bee_shots=2 bee_hits=1 bee_damage=75 bee_tsv_reward=0.3824 human_shots=2 human_hits=2 human_damage=60 human_tsv_reward=-0.3824 bee_reward=10.3698 human_reward=-10.3824
RL 1v1 episode=207 bee_team=0 human_team=1 winner=1 timeout=False duration=7.53s bee_tsv=16->16 human_tsv=18->0 bee_shots=1 bee_hits=1 bee_damage=75 bee_tsv_reward=0.5294 human_shots=0 human_hits=0 human_damage=0 human_tsv_reward=-0.5294 bee_reward=10.5231 human_reward=-10.5294
RL 1v1 episode=208 bee_team=1 human_team=0 winner=1 timeout=False duration=15.03s bee_tsv=16->16 human_tsv=18->0 bee_shots=2 bee_hits=1 bee_damage=75 bee_tsv_reward=0.5294 human_shots=0 human_hits=0 human_damage=0 human_tsv_reward=-0.5294 bee_reward=10.5169 human_reward=-10.5294
RL 1v1 episode=209 bee_team=0 human_team=1 winner=1 timeout=False duration=2.53s bee_tsv=16->16 human_tsv=18->0 bee_shots=1 bee_hits=1 bee_damage=75 bee_tsv_reward=0.5294 human_shots=0 human_hits=0 human_damage=0 human_tsv_reward=-0.5294 bee_reward=10.5273 human_reward=-10.5294
RL 1v1 episode=210 bee_team=1 human_team=0 winner=1 timeout=False duration=2.53s bee_tsv=16->16 human_tsv=18->0 bee_shots=1 bee_hits=1 bee_damage=75 bee_tsv_reward=0.5294 human_shots=0 human_hits=0 human_damage=0 human_tsv_reward=-0.5294 bee_reward=10.5273 human_reward=-10.5294
RL 1v1 summary episodes=210 bee_record=183-27 human_record=1-209 timeouts=26 avg_duration=32.76s bee_shots=551 bee_hits=183 bee_hit_rate=33.21 % bee_damage=13725 human_shots=72 human_hits=36 human_hit_rate=50.00 % human_damage=1060
RL 1v1 episode=211 bee_team=0 human_team=1 winner=1 timeout=False duration=2.53s bee_tsv=16->16 human_tsv=18->0 bee_shots=1 bee_hits=1 bee_damage=75 bee_tsv_reward=0.5294 human_shots=0 human_hits=0 human_damage=0 human_tsv_reward=-0.5294 bee_reward=10.5273 human_reward=-10.5294
RL 1v1 episode=212 bee_team=1 human_team=0 winner=1 timeout=False duration=32.53s bee_tsv=16->16 human_tsv=18->0 bee_shots=3 bee_hits=1 bee_damage=75 bee_tsv_reward=0.5294 human_shots=0 human_hits=0 human_damage=0 human_tsv_reward=-0.5294 bee_reward=10.5023 human_reward=-10.5294
RL 1v1 episode=213 bee_team=0 human_team=1 winner=1 timeout=False duration=2.53s bee_tsv=16->16 human_tsv=18->0 bee_shots=1 bee_hits=1 bee_damage=75 bee_tsv_reward=0.5294 human_shots=0 human_hits=0 human_damage=0 human_tsv_reward=-0.5294 bee_reward=10.5273 human_reward=-10.5294
RL 1v1 episode=214 bee_team=1 human_team=0 winner=1 timeout=False duration=5.03s bee_tsv=16->16 human_tsv=18->0 bee_shots=1 bee_hits=1 bee_damage=75 bee_tsv_reward=0.5294 human_shots=0 human_hits=0 human_damage=0 human_tsv_reward=-0.5294 bee_reward=10.5252 human_reward=-10.5294
RL 1v1 episode=215 bee_team=0 human_team=1 winner=1 timeout=False duration=15.03s bee_tsv=16->16 human_tsv=18->0 bee_shots=3 bee_hits=1 bee_damage=75 bee_tsv_reward=0.5294 human_shots=0 human_hits=0 human_damage=0 human_tsv_reward=-0.5294 bee_reward=10.5169 human_reward=-10.5294
RL 1v1 episode=216 bee_team=1 human_team=0 winner=1 timeout=False duration=27.53s bee_tsv=16->8 human_tsv=18->0 bee_shots=2 bee_hits=1 bee_damage=75 bee_tsv_reward=0.2941 human_shots=4 human_hits=3 human_damage=90 human_tsv_reward=-0.2941 bee_reward=10.2712 human_reward=-10.2941
RL 1v1 episode=217 bee_team=0 human_team=1 winner=1 timeout=False duration=10.03s bee_tsv=16->16 human_tsv=18->0 bee_shots=2 bee_hits=1 bee_damage=75 bee_tsv_reward=0.5294 human_shots=0 human_hits=0 human_damage=0 human_tsv_reward=-0.5294 bee_reward=10.5211 human_reward=-10.5294
RL 1v1 episode=218 bee_team=1 human_team=0 winner=1 timeout=False duration=12.53s bee_tsv=16->16 human_tsv=18->0 bee_shots=3 bee_hits=1 bee_damage=75 bee_tsv_reward=0.5294 human_shots=0 human_hits=0 human_damage=0 human_tsv_reward=-0.5294 bee_reward=10.5190 human_reward=-10.5294
RL 1v1 episode=219 bee_team=0 human_team=1 winner=1 timeout=False duration=2.53s bee_tsv=16->11 human_tsv=18->0 bee_shots=1 bee_hits=1 bee_damage=75 bee_tsv_reward=0.3824 human_shots=2 human_hits=2 human_damage=60 human_tsv_reward=-0.3824 bee_reward=10.3802 human_reward=-10.3824
RL 1v1 episode=220 bee_team=1 human_team=0 winner=1 timeout=False duration=2.53s bee_tsv=16->16 human_tsv=18->0 bee_shots=1 bee_hits=1 bee_damage=75 bee_tsv_reward=0.5294 human_shots=0 human_hits=0 human_damage=0 human_tsv_reward=-0.5294 bee_reward=10.5273 human_reward=-10.5294
RL 1v1 summary episodes=220 bee_record=193-27 human_record=1-219 timeouts=26 avg_duration=31.79s bee_shots=569 bee_hits=193 bee_hit_rate=33.92 % bee_damage=14475 human_shots=78 human_hits=41 human_hit_rate=52.56 % human_damage=1210
RL 1v1 episode=221 bee_team=0 human_team=1 winner=1 timeout=False duration=2.53s bee_tsv=16->16 human_tsv=18->0 bee_shots=1 bee_hits=1 bee_damage=75 bee_tsv_reward=0.5294 human_shots=0 human_hits=0 human_damage=0 human_tsv_reward=-0.5294 bee_reward=10.5273 human_reward=-10.5294
RL 1v1 episode=222 bee_team=1 human_team=0 winner=1 timeout=False duration=2.53s bee_tsv=16->16 human_tsv=18->0 bee_shots=1 bee_hits=1 bee_damage=75 bee_tsv_reward=0.5294 human_shots=0 human_hits=0 human_damage=0 human_tsv_reward=-0.5294 bee_reward=10.5273 human_reward=-10.5294
RL 1v1 episode=223 bee_team=0 human_team=1 winner=1 timeout=False duration=37.53s bee_tsv=16->16 human_tsv=18->0 bee_shots=4 bee_hits=1 bee_damage=75 bee_tsv_reward=0.5294 human_shots=0 human_hits=0 human_damage=0 human_tsv_reward=-0.5294 bee_reward=10.4981 human_reward=-10.5294
RL 1v1 episode=224 bee_team=1 human_team=0 winner=1 timeout=False duration=17.53s bee_tsv=16->16 human_tsv=18->0 bee_shots=2 bee_hits=1 bee_damage=75 bee_tsv_reward=0.5294 human_shots=0 human_hits=0 human_damage=0 human_tsv_reward=-0.5294 bee_reward=10.5148 human_reward=-10.5294
RL 1v1 episode=225 bee_team=0 human_team=1 winner=1 timeout=False duration=40.03s bee_tsv=16->16 human_tsv=18->0 bee_shots=4 bee_hits=1 bee_damage=75 bee_tsv_reward=0.5294 human_shots=0 human_hits=0 human_damage=0 human_tsv_reward=-0.5294 bee_reward=10.4961 human_reward=-10.5294
RL 1v1 episode=226 bee_team=1 human_team=0 winner=1 timeout=False duration=15.03s bee_tsv=16->16 human_tsv=18->0 bee_shots=1 bee_hits=1 bee_damage=75 bee_tsv_reward=0.5294 human_shots=0 human_hits=0 human_damage=0 human_tsv_reward=-0.5294 bee_reward=10.5169 human_reward=-10.5294
RL 1v1 episode=227 bee_team=0 human_team=1 winner=1 timeout=False duration=20.03s bee_tsv=16->16 human_tsv=18->0 bee_shots=1 bee_hits=1 bee_damage=75 bee_tsv_reward=0.5294 human_shots=0 human_hits=0 human_damage=0 human_tsv_reward=-0.5294 bee_reward=10.5127 human_reward=-10.5294
RL 1v1 episode=228 bee_team=1 human_team=0 winner=1 timeout=False duration=15.03s bee_tsv=16->16 human_tsv=18->0 bee_shots=4 bee_hits=1 bee_damage=75 bee_tsv_reward=0.5294 human_shots=0 human_hits=0 human_damage=0 human_tsv_reward=-0.5294 bee_reward=10.5169 human_reward=-10.5294
RL 1v1 episode=229 bee_team=0 human_team=1 winner=1 timeout=False duration=12.53s bee_tsv=16->16 human_tsv=18->0 bee_shots=1 bee_hits=1 bee_damage=75 bee_tsv_reward=0.5294 human_shots=0 human_hits=0 human_damage=0 human_tsv_reward=-0.5294 bee_reward=10.5190 human_reward=-10.5294
RL 1v1 episode=230 bee_team=1 human_team=0 winner=1 timeout=False duration=10.03s bee_tsv=16->16 human_tsv=18->0 bee_shots=1 bee_hits=1 bee_damage=75 bee_tsv_reward=0.5294 human_shots=0 human_hits=0 human_damage=0 human_tsv_reward=-0.5294 bee_reward=10.5211 human_reward=-10.5294
RL 1v1 summary episodes=230 bee_record=203-27 human_record=1-229 timeouts=26 avg_duration=31.16s bee_shots=589 bee_hits=203 bee_hit_rate=34.47 % bee_damage=15225 human_shots=78 human_hits=41 human_hit_rate=52.56 % human_damage=1210
RL 1v1 episode=231 bee_team=0 human_team=1 winner=1 timeout=False duration=17.53s bee_tsv=16->16 human_tsv=18->0 bee_shots=4 bee_hits=1 bee_damage=75 bee_tsv_reward=0.5294 human_shots=0 human_hits=0 human_damage=0 human_tsv_reward=-0.5294 bee_reward=10.5148 human_reward=-10.5294
RL 1v1 episode=232 bee_team=1 human_team=0 winner=1 timeout=False duration=65.03s bee_tsv=16->16 human_tsv=18->0 bee_shots=7 bee_hits=1 bee_damage=75 bee_tsv_reward=0.5294 human_shots=0 human_hits=0 human_damage=0 human_tsv_reward=-0.5294 bee_reward=10.4752 human_reward=-10.5294
RL 1v1 episode=233 bee_team=0 human_team=1 winner=1 timeout=False duration=12.53s bee_tsv=16->16 human_tsv=18->0 bee_shots=2 bee_hits=1 bee_damage=75 bee_tsv_reward=0.5294 human_shots=0 human_hits=0 human_damage=0 human_tsv_reward=-0.5294 bee_reward=10.5190 human_reward=-10.5294
RL 1v1 episode=234 bee_team=1 human_team=0 winner=1 timeout=False duration=20.03s bee_tsv=16->16 human_tsv=18->0 bee_shots=6 bee_hits=1 bee_damage=75 bee_tsv_reward=0.5294 human_shots=0 human_hits=0 human_damage=0 human_tsv_reward=-0.5294 bee_reward=10.5127 human_reward=-10.5294
RL 1v1 episode=235 bee_team=0 human_team=1 winner=1 timeout=False duration=80.03s bee_tsv=16->16 human_tsv=18->0 bee_shots=9 bee_hits=1 bee_damage=75 bee_tsv_reward=0.5294 human_shots=0 human_hits=0 human_damage=0 human_tsv_reward=-0.5294 bee_reward=10.4627 human_reward=-10.5294
RL 1v1 episode=236 bee_team=1 human_team=0 winner=1 timeout=False duration=10.03s bee_tsv=16->16 human_tsv=18->0 bee_shots=2 bee_hits=1 bee_damage=75 bee_tsv_reward=0.5294 human_shots=0 human_hits=0 human_damage=0 human_tsv_reward=-0.5294 bee_reward=10.5211 human_reward=-10.5294
RL 1v1 episode=237 bee_team=0 human_team=1 winner=1 timeout=False duration=5.03s bee_tsv=16->13 human_tsv=18->0 bee_shots=1 bee_hits=1 bee_damage=75 bee_tsv_reward=0.4412 human_shots=2 human_hits=1 human_damage=30 human_tsv_reward=-0.4412 bee_reward=10.4370 human_reward=-10.4412
RL 1v1 episode=238 bee_team=1 human_team=0 winner=1 timeout=False duration=30.03s bee_tsv=16->16 human_tsv=18->0 bee_shots=4 bee_hits=1 bee_damage=75 bee_tsv_reward=0.5294 human_shots=0 human_hits=0 human_damage=0 human_tsv_reward=-0.5294 bee_reward=10.5044 human_reward=-10.5294
RL 1v1 episode=239 bee_team=0 human_team=1 winner=1 timeout=False duration=55.03s bee_tsv=16->11 human_tsv=18->0 bee_shots=5 bee_hits=1 bee_damage=75 bee_tsv_reward=0.3824 human_shots=2 human_hits=2 human_damage=60 human_tsv_reward=-0.3824 bee_reward=10.3365 human_reward=-10.3824
RL 1v1 episode=240 bee_team=1 human_team=0 winner=1 timeout=False duration=52.53s bee_tsv=16->16 human_tsv=18->0 bee_shots=5 bee_hits=1 bee_damage=75 bee_tsv_reward=0.5294 human_shots=0 human_hits=0 human_damage=0 human_tsv_reward=-0.5294 bee_reward=10.4856 human_reward=-10.5294
RL 1v1 summary episodes=240 bee_record=213-27 human_record=1-239 timeouts=26 avg_duration=31.31s bee_shots=634 bee_hits=213 bee_hit_rate=33.60 % bee_damage=15975 human_shots=82 human_hits=44 human_hit_rate=53.66 % human_damage=1300
RL 1v1 episode=241 bee_team=0 human_team=1 winner=1 timeout=False duration=10.03s bee_tsv=16->16 human_tsv=18->0 bee_shots=2 bee_hits=1 bee_damage=75 bee_tsv_reward=0.5294 human_shots=0 human_hits=0 human_damage=0 human_tsv_reward=-0.5294 bee_reward=10.5211 human_reward=-10.5294
RL 1v1 episode=242 bee_team=1 human_team=0 winner=1 timeout=False duration=20.03s bee_tsv=16->16 human_tsv=18->0 bee_shots=2 bee_hits=1 bee_damage=75 bee_tsv_reward=0.5294 human_shots=0 human_hits=0 human_damage=0 human_tsv_reward=-0.5294 bee_reward=10.5127 human_reward=-10.5294
RL 1v1 episode=243 bee_team=0 human_team=1 winner=0 timeout=True duration=119.98s bee_tsv=16->16 human_tsv=18->18 bee_shots=14 bee_hits=0 bee_damage=0 bee_tsv_reward=0.0000 human_shots=0 human_hits=0 human_damage=0 human_tsv_reward=0.0000 bee_reward=-10.0000 human_reward=-10.0000
RL 1v1 episode=244 bee_team=1 human_team=0 winner=1 timeout=False duration=5.03s bee_tsv=16->16 human_tsv=18->0 bee_shots=1 bee_hits=1 bee_damage=75 bee_tsv_reward=0.5294 human_shots=0 human_hits=0 human_damage=0 human_tsv_reward=-0.5294 bee_reward=10.5252 human_reward=-10.5294
RL 1v1 episode=245 bee_team=0 human_team=1 winner=0 timeout=True duration=119.98s bee_tsv=16->16 human_tsv=18->18 bee_shots=12 bee_hits=0 bee_damage=0 bee_tsv_reward=0.0000 human_shots=4 human_hits=0 human_damage=0 human_tsv_reward=0.0000 bee_reward=-10.0000 human_reward=-10.0000
RL 1v1 episode=246 bee_team=1 human_team=0 winner=2 timeout=False duration=70.03s bee_tsv=16->0 human_tsv=18->18 bee_shots=1 bee_hits=0 bee_damage=0 bee_tsv_reward=-0.4706 human_shots=6 human_hits=4 human_damage=100 human_tsv_reward=0.4706 bee_reward=-10.4706 human_reward=10.4122
RL 1v1 episode=247 bee_team=0 human_team=1 winner=1 timeout=False duration=102.53s bee_tsv=16->16 human_tsv=18->0 bee_shots=11 bee_hits=1 bee_damage=75 bee_tsv_reward=0.5294 human_shots=6 human_hits=0 human_damage=0 human_tsv_reward=-0.5294 bee_reward=10.4440 human_reward=-10.5294
RL 1v1 episode=248 bee_team=1 human_team=0 winner=0 timeout=True duration=119.98s bee_tsv=16->16 human_tsv=18->18 bee_shots=10 bee_hits=0 bee_damage=0 bee_tsv_reward=0.0000 human_shots=4 human_hits=0 human_damage=0 human_tsv_reward=0.0000 bee_reward=-10.0000 human_reward=-10.0000
RL 1v1 episode=249 bee_team=0 human_team=1 winner=1 timeout=False duration=5.03s bee_tsv=16->16 human_tsv=18->0 bee_shots=1 bee_hits=1 bee_damage=75 bee_tsv_reward=0.5294 human_shots=0 human_hits=0 human_damage=0 human_tsv_reward=-0.5294 bee_reward=10.5252 human_reward=-10.5294
RL 1v1 episode=250 bee_team=1 human_team=0 winner=0 timeout=True duration=119.98s bee_tsv=16->16 human_tsv=18->18 bee_shots=11 bee_hits=0 bee_damage=0 bee_tsv_reward=0.0000 human_shots=4 human_hits=0 human_damage=0 human_tsv_reward=0.0000 bee_reward=-10.0000 human_reward=-10.0000
RL 1v1 summary episodes=250 bee_record=218-32 human_record=2-248 timeouts=30 avg_duration=32.83s bee_shots=699 bee_hits=218 bee_hit_rate=31.19 % bee_damage=16350 human_shots=106 human_hits=48 human_hit_rate=45.28 % human_damage=1400
RL 1v1 episode=251 bee_team=0 human_team=1 winner=1 timeout=False duration=2.53s bee_tsv=16->16 human_tsv=18->0 bee_shots=1 bee_hits=1 bee_damage=75 bee_tsv_reward=0.5294 human_shots=0 human_hits=0 human_damage=0 human_tsv_reward=-0.5294 bee_reward=10.5273 human_reward=-10.5294
RL 1v1 episode=252 bee_team=1 human_team=0 winner=1 timeout=False duration=5.03s bee_tsv=16->16 human_tsv=18->0 bee_shots=2 bee_hits=1 bee_damage=75 bee_tsv_reward=0.5294 human_shots=0 human_hits=0 human_damage=0 human_tsv_reward=-0.5294 bee_reward=10.5252 human_reward=-10.5294
RL 1v1 episode=253 bee_team=0 human_team=1 winner=1 timeout=False duration=27.53s bee_tsv=16->16 human_tsv=18->0 bee_shots=3 bee_hits=1 bee_damage=75 bee_tsv_reward=0.5294 human_shots=0 human_hits=0 human_damage=0 human_tsv_reward=-0.5294 bee_reward=10.5065 human_reward=-10.5294
RL 1v1 episode=254 bee_team=1 human_team=0 winner=1 timeout=False duration=92.53s bee_tsv=16->16 human_tsv=18->0 bee_shots=8 bee_hits=1 bee_damage=75 bee_tsv_reward=0.5294 human_shots=0 human_hits=0 human_damage=0 human_tsv_reward=-0.5294 bee_reward=10.4523 human_reward=-10.5294
RL 1v1 episode=255 bee_team=0 human_team=1 winner=1 timeout=False duration=35.03s bee_tsv=16->16 human_tsv=18->0 bee_shots=5 bee_hits=1 bee_damage=75 bee_tsv_reward=0.5294 human_shots=0 human_hits=0 human_damage=0 human_tsv_reward=-0.5294 bee_reward=10.5002 human_reward=-10.5294
RL 1v1 episode=256 bee_team=1 human_team=0 winner=1 timeout=False duration=97.53s bee_tsv=16->16 human_tsv=18->0 bee_shots=6 bee_hits=1 bee_damage=75 bee_tsv_reward=0.5294 human_shots=4 human_hits=0 human_damage=0 human_tsv_reward=-0.5294 bee_reward=10.4481 human_reward=-10.5294
RL 1v1 episode=257 bee_team=0 human_team=1 winner=1 timeout=False duration=67.53s bee_tsv=16->16 human_tsv=18->0 bee_shots=10 bee_hits=1 bee_damage=75 bee_tsv_reward=0.5294 human_shots=0 human_hits=0 human_damage=0 human_tsv_reward=-0.5294 bee_reward=10.4731 human_reward=-10.5294
RL 1v1 episode=258 bee_team=1 human_team=0 winner=1 timeout=False duration=30.03s bee_tsv=16->16 human_tsv=18->0 bee_shots=4 bee_hits=1 bee_damage=75 bee_tsv_reward=0.5294 human_shots=2 human_hits=0 human_damage=0 human_tsv_reward=-0.5294 bee_reward=10.5044 human_reward=-10.5294
RL 1v1 episode=259 bee_team=0 human_team=1 winner=1 timeout=False duration=30.03s bee_tsv=16->16 human_tsv=18->0 bee_shots=4 bee_hits=1 bee_damage=75 bee_tsv_reward=0.5294 human_shots=0 human_hits=0 human_damage=0 human_tsv_reward=-0.5294 bee_reward=10.5044 human_reward=-10.5294
RL 1v1 episode=260 bee_team=1 human_team=0 winner=0 timeout=True duration=119.98s bee_tsv=16->16 human_tsv=18->18 bee_shots=7 bee_hits=0 bee_damage=0 bee_tsv_reward=0.0000 human_shots=4 human_hits=0 human_damage=0 human_tsv_reward=0.0000 bee_reward=-10.0000 human_reward=-10.0000
RL 1v1 summary episodes=260 bee_record=227-33 human_record=2-258 timeouts=31 avg_duration=33.52s bee_shots=749 bee_hits=227 bee_hit_rate=30.31 % bee_damage=17025 human_shots=116 human_hits=48 human_hit_rate=41.38 % human_damage=1400
RL 1v1 episode=261 bee_team=0 human_team=1 winner=1 timeout=False duration=32.53s bee_tsv=16->16 human_tsv=18->0 bee_shots=5 bee_hits=1 bee_damage=75 bee_tsv_reward=0.5294 human_shots=0 human_hits=0 human_damage=0 human_tsv_reward=-0.5294 bee_reward=10.5023 human_reward=-10.5294
RL 1v1 episode=262 bee_team=1 human_team=0 winner=1 timeout=False duration=47.53s bee_tsv=16->8 human_tsv=18->0 bee_shots=4 bee_hits=1 bee_damage=75 bee_tsv_reward=0.2941 human_shots=4 human_hits=3 human_damage=90 human_tsv_reward=-0.2941 bee_reward=10.2545 human_reward=-10.2941
RL 1v1 episode=263 bee_team=0 human_team=1 winner=1 timeout=False duration=20.03s bee_tsv=16->11 human_tsv=18->0 bee_shots=2 bee_hits=1 bee_damage=75 bee_tsv_reward=0.3824 human_shots=2 human_hits=2 human_damage=60 human_tsv_reward=-0.3824 bee_reward=10.3657 human_reward=-10.3824
RL 1v1 episode=264 bee_team=1 human_team=0 winner=1 timeout=False duration=32.53s bee_tsv=16->16 human_tsv=18->0 bee_shots=2 bee_hits=1 bee_damage=75 bee_tsv_reward=0.5294 human_shots=0 human_hits=0 human_damage=0 human_tsv_reward=-0.5294 bee_reward=10.5023 human_reward=-10.5294
RL 1v1 episode=265 bee_team=0 human_team=1 winner=1 timeout=False duration=40.03s bee_tsv=16->16 human_tsv=18->0 bee_shots=4 bee_hits=1 bee_damage=75 bee_tsv_reward=0.5294 human_shots=0 human_hits=0 human_damage=0 human_tsv_reward=-0.5294 bee_reward=10.4961 human_reward=-10.5294
RL 1v1 episode=266 bee_team=1 human_team=0 winner=1 timeout=False duration=25.03s bee_tsv=16->16 human_tsv=18->0 bee_shots=4 bee_hits=1 bee_damage=75 bee_tsv_reward=0.5294 human_shots=0 human_hits=0 human_damage=0 human_tsv_reward=-0.5294 bee_reward=10.5086 human_reward=-10.5294
RL 1v1 episode=267 bee_team=0 human_team=1 winner=1 timeout=False duration=27.53s bee_tsv=16->16 human_tsv=18->0 bee_shots=2 bee_hits=1 bee_damage=75 bee_tsv_reward=0.5294 human_shots=0 human_hits=0 human_damage=0 human_tsv_reward=-0.5294 bee_reward=10.5065 human_reward=-10.5294
RL 1v1 episode=268 bee_team=1 human_team=0 winner=1 timeout=False duration=25.03s bee_tsv=16->13 human_tsv=18->0 bee_shots=4 bee_hits=1 bee_damage=75 bee_tsv_reward=0.4412 human_shots=2 human_hits=1 human_damage=30 human_tsv_reward=-0.4412 bee_reward=10.4203 human_reward=-10.4412
RL 1v1 episode=269 bee_team=0 human_team=1 winner=1 timeout=False duration=107.53s bee_tsv=16->16 human_tsv=18->0 bee_shots=13 bee_hits=1 bee_damage=75 bee_tsv_reward=0.5294 human_shots=2 human_hits=0 human_damage=0 human_tsv_reward=-0.5294 bee_reward=10.4398 human_reward=-10.5294
RL 1v1 episode=270 bee_team=1 human_team=0 winner=1 timeout=False duration=2.53s bee_tsv=16->16 human_tsv=18->0 bee_shots=1 bee_hits=1 bee_damage=75 bee_tsv_reward=0.5294 human_shots=0 human_hits=0 human_damage=0 human_tsv_reward=-0.5294 bee_reward=10.5273 human_reward=-10.5294
RL 1v1 summary episodes=270 bee_record=237-33 human_record=2-268 timeouts=31 avg_duration=33.61s bee_shots=790 bee_hits=237 bee_hit_rate=30.00 % bee_damage=17775 human_shots=126 human_hits=54 human_hit_rate=42.86 % human_damage=1580
RL 1v1 episode=271 bee_team=0 human_team=1 winner=0 timeout=True duration=119.98s bee_tsv=16->16 human_tsv=18->18 bee_shots=11 bee_hits=0 bee_damage=0 bee_tsv_reward=0.0000 human_shots=0 human_hits=0 human_damage=0 human_tsv_reward=0.0000 bee_reward=-10.0000 human_reward=-10.0000
RL 1v1 episode=272 bee_team=1 human_team=0 winner=1 timeout=False duration=15.03s bee_tsv=16->16 human_tsv=18->0 bee_shots=3 bee_hits=1 bee_damage=75 bee_tsv_reward=0.5294 human_shots=0 human_hits=0 human_damage=0 human_tsv_reward=-0.5294 bee_reward=10.5169 human_reward=-10.5294
RL 1v1 episode=273 bee_team=0 human_team=1 winner=1 timeout=False duration=2.53s bee_tsv=16->16 human_tsv=18->0 bee_shots=1 bee_hits=1 bee_damage=75 bee_tsv_reward=0.5294 human_shots=0 human_hits=0 human_damage=0 human_tsv_reward=-0.5294 bee_reward=10.5273 human_reward=-10.5294
RL 1v1 episode=274 bee_team=1 human_team=0 winner=1 timeout=False duration=12.53s bee_tsv=16->16 human_tsv=18->0 bee_shots=2 bee_hits=1 bee_damage=75 bee_tsv_reward=0.5294 human_shots=0 human_hits=0 human_damage=0 human_tsv_reward=-0.5294 bee_reward=10.5190 human_reward=-10.5294
RL 1v1 episode=275 bee_team=0 human_team=1 winner=1 timeout=False duration=75.03s bee_tsv=16->16 human_tsv=18->0 bee_shots=9 bee_hits=1 bee_damage=75 bee_tsv_reward=0.5294 human_shots=0 human_hits=0 human_damage=0 human_tsv_reward=-0.5294 bee_reward=10.4669 human_reward=-10.5294
RL 1v1 episode=276 bee_team=1 human_team=0 winner=1 timeout=False duration=55.03s bee_tsv=16->16 human_tsv=18->0 bee_shots=3 bee_hits=1 bee_damage=75 bee_tsv_reward=0.5294 human_shots=0 human_hits=0 human_damage=0 human_tsv_reward=-0.5294 bee_reward=10.4836 human_reward=-10.5294
RL 1v1 episode=277 bee_team=0 human_team=1 winner=1 timeout=False duration=27.53s bee_tsv=16->16 human_tsv=18->0 bee_shots=1 bee_hits=1 bee_damage=75 bee_tsv_reward=0.5294 human_shots=0 human_hits=0 human_damage=0 human_tsv_reward=-0.5294 bee_reward=10.5065 human_reward=-10.5294
RL 1v1 episode=278 bee_team=1 human_team=0 winner=1 timeout=False duration=40.03s bee_tsv=16->16 human_tsv=18->0 bee_shots=3 bee_hits=1 bee_damage=75 bee_tsv_reward=0.5294 human_shots=0 human_hits=0 human_damage=0 human_tsv_reward=-0.5294 bee_reward=10.4961 human_reward=-10.5294
RL 1v1 episode=279 bee_team=0 human_team=1 winner=1 timeout=False duration=92.53s bee_tsv=16->16 human_tsv=18->0 bee_shots=7 bee_hits=1 bee_damage=75 bee_tsv_reward=0.5294 human_shots=0 human_hits=0 human_damage=0 human_tsv_reward=-0.5294 bee_reward=10.4523 human_reward=-10.5294
RL 1v1 episode=280 bee_team=1 human_team=0 winner=1 timeout=False duration=20.03s bee_tsv=16->16 human_tsv=18->0 bee_shots=2 bee_hits=1 bee_damage=75 bee_tsv_reward=0.5294 human_shots=0 human_hits=0 human_damage=0 human_tsv_reward=-0.5294 bee_reward=10.5127 human_reward=-10.5294
RL 1v1 summary episodes=280 bee_record=246-34 human_record=2-278 timeouts=32 avg_duration=34.05s bee_shots=832 bee_hits=246 bee_hit_rate=29.57 % bee_damage=18450 human_shots=126 human_hits=54 human_hit_rate=42.86 % human_damage=1580
RL 1v1 episode=281 bee_team=0 human_team=1 winner=1 timeout=False duration=22.53s bee_tsv=16->13 human_tsv=18->0 bee_shots=3 bee_hits=1 bee_damage=75 bee_tsv_reward=0.4412 human_shots=2 human_hits=1 human_damage=30 human_tsv_reward=-0.4412 bee_reward=10.4224 human_reward=-10.4412
RL 1v1 episode=282 bee_team=1 human_team=0 winner=1 timeout=False duration=55.03s bee_tsv=16->16 human_tsv=18->0 bee_shots=4 bee_hits=1 bee_damage=75 bee_tsv_reward=0.5294 human_shots=2 human_hits=0 human_damage=0 human_tsv_reward=-0.5294 bee_reward=10.4836 human_reward=-10.5294
RL 1v1 episode=283 bee_team=0 human_team=1 winner=1 timeout=False duration=117.53s bee_tsv=16->13 human_tsv=18->0 bee_shots=8 bee_hits=1 bee_damage=75 bee_tsv_reward=0.4412 human_shots=4 human_hits=1 human_damage=30 human_tsv_reward=-0.4412 bee_reward=10.3432 human_reward=-10.4412
RL 1v1 episode=284 bee_team=1 human_team=0 winner=1 timeout=False duration=5.03s bee_tsv=16->16 human_tsv=18->0 bee_shots=1 bee_hits=1 bee_damage=75 bee_tsv_reward=0.5294 human_shots=0 human_hits=0 human_damage=0 human_tsv_reward=-0.5294 bee_reward=10.5252 human_reward=-10.5294
RL 1v1 episode=285 bee_team=0 human_team=1 winner=1 timeout=False duration=60.03s bee_tsv=16->16 human_tsv=18->0 bee_shots=3 bee_hits=1 bee_damage=75 bee_tsv_reward=0.5294 human_shots=0 human_hits=0 human_damage=0 human_tsv_reward=-0.5294 bee_reward=10.4794 human_reward=-10.5294
RL 1v1 episode=286 bee_team=1 human_team=0 winner=1 timeout=False duration=40.03s bee_tsv=16->11 human_tsv=18->0 bee_shots=1 bee_hits=1 bee_damage=75 bee_tsv_reward=0.3824 human_shots=2 human_hits=2 human_damage=60 human_tsv_reward=-0.3824 bee_reward=10.3490 human_reward=-10.3824
RL 1v1 episode=287 bee_team=0 human_team=1 winner=1 timeout=False duration=70.03s bee_tsv=16->16 human_tsv=18->0 bee_shots=6 bee_hits=1 bee_damage=75 bee_tsv_reward=0.5294 human_shots=0 human_hits=0 human_damage=0 human_tsv_reward=-0.5294 bee_reward=10.4711 human_reward=-10.5294
RL 1v1 episode=288 bee_team=1 human_team=0 winner=1 timeout=False duration=40.03s bee_tsv=16->16 human_tsv=18->0 bee_shots=5 bee_hits=1 bee_damage=75 bee_tsv_reward=0.5294 human_shots=0 human_hits=0 human_damage=0 human_tsv_reward=-0.5294 bee_reward=10.4961 human_reward=-10.5294
RL 1v1 episode=289 bee_team=0 human_team=1 winner=1 timeout=False duration=77.53s bee_tsv=16->16 human_tsv=18->0 bee_shots=6 bee_hits=1 bee_damage=75 bee_tsv_reward=0.5294 human_shots=0 human_hits=0 human_damage=0 human_tsv_reward=-0.5294 bee_reward=10.4648 human_reward=-10.5294
RL 1v1 episode=290 bee_team=1 human_team=0 winner=1 timeout=False duration=12.53s bee_tsv=16->16 human_tsv=18->0 bee_shots=3 bee_hits=1 bee_damage=75 bee_tsv_reward=0.5294 human_shots=2 human_hits=0 human_damage=0 human_tsv_reward=-0.5294 bee_reward=10.5190 human_reward=-10.5294
RL 1v1 summary episodes=290 bee_record=256-34 human_record=2-288 timeouts=32 avg_duration=34.60s bee_shots=872 bee_hits=256 bee_hit_rate=29.36 % bee_damage=19200 human_shots=138 human_hits=58 human_hit_rate=42.03 % human_damage=1700
RL 1v1 episode=291 bee_team=0 human_team=1 winner=1 timeout=False duration=115.03s bee_tsv=16->16 human_tsv=18->0 bee_shots=8 bee_hits=1 bee_damage=75 bee_tsv_reward=0.5294 human_shots=2 human_hits=0 human_damage=0 human_tsv_reward=-0.5294 bee_reward=10.4336 human_reward=-10.5294
RL 1v1 episode=292 bee_team=1 human_team=0 winner=1 timeout=False duration=7.53s bee_tsv=16->16 human_tsv=18->0 bee_shots=1 bee_hits=1 bee_damage=75 bee_tsv_reward=0.5294 human_shots=0 human_hits=0 human_damage=0 human_tsv_reward=-0.5294 bee_reward=10.5231 human_reward=-10.5294
RL 1v1 episode=293 bee_team=0 human_team=1 winner=0 timeout=True duration=119.98s bee_tsv=16->16 human_tsv=18->18 bee_shots=9 bee_hits=0 bee_damage=0 bee_tsv_reward=0.0000 human_shots=0 human_hits=0 human_damage=0 human_tsv_reward=0.0000 bee_reward=-10.0000 human_reward=-10.0000
RL 1v1 episode=294 bee_team=1 human_team=0 winner=1 timeout=False duration=32.53s bee_tsv=16->16 human_tsv=18->0 bee_shots=3 bee_hits=1 bee_damage=75 bee_tsv_reward=0.5294 human_shots=0 human_hits=0 human_damage=0 human_tsv_reward=-0.5294 bee_reward=10.5023 human_reward=-10.5294
RL 1v1 episode=295 bee_team=0 human_team=1 winner=1 timeout=False duration=65.03s bee_tsv=16->16 human_tsv=18->0 bee_shots=6 bee_hits=1 bee_damage=75 bee_tsv_reward=0.5294 human_shots=0 human_hits=0 human_damage=0 human_tsv_reward=-0.5294 bee_reward=10.4752 human_reward=-10.5294
RL 1v1 episode=296 bee_team=1 human_team=0 winner=1 timeout=False duration=57.53s bee_tsv=16->16 human_tsv=18->0 bee_shots=4 bee_hits=1 bee_damage=75 bee_tsv_reward=0.5294 human_shots=0 human_hits=0 human_damage=0 human_tsv_reward=-0.5294 bee_reward=10.4815 human_reward=-10.5294
RL 1v1 episode=297 bee_team=0 human_team=1 winner=0 timeout=True duration=119.98s bee_tsv=16->16 human_tsv=18->18 bee_shots=8 bee_hits=0 bee_damage=0 bee_tsv_reward=0.0000 human_shots=4 human_hits=0 human_damage=0 human_tsv_reward=0.0000 bee_reward=-10.0000 human_reward=-10.0000
RL 1v1 episode=298 bee_team=1 human_team=0 winner=0 timeout=True duration=119.98s bee_tsv=16->16 human_tsv=18->18 bee_shots=4 bee_hits=0 bee_damage=0 bee_tsv_reward=0.0000 human_shots=0 human_hits=0 human_damage=0 human_tsv_reward=0.0000 bee_reward=-10.0000 human_reward=-10.0000
RL 1v1 episode=299 bee_team=0 human_team=1 winner=0 timeout=True duration=119.98s bee_tsv=16->16 human_tsv=18->18 bee_shots=8 bee_hits=0 bee_damage=0 bee_tsv_reward=0.0000 human_shots=0 human_hits=0 human_damage=0 human_tsv_reward=0.0000 bee_reward=-10.0000 human_reward=-10.0000
RL 1v1 episode=300 bee_team=1 human_team=0 winner=1 timeout=False duration=5.05s bee_tsv=16->16 human_tsv=18->0 bee_shots=1 bee_hits=1 bee_damage=75 bee_tsv_reward=0.5294 human_shots=0 human_hits=0 human_damage=0 human_tsv_reward=-0.5294 bee_reward=10.5252 human_reward=-10.5294
RL 1v1 summary episodes=300 bee_record=262-38 human_record=2-298 timeouts=36 avg_duration=35.99s bee_shots=924 bee_hits=262 bee_hit_rate=28.35 % bee_damage=19650 human_shots=144 human_hits=58 human_hit_rate=40.28 % human_damage=1700
RL 1v1 episode=301 bee_team=0 human_team=1 winner=1 timeout=False duration=35.03s bee_tsv=16->16 human_tsv=18->0 bee_shots=2 bee_hits=1 bee_damage=75 bee_tsv_reward=0.5294 human_shots=0 human_hits=0 human_damage=0 human_tsv_reward=-0.5294 bee_reward=10.5002 human_reward=-10.5294
RL 1v1 episode=302 bee_team=1 human_team=0 winner=1 timeout=False duration=100.03s bee_tsv=16->11 human_tsv=18->0 bee_shots=8 bee_hits=1 bee_damage=75 bee_tsv_reward=0.3824 human_shots=2 human_hits=2 human_damage=60 human_tsv_reward=-0.3824 bee_reward=10.2990 human_reward=-10.3824
RL 1v1 episode=303 bee_team=0 human_team=1 winner=0 timeout=True duration=119.98s bee_tsv=16->16 human_tsv=18->18 bee_shots=3 bee_hits=0 bee_damage=0 bee_tsv_reward=0.0000 human_shots=2 human_hits=0 human_damage=0 human_tsv_reward=0.0000 bee_reward=-10.0000 human_reward=-10.0000
RL 1v1 episode=304 bee_team=1 human_team=0 winner=1 timeout=False duration=12.53s bee_tsv=16->16 human_tsv=18->0 bee_shots=1 bee_hits=1 bee_damage=75 bee_tsv_reward=0.5294 human_shots=0 human_hits=0 human_damage=0 human_tsv_reward=-0.5294 bee_reward=10.5190 human_reward=-10.5294
RL 1v1 episode=305 bee_team=0 human_team=1 winner=1 timeout=False duration=80.03s bee_tsv=16->16 human_tsv=18->0 bee_shots=5 bee_hits=1 bee_damage=75 bee_tsv_reward=0.5294 human_shots=2 human_hits=0 human_damage=0 human_tsv_reward=-0.5294 bee_reward=10.4627 human_reward=-10.5294
RL 1v1 episode=306 bee_team=1 human_team=0 winner=0 timeout=True duration=119.98s bee_tsv=16->16 human_tsv=18->18 bee_shots=10 bee_hits=0 bee_damage=0 bee_tsv_reward=0.0000 human_shots=0 human_hits=0 human_damage=0 human_tsv_reward=0.0000 bee_reward=-10.0000 human_reward=-10.0000
RL 1v1 episode=307 bee_team=0 human_team=1 winner=1 timeout=False duration=65.03s bee_tsv=16->16 human_tsv=18->0 bee_shots=2 bee_hits=1 bee_damage=75 bee_tsv_reward=0.5294 human_shots=0 human_hits=0 human_damage=0 human_tsv_reward=-0.5294 bee_reward=10.4752 human_reward=-10.5294
RL 1v1 episode=308 bee_team=1 human_team=0 winner=1 timeout=False duration=115.03s bee_tsv=16->16 human_tsv=18->0 bee_shots=3 bee_hits=1 bee_damage=75 bee_tsv_reward=0.5294 human_shots=2 human_hits=0 human_damage=0 human_tsv_reward=-0.5294 bee_reward=10.4336 human_reward=-10.5294
RL 1v1 episode=309 bee_team=0 human_team=1 winner=1 timeout=False duration=52.53s bee_tsv=16->16 human_tsv=18->0 bee_shots=1 bee_hits=1 bee_damage=75 bee_tsv_reward=0.5294 human_shots=0 human_hits=0 human_damage=0 human_tsv_reward=-0.5294 bee_reward=10.4856 human_reward=-10.5294
RL 1v1 episode=310 bee_team=1 human_team=0 winner=1 timeout=False duration=85.03s bee_tsv=16->11 human_tsv=18->0 bee_shots=8 bee_hits=1 bee_damage=75 bee_tsv_reward=0.3824 human_shots=4 human_hits=2 human_damage=60 human_tsv_reward=-0.3824 bee_reward=10.3115 human_reward=-10.3824
RL 1v1 summary episodes=310 bee_record=270-40 human_record=2-308 timeouts=38 avg_duration=37.37s bee_shots=967 bee_hits=270 bee_hit_rate=27.92 % bee_damage=20250 human_shots=156 human_hits=62 human_hit_rate=39.74 % human_damage=1820
RL 1v1 episode=311 bee_team=0 human_team=1 winner=0 timeout=True duration=119.98s bee_tsv=16->13 human_tsv=18->18 bee_shots=9 bee_hits=0 bee_damage=0 bee_tsv_reward=-0.0882 human_shots=2 human_hits=1 human_damage=30 human_tsv_reward=0.0882 bee_reward=-10.0882 human_reward=-9.9118
RL 1v1 episode=312 bee_team=1 human_team=0 winner=1 timeout=False duration=30.03s bee_tsv=16->16 human_tsv=18->0 bee_shots=1 bee_hits=1 bee_damage=75 bee_tsv_reward=0.5294 human_shots=0 human_hits=0 human_damage=0 human_tsv_reward=-0.5294 bee_reward=10.5044 human_reward=-10.5294
RL 1v1 episode=313 bee_team=0 human_team=1 winner=0 timeout=True duration=119.98s bee_tsv=16->16 human_tsv=18->18 bee_shots=10 bee_hits=0 bee_damage=0 bee_tsv_reward=0.0000 human_shots=2 human_hits=0 human_damage=0 human_tsv_reward=0.0000 bee_reward=-10.0000 human_reward=-10.0000
RL 1v1 episode=314 bee_team=1 human_team=0 winner=0 timeout=True duration=119.98s bee_tsv=16->16 human_tsv=18->18 bee_shots=3 bee_hits=0 bee_damage=0 bee_tsv_reward=0.0000 human_shots=0 human_hits=0 human_damage=0 human_tsv_reward=0.0000 bee_reward=-10.0000 human_reward=-10.0000
RL 1v1 episode=315 bee_team=0 human_team=1 winner=0 timeout=True duration=119.98s bee_tsv=16->16 human_tsv=18->18 bee_shots=3 bee_hits=0 bee_damage=0 bee_tsv_reward=0.0000 human_shots=0 human_hits=0 human_damage=0 human_tsv_reward=0.0000 bee_reward=-10.0000 human_reward=-10.0000
RL 1v1 episode=316 bee_team=1 human_team=0 winner=0 timeout=True duration=119.98s bee_tsv=16->11 human_tsv=18->18 bee_shots=1 bee_hits=0 bee_damage=0 bee_tsv_reward=-0.1471 human_shots=4 human_hits=2 human_damage=60 human_tsv_reward=0.1471 bee_reward=-10.1471 human_reward=-9.8529
RL 1v1 episode=317 bee_team=0 human_team=1 winner=0 timeout=True duration=119.98s bee_tsv=16->16 human_tsv=18->18 bee_shots=1 bee_hits=0 bee_damage=0 bee_tsv_reward=0.0000 human_shots=0 human_hits=0 human_damage=0 human_tsv_reward=0.0000 bee_reward=-10.0000 human_reward=-10.0000
RL 1v1 episode=318 bee_team=1 human_team=0 winner=1 timeout=False duration=47.53s bee_tsv=16->16 human_tsv=18->0 bee_shots=2 bee_hits=1 bee_damage=75 bee_tsv_reward=0.5294 human_shots=0 human_hits=0 human_damage=0 human_tsv_reward=-0.5294 bee_reward=10.4898 human_reward=-10.5294
RL 1v1 episode=319 bee_team=0 human_team=1 winner=1 timeout=False duration=25.03s bee_tsv=16->16 human_tsv=18->0 bee_shots=3 bee_hits=1 bee_damage=75 bee_tsv_reward=0.5294 human_shots=2 human_hits=0 human_damage=0 human_tsv_reward=-0.5294 bee_reward=10.5086 human_reward=-10.5294
RL 1v1 episode=320 bee_team=1 human_team=0 winner=0 timeout=True duration=119.98s bee_tsv=16->16 human_tsv=18->18 bee_shots=5 bee_hits=0 bee_damage=0 bee_tsv_reward=0.0000 human_shots=2 human_hits=0 human_damage=0 human_tsv_reward=0.0000 bee_reward=-10.0000 human_reward=-10.0000
RL 1v1 summary episodes=320 bee_record=273-47 human_record=2-318 timeouts=45 avg_duration=39.14s bee_shots=1005 bee_hits=273 bee_hit_rate=27.16 % bee_damage=20475 human_shots=168 human_hits=65 human_hit_rate=38.69 % human_damage=1910
RL 1v1 episode=321 bee_team=0 human_team=1 winner=0 timeout=True duration=119.98s bee_tsv=16->13 human_tsv=18->18 bee_shots=4 bee_hits=0 bee_damage=0 bee_tsv_reward=-0.0882 human_shots=2 human_hits=1 human_damage=30 human_tsv_reward=0.0882 bee_reward=-10.0882 human_reward=-9.9118
RL 1v1 episode=322 bee_team=1 human_team=0 winner=0 timeout=True duration=119.98s bee_tsv=16->16 human_tsv=18->18 bee_shots=2 bee_hits=0 bee_damage=0 bee_tsv_reward=0.0000 human_shots=2 human_hits=0 human_damage=0 human_tsv_reward=0.0000 bee_reward=-10.0000 human_reward=-10.0000
RL 1v1 episode=323 bee_team=0 human_team=1 winner=0 timeout=True duration=119.98s bee_tsv=16->16 human_tsv=18->18 bee_shots=6 bee_hits=0 bee_damage=0 bee_tsv_reward=0.0000 human_shots=0 human_hits=0 human_damage=0 human_tsv_reward=0.0000 bee_reward=-10.0000 human_reward=-10.0000
RL 1v1 episode=324 bee_team=1 human_team=0 winner=1 timeout=False duration=117.53s bee_tsv=16->16 human_tsv=18->0 bee_shots=8 bee_hits=1 bee_damage=75 bee_tsv_reward=0.5294 human_shots=4 human_hits=0 human_damage=0 human_tsv_reward=-0.5294 bee_reward=10.4315 human_reward=-10.5294
RL 1v1 episode=325 bee_team=0 human_team=1 winner=0 timeout=True duration=119.98s bee_tsv=16->11 human_tsv=18->18 bee_shots=7 bee_hits=0 bee_damage=0 bee_tsv_reward=-0.1471 human_shots=4 human_hits=2 human_damage=60 human_tsv_reward=0.1471 bee_reward=-10.1471 human_reward=-9.8529
RL 1v1 episode=326 bee_team=1 human_team=0 winner=0 timeout=True duration=119.98s bee_tsv=16->16 human_tsv=18->18 bee_shots=3 bee_hits=0 bee_damage=0 bee_tsv_reward=0.0000 human_shots=0 human_hits=0 human_damage=0 human_tsv_reward=0.0000 bee_reward=-10.0000 human_reward=-10.0000
RL 1v1 episode=327 bee_team=0 human_team=1 winner=0 timeout=True duration=119.98s bee_tsv=16->16 human_tsv=18->18 bee_shots=8 bee_hits=0 bee_damage=0 bee_tsv_reward=0.0000 human_shots=0 human_hits=0 human_damage=0 human_tsv_reward=0.0000 bee_reward=-10.0000 human_reward=-10.0000
RL 1v1 episode=328 bee_team=1 human_team=0 winner=1 timeout=False duration=110.03s bee_tsv=16->16 human_tsv=18->0 bee_shots=3 bee_hits=1 bee_damage=75 bee_tsv_reward=0.5294 human_shots=0 human_hits=0 human_damage=0 human_tsv_reward=-0.5294 bee_reward=10.4377 human_reward=-10.5294
RL 1v1 episode=329 bee_team=0 human_team=1 winner=1 timeout=False duration=32.53s bee_tsv=16->16 human_tsv=18->0 bee_shots=2 bee_hits=1 bee_damage=75 bee_tsv_reward=0.5294 human_shots=0 human_hits=0 human_damage=0 human_tsv_reward=-0.5294 bee_reward=10.5023 human_reward=-10.5294
RL 1v1 episode=330 bee_team=1 human_team=0 winner=1 timeout=False duration=100.03s bee_tsv=16->16 human_tsv=18->0 bee_shots=9 bee_hits=1 bee_damage=75 bee_tsv_reward=0.5294 human_shots=0 human_hits=0 human_damage=0 human_tsv_reward=-0.5294 bee_reward=10.4461 human_reward=-10.5294
RL 1v1 summary episodes=330 bee_record=277-53 human_record=2-328 timeouts=51 avg_duration=41.23s bee_shots=1057 bee_hits=277 bee_hit_rate=26.21 % bee_damage=20775 human_shots=180 human_hits=68 human_hit_rate=37.78 % human_damage=2000
RL 1v1 episode=331 bee_team=0 human_team=1 winner=0 timeout=True duration=119.98s bee_tsv=16->11 human_tsv=18->18 bee_shots=10 bee_hits=0 bee_damage=0 bee_tsv_reward=-0.1471 human_shots=4 human_hits=2 human_damage=60 human_tsv_reward=0.1471 bee_reward=-10.1471 human_reward=-9.8529
RL 1v1 episode=332 bee_team=1 human_team=0 winner=0 timeout=True duration=119.98s bee_tsv=16->16 human_tsv=18->18 bee_shots=4 bee_hits=0 bee_damage=0 bee_tsv_reward=0.0000 human_shots=0 human_hits=0 human_damage=0 human_tsv_reward=0.0000 bee_reward=-10.0000 human_reward=-10.0000
RL 1v1 episode=333 bee_team=0 human_team=1 winner=1 timeout=False duration=67.53s bee_tsv=16->16 human_tsv=18->0 bee_shots=1 bee_hits=1 bee_damage=75 bee_tsv_reward=0.5294 human_shots=4 human_hits=0 human_damage=0 human_tsv_reward=-0.5294 bee_reward=10.4731 human_reward=-10.5294
RL 1v1 episode=334 bee_team=1 human_team=0 winner=1 timeout=False duration=77.53s bee_tsv=16->16 human_tsv=18->0 bee_shots=3 bee_hits=1 bee_damage=75 bee_tsv_reward=0.5294 human_shots=0 human_hits=0 human_damage=0 human_tsv_reward=-0.5294 bee_reward=10.4648 human_reward=-10.5294
RL 1v1 episode=335 bee_team=0 human_team=1 winner=0 timeout=True duration=119.98s bee_tsv=16->16 human_tsv=18->18 bee_shots=1 bee_hits=0 bee_damage=0 bee_tsv_reward=0.0000 human_shots=0 human_hits=0 human_damage=0 human_tsv_reward=0.0000 bee_reward=-10.0000 human_reward=-10.0000
RL 1v1 episode=336 bee_team=1 human_team=0 winner=1 timeout=False duration=75.03s bee_tsv=16->16 human_tsv=18->0 bee_shots=3 bee_hits=1 bee_damage=75 bee_tsv_reward=0.5294 human_shots=0 human_hits=0 human_damage=0 human_tsv_reward=-0.5294 bee_reward=10.4669 human_reward=-10.5294
RL 1v1 episode=337 bee_team=0 human_team=1 winner=0 timeout=True duration=119.98s bee_tsv=16->16 human_tsv=18->18 bee_shots=9 bee_hits=0 bee_damage=0 bee_tsv_reward=0.0000 human_shots=2 human_hits=0 human_damage=0 human_tsv_reward=0.0000 bee_reward=-10.0000 human_reward=-10.0000
RL 1v1 episode=338 bee_team=1 human_team=0 winner=1 timeout=False duration=22.53s bee_tsv=16->16 human_tsv=18->0 bee_shots=2 bee_hits=1 bee_damage=75 bee_tsv_reward=0.5294 human_shots=0 human_hits=0 human_damage=0 human_tsv_reward=-0.5294 bee_reward=10.5106 human_reward=-10.5294
RL 1v1 episode=339 bee_team=0 human_team=1 winner=0 timeout=True duration=119.98s bee_tsv=16->16 human_tsv=18->18 bee_shots=4 bee_hits=0 bee_damage=0 bee_tsv_reward=0.0000 human_shots=0 human_hits=0 human_damage=0 human_tsv_reward=0.0000 bee_reward=-10.0000 human_reward=-10.0000
RL 1v1 episode=340 bee_team=1 human_team=0 winner=0 timeout=True duration=119.98s bee_tsv=16->16 human_tsv=18->18 bee_shots=4 bee_hits=0 bee_damage=0 bee_tsv_reward=0.0000 human_shots=2 human_hits=0 human_damage=0 human_tsv_reward=0.0000 bee_reward=-10.0000 human_reward=-10.0000
RL 1v1 summary episodes=340 bee_record=281-59 human_record=2-338 timeouts=57 avg_duration=42.85s bee_shots=1098 bee_hits=281 bee_hit_rate=25.59 % bee_damage=21075 human_shots=192 human_hits=70 human_hit_rate=36.46 % human_damage=2060
RL 1v1 episode=341 bee_team=0 human_team=1 winner=0 timeout=True duration=119.98s bee_tsv=16->13 human_tsv=18->18 bee_shots=3 bee_hits=0 bee_damage=0 bee_tsv_reward=-0.0882 human_shots=2 human_hits=1 human_damage=30 human_tsv_reward=0.0882 bee_reward=-10.0882 human_reward=-9.9118
RL 1v1 episode=342 bee_team=1 human_team=0 winner=1 timeout=False duration=95.03s bee_tsv=16->11 human_tsv=18->0 bee_shots=2 bee_hits=1 bee_damage=75 bee_tsv_reward=0.3824 human_shots=10 human_hits=2 human_damage=60 human_tsv_reward=-0.3824 bee_reward=10.3032 human_reward=-10.3824
RL 1v1 episode=343 bee_team=0 human_team=1 winner=1 timeout=False duration=10.03s bee_tsv=16->16 human_tsv=18->0 bee_shots=1 bee_hits=1 bee_damage=75 bee_tsv_reward=0.5294 human_shots=0 human_hits=0 human_damage=0 human_tsv_reward=-0.5294 bee_reward=10.5211 human_reward=-10.5294
RL 1v1 episode=344 bee_team=1 human_team=0 winner=1 timeout=False duration=27.53s bee_tsv=16->16 human_tsv=18->0 bee_shots=1 bee_hits=1 bee_damage=75 bee_tsv_reward=0.5294 human_shots=0 human_hits=0 human_damage=0 human_tsv_reward=-0.5294 bee_reward=10.5065 human_reward=-10.5294
RL 1v1 episode=345 bee_team=0 human_team=1 winner=1 timeout=False duration=5.03s bee_tsv=16->11 human_tsv=18->0 bee_shots=1 bee_hits=1 bee_damage=75 bee_tsv_reward=0.3824 human_shots=2 human_hits=2 human_damage=60 human_tsv_reward=-0.3824 bee_reward=10.3782 human_reward=-10.3824
RL 1v1 episode=346 bee_team=1 human_team=0 winner=0 timeout=True duration=119.98s bee_tsv=16->16 human_tsv=18->18 bee_shots=4 bee_hits=0 bee_damage=0 bee_tsv_reward=0.0000 human_shots=0 human_hits=0 human_damage=0 human_tsv_reward=0.0000 bee_reward=-10.0000 human_reward=-10.0000
RL 1v1 episode=347 bee_team=0 human_team=1 winner=0 timeout=True duration=119.98s bee_tsv=16->16 human_tsv=18->18 bee_shots=1 bee_hits=0 bee_damage=0 bee_tsv_reward=0.0000 human_shots=0 human_hits=0 human_damage=0 human_tsv_reward=0.0000 bee_reward=-10.0000 human_reward=-10.0000
RL 1v1 episode=348 bee_team=1 human_team=0 winner=1 timeout=False duration=22.53s bee_tsv=16->16 human_tsv=18->0 bee_shots=1 bee_hits=1 bee_damage=75 bee_tsv_reward=0.5294 human_shots=0 human_hits=0 human_damage=0 human_tsv_reward=-0.5294 bee_reward=10.5106 human_reward=-10.5294
RL 1v1 episode=349 bee_team=0 human_team=1 winner=0 timeout=True duration=119.98s bee_tsv=16->16 human_tsv=18->18 bee_shots=3 bee_hits=0 bee_damage=0 bee_tsv_reward=0.0000 human_shots=0 human_hits=0 human_damage=0 human_tsv_reward=0.0000 bee_reward=-10.0000 human_reward=-10.0000
RL 1v1 episode=350 bee_team=1 human_team=0 winner=0 timeout=True duration=119.98s bee_tsv=16->13 human_tsv=18->18 bee_shots=8 bee_hits=0 bee_damage=0 bee_tsv_reward=-0.0882 human_shots=2 human_hits=1 human_damage=30 human_tsv_reward=0.0882 bee_reward=-10.0882 human_reward=-9.9118
RL 1v1 summary episodes=350 bee_record=286-64 human_record=2-348 timeouts=62 avg_duration=43.80s bee_shots=1123 bee_hits=286 bee_hit_rate=25.47 % bee_damage=21450 human_shots=208 human_hits=76 human_hit_rate=36.54 % human_damage=2240
RL 1v1 episode=351 bee_team=0 human_team=1 winner=1 timeout=False duration=77.53s bee_tsv=16->16 human_tsv=18->0 bee_shots=6 bee_hits=1 bee_damage=75 bee_tsv_reward=0.5294 human_shots=0 human_hits=0 human_damage=0 human_tsv_reward=-0.5294 bee_reward=10.4648 human_reward=-10.5294
RL 1v1 episode=352 bee_team=1 human_team=0 winner=0 timeout=True duration=119.98s bee_tsv=16->16 human_tsv=18->18 bee_shots=2 bee_hits=0 bee_damage=0 bee_tsv_reward=0.0000 human_shots=0 human_hits=0 human_damage=0 human_tsv_reward=0.0000 bee_reward=-10.0000 human_reward=-10.0000
RL 1v1 episode=353 bee_team=0 human_team=1 winner=0 timeout=True duration=119.98s bee_tsv=16->16 human_tsv=18->18 bee_shots=3 bee_hits=0 bee_damage=0 bee_tsv_reward=0.0000 human_shots=0 human_hits=0 human_damage=0 human_tsv_reward=0.0000 bee_reward=-10.0000 human_reward=-10.0000
RL 1v1 episode=354 bee_team=1 human_team=0 winner=1 timeout=False duration=117.53s bee_tsv=16->16 human_tsv=18->0 bee_shots=7 bee_hits=1 bee_damage=75 bee_tsv_reward=0.5294 human_shots=2 human_hits=0 human_damage=0 human_tsv_reward=-0.5294 bee_reward=10.4315 human_reward=-10.5294
RL 1v1 episode=355 bee_team=0 human_team=1 winner=0 timeout=True duration=119.98s bee_tsv=16->16 human_tsv=18->18 bee_shots=3 bee_hits=0 bee_damage=0 bee_tsv_reward=0.0000 human_shots=0 human_hits=0 human_damage=0 human_tsv_reward=0.0000 bee_reward=-10.0000 human_reward=-10.0000
RL 1v1 episode=356 bee_team=1 human_team=0 winner=0 timeout=True duration=119.98s bee_tsv=16->16 human_tsv=18->18 bee_shots=4 bee_hits=0 bee_damage=0 bee_tsv_reward=0.0000 human_shots=0 human_hits=0 human_damage=0 human_tsv_reward=0.0000 bee_reward=-10.0000 human_reward=-10.0000
RL 1v1 episode=357 bee_team=0 human_team=1 winner=1 timeout=False duration=35.03s bee_tsv=16->16 human_tsv=18->0 bee_shots=2 bee_hits=1 bee_damage=75 bee_tsv_reward=0.5294 human_shots=0 human_hits=0 human_damage=0 human_tsv_reward=-0.5294 bee_reward=10.5002 human_reward=-10.5294
RL 1v1 episode=358 bee_team=1 human_team=0 winner=1 timeout=False duration=20.03s bee_tsv=16->16 human_tsv=18->0 bee_shots=3 bee_hits=1 bee_damage=75 bee_tsv_reward=0.5294 human_shots=0 human_hits=0 human_damage=0 human_tsv_reward=-0.5294 bee_reward=10.5127 human_reward=-10.5294
RL 1v1 episode=359 bee_team=0 human_team=1 winner=1 timeout=False duration=27.53s bee_tsv=16->16 human_tsv=18->0 bee_shots=2 bee_hits=1 bee_damage=75 bee_tsv_reward=0.5294 human_shots=0 human_hits=0 human_damage=0 human_tsv_reward=-0.5294 bee_reward=10.5065 human_reward=-10.5294
RL 1v1 episode=360 bee_team=1 human_team=0 winner=1 timeout=False duration=90.03s bee_tsv=16->16 human_tsv=18->0 bee_shots=4 bee_hits=1 bee_damage=75 bee_tsv_reward=0.5294 human_shots=2 human_hits=0 human_damage=0 human_tsv_reward=-0.5294 bee_reward=10.4544 human_reward=-10.5294
RL 1v1 summary episodes=360 bee_record=292-68 human_record=2-358 timeouts=66 avg_duration=44.93s bee_shots=1159 bee_hits=292 bee_hit_rate=25.19 % bee_damage=21900 human_shots=212 human_hits=76 human_hit_rate=35.85 % human_damage=2240
RL 1v1 episode=361 bee_team=0 human_team=1 winner=1 timeout=False duration=110.03s bee_tsv=16->16 human_tsv=18->0 bee_shots=5 bee_hits=1 bee_damage=75 bee_tsv_reward=0.5294 human_shots=0 human_hits=0 human_damage=0 human_tsv_reward=-0.5294 bee_reward=10.4377 human_reward=-10.5294
RL 1v1 episode=362 bee_team=1 human_team=0 winner=1 timeout=False duration=95.03s bee_tsv=16->16 human_tsv=18->0 bee_shots=6 bee_hits=1 bee_damage=75 bee_tsv_reward=0.5294 human_shots=0 human_hits=0 human_damage=0 human_tsv_reward=-0.5294 bee_reward=10.4502 human_reward=-10.5294
RL 1v1 episode=363 bee_team=0 human_team=1 winner=1 timeout=False duration=22.53s bee_tsv=16->16 human_tsv=18->0 bee_shots=3 bee_hits=1 bee_damage=75 bee_tsv_reward=0.5294 human_shots=0 human_hits=0 human_damage=0 human_tsv_reward=-0.5294 bee_reward=10.5106 human_reward=-10.5294
RL 1v1 episode=364 bee_team=1 human_team=0 winner=0 timeout=True duration=119.98s bee_tsv=16->16 human_tsv=18->18 bee_shots=4 bee_hits=0 bee_damage=0 bee_tsv_reward=0.0000 human_shots=2 human_hits=0 human_damage=0 human_tsv_reward=0.0000 bee_reward=-10.0000 human_reward=-10.0000
RL 1v1 episode=365 bee_team=0 human_team=1 winner=1 timeout=False duration=90.03s bee_tsv=16->13 human_tsv=18->0 bee_shots=6 bee_hits=1 bee_damage=75 bee_tsv_reward=0.4412 human_shots=4 human_hits=1 human_damage=30 human_tsv_reward=-0.4412 bee_reward=10.3662 human_reward=-10.4412
RL 1v1 episode=366 bee_team=1 human_team=0 winner=0 timeout=True duration=119.98s bee_tsv=16->11 human_tsv=18->18 bee_shots=2 bee_hits=0 bee_damage=0 bee_tsv_reward=-0.1471 human_shots=4 human_hits=2 human_damage=60 human_tsv_reward=0.1471 bee_reward=-10.1471 human_reward=-9.8529
RL 1v1 episode=367 bee_team=0 human_team=1 winner=0 timeout=True duration=119.98s bee_tsv=16->16 human_tsv=18->18 bee_shots=3 bee_hits=0 bee_damage=0 bee_tsv_reward=0.0000 human_shots=2 human_hits=0 human_damage=0 human_tsv_reward=0.0000 bee_reward=-10.0000 human_reward=-10.0000
RL 1v1 episode=368 bee_team=1 human_team=0 winner=1 timeout=False duration=105.04s bee_tsv=16->16 human_tsv=18->0 bee_shots=3 bee_hits=1 bee_damage=75 bee_tsv_reward=0.5294 human_shots=0 human_hits=0 human_damage=0 human_tsv_reward=-0.5294 bee_reward=10.4419 human_reward=-10.5294
RL 1v1 episode=369 bee_team=0 human_team=1 winner=0 timeout=True duration=119.98s bee_tsv=16->16 human_tsv=18->18 bee_shots=4 bee_hits=0 bee_damage=0 bee_tsv_reward=0.0000 human_shots=2 human_hits=0 human_damage=0 human_tsv_reward=0.0000 bee_reward=-10.0000 human_reward=-10.0000
RL 1v1 episode=370 bee_team=1 human_team=0 winner=1 timeout=False duration=42.53s bee_tsv=16->16 human_tsv=18->0 bee_shots=2 bee_hits=1 bee_damage=75 bee_tsv_reward=0.5294 human_shots=0 human_hits=0 human_damage=0 human_tsv_reward=-0.5294 bee_reward=10.4940 human_reward=-10.5294
RL 1v1 summary episodes=370 bee_record=298-72 human_record=2-368 timeouts=70 avg_duration=46.27s bee_shots=1197 bee_hits=298 bee_hit_rate=24.90 % bee_damage=22350 human_shots=226 human_hits=79 human_hit_rate=34.96 % human_damage=2330
RL 1v1 episode=371 bee_team=0 human_team=1 winner=0 timeout=True duration=119.98s bee_tsv=16->16 human_tsv=18->18 bee_shots=5 bee_hits=0 bee_damage=0 bee_tsv_reward=0.0000 human_shots=0 human_hits=0 human_damage=0 human_tsv_reward=0.0000 bee_reward=-10.0000 human_reward=-10.0000
RL 1v1 episode=372 bee_team=1 human_team=0 winner=1 timeout=False duration=105.08s bee_tsv=16->16 human_tsv=18->0 bee_shots=7 bee_hits=1 bee_damage=75 bee_tsv_reward=0.5294 human_shots=4 human_hits=0 human_damage=0 human_tsv_reward=-0.5294 bee_reward=10.4418 human_reward=-10.5294
RL 1v1 episode=373 bee_team=0 human_team=1 winner=0 timeout=True duration=119.98s bee_tsv=16->13 human_tsv=18->18 bee_shots=1 bee_hits=0 bee_damage=0 bee_tsv_reward=-0.0882 human_shots=6 human_hits=1 human_damage=30 human_tsv_reward=0.0882 bee_reward=-10.0882 human_reward=-9.9118
RL 1v1 episode=374 bee_team=1 human_team=0 winner=1 timeout=False duration=55.03s bee_tsv=16->16 human_tsv=18->0 bee_shots=5 bee_hits=1 bee_damage=75 bee_tsv_reward=0.5294 human_shots=2 human_hits=0 human_damage=0 human_tsv_reward=-0.5294 bee_reward=10.4836 human_reward=-10.5294
RL 1v1 episode=375 bee_team=0 human_team=1 winner=1 timeout=False duration=60.04s bee_tsv=16->16 human_tsv=18->0 bee_shots=6 bee_hits=1 bee_damage=75 bee_tsv_reward=0.5294 human_shots=0 human_hits=0 human_damage=0 human_tsv_reward=-0.5294 bee_reward=10.4794 human_reward=-10.5294
RL 1v1 episode=376 bee_team=1 human_team=0 winner=1 timeout=False duration=5.03s bee_tsv=16->16 human_tsv=18->0 bee_shots=1 bee_hits=1 bee_damage=75 bee_tsv_reward=0.5294 human_shots=0 human_hits=0 human_damage=0 human_tsv_reward=-0.5294 bee_reward=10.5252 human_reward=-10.5294
RL 1v1 episode=377 bee_team=0 human_team=1 winner=0 timeout=True duration=119.98s bee_tsv=16->16 human_tsv=18->18 bee_shots=8 bee_hits=0 bee_damage=0 bee_tsv_reward=0.0000 human_shots=4 human_hits=0 human_damage=0 human_tsv_reward=0.0000 bee_reward=-10.0000 human_reward=-10.0000
RL 1v1 episode=378 bee_team=1 human_team=0 winner=0 timeout=True duration=119.98s bee_tsv=16->11 human_tsv=18->18 bee_shots=12 bee_hits=0 bee_damage=0 bee_tsv_reward=-0.1471 human_shots=6 human_hits=2 human_damage=60 human_tsv_reward=0.1471 bee_reward=-10.1471 human_reward=-9.8529
RL 1v1 episode=379 bee_team=0 human_team=1 winner=0 timeout=True duration=119.98s bee_tsv=16->16 human_tsv=18->18 bee_shots=6 bee_hits=0 bee_damage=0 bee_tsv_reward=0.0000 human_shots=4 human_hits=0 human_damage=0 human_tsv_reward=0.0000 bee_reward=-10.0000 human_reward=-10.0000
RL 1v1 episode=380 bee_team=1 human_team=0 winner=1 timeout=False duration=92.53s bee_tsv=16->16 human_tsv=18->0 bee_shots=8 bee_hits=1 bee_damage=75 bee_tsv_reward=0.5294 human_shots=2 human_hits=0 human_damage=0 human_tsv_reward=-0.5294 bee_reward=10.4523 human_reward=-10.5294
RL 1v1 summary episodes=380 bee_record=303-77 human_record=2-378 timeouts=75 avg_duration=47.47s bee_shots=1256 bee_hits=303 bee_hit_rate=24.12 % bee_damage=22725 human_shots=254 human_hits=82 human_hit_rate=32.28 % human_damage=2420
RL 1v1 episode=381 bee_team=0 human_team=1 winner=1 timeout=False duration=22.53s bee_tsv=16->16 human_tsv=18->0 bee_shots=2 bee_hits=1 bee_damage=75 bee_tsv_reward=0.5294 human_shots=0 human_hits=0 human_damage=0 human_tsv_reward=-0.5294 bee_reward=10.5106 human_reward=-10.5294
RL 1v1 episode=382 bee_team=1 human_team=0 winner=1 timeout=False duration=105.03s bee_tsv=16->11 human_tsv=18->0 bee_shots=5 bee_hits=1 bee_damage=75 bee_tsv_reward=0.3824 human_shots=4 human_hits=2 human_damage=60 human_tsv_reward=-0.3824 bee_reward=10.2948 human_reward=-10.3824
RL 1v1 episode=383 bee_team=0 human_team=1 winner=1 timeout=False duration=47.54s bee_tsv=16->16 human_tsv=18->0 bee_shots=5 bee_hits=1 bee_damage=75 bee_tsv_reward=0.5294 human_shots=0 human_hits=0 human_damage=0 human_tsv_reward=-0.5294 bee_reward=10.4898 human_reward=-10.5294
RL 1v1 episode=384 bee_team=1 human_team=0 winner=1 timeout=False duration=105.03s bee_tsv=16->13 human_tsv=18->0 bee_shots=6 bee_hits=1 bee_damage=75 bee_tsv_reward=0.4412 human_shots=4 human_hits=1 human_damage=30 human_tsv_reward=-0.4412 bee_reward=10.3537 human_reward=-10.4412
RL 1v1 episode=385 bee_team=0 human_team=1 winner=0 timeout=True duration=119.98s bee_tsv=16->16 human_tsv=18->18 bee_shots=8 bee_hits=0 bee_damage=0 bee_tsv_reward=0.0000 human_shots=0 human_hits=0 human_damage=0 human_tsv_reward=0.0000 bee_reward=-10.0000 human_reward=-10.0000
RL 1v1 episode=386 bee_team=1 human_team=0 winner=0 timeout=True duration=119.98s bee_tsv=16->16 human_tsv=18->18 bee_shots=6 bee_hits=0 bee_damage=0 bee_tsv_reward=0.0000 human_shots=2 human_hits=0 human_damage=0 human_tsv_reward=0.0000 bee_reward=-10.0000 human_reward=-10.0000
RL 1v1 episode=387 bee_team=0 human_team=1 winner=1 timeout=False duration=47.53s bee_tsv=16->16 human_tsv=18->0 bee_shots=6 bee_hits=1 bee_damage=75 bee_tsv_reward=0.5294 human_shots=4 human_hits=0 human_damage=0 human_tsv_reward=-0.5294 bee_reward=10.4898 human_reward=-10.5294
RL 1v1 episode=388 bee_team=1 human_team=0 winner=0 timeout=True duration=119.98s bee_tsv=16->16 human_tsv=18->18 bee_shots=8 bee_hits=0 bee_damage=0 bee_tsv_reward=0.0000 human_shots=4 human_hits=0 human_damage=0 human_tsv_reward=0.0000 bee_reward=-10.0000 human_reward=-10.0000
RL 1v1 episode=389 bee_team=0 human_team=1 winner=1 timeout=False duration=70.03s bee_tsv=16->13 human_tsv=18->0 bee_shots=3 bee_hits=1 bee_damage=75 bee_tsv_reward=0.4412 human_shots=2 human_hits=1 human_damage=30 human_tsv_reward=-0.4412 bee_reward=10.3828 human_reward=-10.4412
RL 1v1 episode=390 bee_team=1 human_team=0 winner=1 timeout=False duration=70.03s bee_tsv=16->16 human_tsv=18->0 bee_shots=5 bee_hits=1 bee_damage=75 bee_tsv_reward=0.5294 human_shots=0 human_hits=0 human_damage=0 human_tsv_reward=-0.5294 bee_reward=10.4711 human_reward=-10.5294
RL 1v1 summary episodes=390 bee_record=310-80 human_record=2-388 timeouts=78 avg_duration=48.38s bee_shots=1310 bee_hits=310 bee_hit_rate=23.66 % bee_damage=23250 human_shots=274 human_hits=86 human_hit_rate=31.39 % human_damage=2540
RL 1v1 episode=391 bee_team=0 human_team=1 winner=1 timeout=False duration=12.57s bee_tsv=16->16 human_tsv=18->0 bee_shots=3 bee_hits=1 bee_damage=75 bee_tsv_reward=0.5294 human_shots=2 human_hits=0 human_damage=0 human_tsv_reward=-0.5294 bee_reward=10.5189 human_reward=-10.5294
RL 1v1 episode=392 bee_team=1 human_team=0 winner=1 timeout=False duration=105.05s bee_tsv=16->16 human_tsv=18->0 bee_shots=11 bee_hits=1 bee_damage=75 bee_tsv_reward=0.5294 human_shots=0 human_hits=0 human_damage=0 human_tsv_reward=-0.5294 bee_reward=10.4419 human_reward=-10.5294
RL 1v1 episode=393 bee_team=0 human_team=1 winner=1 timeout=False duration=42.53s bee_tsv=16->16 human_tsv=18->0 bee_shots=4 bee_hits=1 bee_damage=75 bee_tsv_reward=0.5294 human_shots=0 human_hits=0 human_damage=0 human_tsv_reward=-0.5294 bee_reward=10.4940 human_reward=-10.5294
RL 1v1 episode=394 bee_team=1 human_team=0 winner=1 timeout=False duration=35.03s bee_tsv=16->16 human_tsv=18->0 bee_shots=5 bee_hits=1 bee_damage=75 bee_tsv_reward=0.5294 human_shots=0 human_hits=0 human_damage=0 human_tsv_reward=-0.5294 bee_reward=10.5002 human_reward=-10.5294
RL 1v1 episode=395 bee_team=0 human_team=1 winner=1 timeout=False duration=95.07s bee_tsv=16->16 human_tsv=18->0 bee_shots=5 bee_hits=1 bee_damage=75 bee_tsv_reward=0.5294 human_shots=0 human_hits=0 human_damage=0 human_tsv_reward=-0.5294 bee_reward=10.4502 human_reward=-10.5294
RL 1v1 episode=396 bee_team=1 human_team=0 winner=1 timeout=False duration=50.03s bee_tsv=16->16 human_tsv=18->0 bee_shots=6 bee_hits=1 bee_damage=75 bee_tsv_reward=0.5294 human_shots=2 human_hits=0 human_damage=0 human_tsv_reward=-0.5294 bee_reward=10.4877 human_reward=-10.5294
RL 1v1 episode=397 bee_team=0 human_team=1 winner=1 timeout=False duration=10.05s bee_tsv=16->16 human_tsv=18->0 bee_shots=2 bee_hits=1 bee_damage=75 bee_tsv_reward=0.5294 human_shots=0 human_hits=0 human_damage=0 human_tsv_reward=-0.5294 bee_reward=10.5210 human_reward=-10.5294
RL 1v1 episode=398 bee_team=1 human_team=0 winner=1 timeout=False duration=7.53s bee_tsv=16->16 human_tsv=18->0 bee_shots=1 bee_hits=1 bee_damage=75 bee_tsv_reward=0.5294 human_shots=0 human_hits=0 human_damage=0 human_tsv_reward=-0.5294 bee_reward=10.5231 human_reward=-10.5294
RL 1v1 episode=399 bee_team=0 human_team=1 winner=0 timeout=True duration=119.98s bee_tsv=16->16 human_tsv=18->18 bee_shots=6 bee_hits=0 bee_damage=0 bee_tsv_reward=0.0000 human_shots=2 human_hits=0 human_damage=0 human_tsv_reward=0.0000 bee_reward=-10.0000 human_reward=-10.0000
RL 1v1 episode=400 bee_team=1 human_team=0 winner=0 timeout=True duration=119.98s bee_tsv=16->16 human_tsv=18->18 bee_shots=10 bee_hits=0 bee_damage=0 bee_tsv_reward=0.0000 human_shots=0 human_hits=0 human_damage=0 human_tsv_reward=0.0000 bee_reward=-10.0000 human_reward=-10.0000
RL 1v1 summary episodes=400 bee_record=318-82 human_record=2-398 timeouts=80 avg_duration=48.66s bee_shots=1363 bee_hits=318 bee_hit_rate=23.33 % bee_damage=23850 human_shots=280 human_hits=86 human_hit_rate=30.71 % human_damage=2540
RL 1v1 episode=401 bee_team=0 human_team=1 winner=1 timeout=False duration=10.04s bee_tsv=16->16 human_tsv=18->0 bee_shots=3 bee_hits=1 bee_damage=75 bee_tsv_reward=0.5294 human_shots=0 human_hits=0 human_damage=0 human_tsv_reward=-0.5294 bee_reward=10.5211 human_reward=-10.5294
RL 1v1 episode=402 bee_team=1 human_team=0 winner=0 timeout=True duration=119.98s bee_tsv=16->16 human_tsv=18->18 bee_shots=9 bee_hits=0 bee_damage=0 bee_tsv_reward=0.0000 human_shots=0 human_hits=0 human_damage=0 human_tsv_reward=0.0000 bee_reward=-10.0000 human_reward=-10.0000
RL 1v1 episode=403 bee_team=0 human_team=1 winner=1 timeout=False duration=85.07s bee_tsv=16->16 human_tsv=18->0 bee_shots=9 bee_hits=1 bee_damage=75 bee_tsv_reward=0.5294 human_shots=0 human_hits=0 human_damage=0 human_tsv_reward=-0.5294 bee_reward=10.4585 human_reward=-10.5294
RL 1v1 episode=404 bee_team=1 human_team=0 winner=1 timeout=False duration=2.53s bee_tsv=16->16 human_tsv=18->0 bee_shots=1 bee_hits=1 bee_damage=75 bee_tsv_reward=0.5294 human_shots=0 human_hits=0 human_damage=0 human_tsv_reward=-0.5294 bee_reward=10.5273 human_reward=-10.5294
RL 1v1 episode=405 bee_team=0 human_team=1 winner=0 timeout=True duration=119.98s bee_tsv=16->13 human_tsv=18->18 bee_shots=5 bee_hits=0 bee_damage=0 bee_tsv_reward=-0.0882 human_shots=2 human_hits=1 human_damage=30 human_tsv_reward=0.0882 bee_reward=-10.0882 human_reward=-9.9118
RL 1v1 episode=406 bee_team=1 human_team=0 winner=1 timeout=False duration=25.05s bee_tsv=16->16 human_tsv=18->0 bee_shots=1 bee_hits=1 bee_damage=75 bee_tsv_reward=0.5294 human_shots=0 human_hits=0 human_damage=0 human_tsv_reward=-0.5294 bee_reward=10.5085 human_reward=-10.5294
RL 1v1 episode=407 bee_team=0 human_team=1 winner=1 timeout=False duration=62.54s bee_tsv=16->16 human_tsv=18->0 bee_shots=4 bee_hits=1 bee_damage=75 bee_tsv_reward=0.5294 human_shots=4 human_hits=0 human_damage=0 human_tsv_reward=-0.5294 bee_reward=10.4773 human_reward=-10.5294
RL 1v1 episode=408 bee_team=1 human_team=0 winner=1 timeout=False duration=10.05s bee_tsv=16->16 human_tsv=18->0 bee_shots=2 bee_hits=1 bee_damage=75 bee_tsv_reward=0.5294 human_shots=0 human_hits=0 human_damage=0 human_tsv_reward=-0.5294 bee_reward=10.5210 human_reward=-10.5294
RL 1v1 episode=409 bee_team=0 human_team=1 winner=0 timeout=True duration=119.98s bee_tsv=16->16 human_tsv=18->18 bee_shots=10 bee_hits=0 bee_damage=0 bee_tsv_reward=0.0000 human_shots=2 human_hits=0 human_damage=0 human_tsv_reward=0.0000 bee_reward=-10.0000 human_reward=-10.0000
RL 1v1 episode=410 bee_team=1 human_team=0 winner=1 timeout=False duration=15.07s bee_tsv=16->16 human_tsv=18->0 bee_shots=3 bee_hits=1 bee_damage=75 bee_tsv_reward=0.5294 human_shots=0 human_hits=0 human_damage=0 human_tsv_reward=-0.5294 bee_reward=10.5169 human_reward=-10.5294
RL 1v1 summary episodes=410 bee_record=325-85 human_record=2-408 timeouts=83 avg_duration=48.86s bee_shots=1410 bee_hits=325 bee_hit_rate=23.05 % bee_damage=24375 human_shots=288 human_hits=87 human_hit_rate=30.21 % human_damage=2570
RL 1v1 episode=411 bee_team=0 human_team=1 winner=1 timeout=False duration=27.55s bee_tsv=16->16 human_tsv=18->0 bee_shots=2 bee_hits=1 bee_damage=75 bee_tsv_reward=0.5294 human_shots=0 human_hits=0 human_damage=0 human_tsv_reward=-0.5294 bee_reward=10.5065 human_reward=-10.5294
RL 1v1 episode=412 bee_team=1 human_team=0 winner=1 timeout=False duration=15.03s bee_tsv=16->16 human_tsv=18->0 bee_shots=1 bee_hits=1 bee_damage=75 bee_tsv_reward=0.5294 human_shots=0 human_hits=0 human_damage=0 human_tsv_reward=-0.5294 bee_reward=10.5169 human_reward=-10.5294
RL 1v1 episode=413 bee_team=0 human_team=1 winner=1 timeout=False duration=10.03s bee_tsv=16->16 human_tsv=18->0 bee_shots=1 bee_hits=1 bee_damage=75 bee_tsv_reward=0.5294 human_shots=0 human_hits=0 human_damage=0 human_tsv_reward=-0.5294 bee_reward=10.5211 human_reward=-10.5294
RL 1v1 episode=414 bee_team=1 human_team=0 winner=1 timeout=False duration=2.53s bee_tsv=16->16 human_tsv=18->0 bee_shots=1 bee_hits=1 bee_damage=75 bee_tsv_reward=0.5294 human_shots=0 human_hits=0 human_damage=0 human_tsv_reward=-0.5294 bee_reward=10.5273 human_reward=-10.5294
RL 1v1 episode=415 bee_team=0 human_team=1 winner=1 timeout=False duration=50.07s bee_tsv=16->16 human_tsv=18->0 bee_shots=6 bee_hits=1 bee_damage=75 bee_tsv_reward=0.5294 human_shots=0 human_hits=0 human_damage=0 human_tsv_reward=-0.5294 bee_reward=10.4877 human_reward=-10.5294
RL 1v1 episode=416 bee_team=1 human_team=0 winner=1 timeout=False duration=12.58s bee_tsv=16->16 human_tsv=18->0 bee_shots=3 bee_hits=1 bee_damage=75 bee_tsv_reward=0.5294 human_shots=0 human_hits=0 human_damage=0 human_tsv_reward=-0.5294 bee_reward=10.5189 human_reward=-10.5294
RL 1v1 episode=417 bee_team=0 human_team=1 winner=1 timeout=False duration=12.63s bee_tsv=16->16 human_tsv=18->0 bee_shots=2 bee_hits=1 bee_damage=75 bee_tsv_reward=0.5294 human_shots=0 human_hits=0 human_damage=0 human_tsv_reward=-0.5294 bee_reward=10.5189 human_reward=-10.5294
RL 1v1 episode=418 bee_team=1 human_team=0 winner=1 timeout=False duration=7.55s bee_tsv=16->16 human_tsv=18->0 bee_shots=2 bee_hits=1 bee_damage=75 bee_tsv_reward=0.5294 human_shots=0 human_hits=0 human_damage=0 human_tsv_reward=-0.5294 bee_reward=10.5231 human_reward=-10.5294
RL 1v1 episode=419 bee_team=0 human_team=1 winner=1 timeout=False duration=15.03s bee_tsv=16->16 human_tsv=18->0 bee_shots=2 bee_hits=1 bee_damage=75 bee_tsv_reward=0.5294 human_shots=2 human_hits=0 human_damage=0 human_tsv_reward=-0.5294 bee_reward=10.5169 human_reward=-10.5294
RL 1v1 episode=420 bee_team=1 human_team=0 winner=1 timeout=False duration=32.55s bee_tsv=16->16 human_tsv=18->0 bee_shots=3 bee_hits=1 bee_damage=75 bee_tsv_reward=0.5294 human_shots=0 human_hits=0 human_damage=0 human_tsv_reward=-0.5294 bee_reward=10.5023 human_reward=-10.5294
RL 1v1 summary episodes=420 bee_record=335-85 human_record=2-418 timeouts=83 avg_duration=48.14s bee_shots=1433 bee_hits=335 bee_hit_rate=23.38 % bee_damage=25125 human_shots=290 human_hits=87 human_hit_rate=30.00 % human_damage=2570
RL 1v1 episode=421 bee_team=0 human_team=1 winner=0 timeout=True duration=119.98s bee_tsv=16->13 human_tsv=18->18 bee_shots=11 bee_hits=0 bee_damage=0 bee_tsv_reward=-0.0882 human_shots=2 human_hits=1 human_damage=30 human_tsv_reward=0.0882 bee_reward=-10.0882 human_reward=-9.9118
RL 1v1 episode=422 bee_team=1 human_team=0 winner=1 timeout=False duration=2.55s bee_tsv=16->16 human_tsv=18->0 bee_shots=1 bee_hits=1 bee_damage=75 bee_tsv_reward=0.5294 human_shots=0 human_hits=0 human_damage=0 human_tsv_reward=-0.5294 bee_reward=10.5273 human_reward=-10.5294
RL 1v1 episode=423 bee_team=0 human_team=1 winner=0 timeout=True duration=119.98s bee_tsv=16->13 human_tsv=18->18 bee_shots=11 bee_hits=0 bee_damage=0 bee_tsv_reward=-0.0882 human_shots=8 human_hits=1 human_damage=30 human_tsv_reward=0.0882 bee_reward=-10.0882 human_reward=-9.9118
RL 1v1 episode=424 bee_team=1 human_team=0 winner=1 timeout=False duration=50.04s bee_tsv=16->16 human_tsv=18->0 bee_shots=5 bee_hits=1 bee_damage=75 bee_tsv_reward=0.5294 human_shots=0 human_hits=0 human_damage=0 human_tsv_reward=-0.5294 bee_reward=10.4877 human_reward=-10.5294
RL 1v1 episode=425 bee_team=0 human_team=1 winner=1 timeout=False duration=2.55s bee_tsv=16->16 human_tsv=18->0 bee_shots=1 bee_hits=1 bee_damage=75 bee_tsv_reward=0.5294 human_shots=0 human_hits=0 human_damage=0 human_tsv_reward=-0.5294 bee_reward=10.5273 human_reward=-10.5294
RL 1v1 episode=426 bee_team=1 human_team=0 winner=1 timeout=False duration=70.10s bee_tsv=16->16 human_tsv=18->0 bee_shots=3 bee_hits=1 bee_damage=75 bee_tsv_reward=0.5294 human_shots=2 human_hits=0 human_damage=0 human_tsv_reward=-0.5294 bee_reward=10.4710 human_reward=-10.5294
RL 1v1 episode=427 bee_team=0 human_team=1 winner=1 timeout=False duration=5.07s bee_tsv=16->16 human_tsv=18->0 bee_shots=2 bee_hits=1 bee_damage=75 bee_tsv_reward=0.5294 human_shots=0 human_hits=0 human_damage=0 human_tsv_reward=-0.5294 bee_reward=10.5252 human_reward=-10.5294
RL 1v1 episode=428 bee_team=1 human_team=0 winner=0 timeout=True duration=119.98s bee_tsv=16->13 human_tsv=18->18 bee_shots=5 bee_hits=0 bee_damage=0 bee_tsv_reward=-0.0882 human_shots=2 human_hits=1 human_damage=30 human_tsv_reward=0.0882 bee_reward=-10.0882 human_reward=-9.9118
RL 1v1 episode=429 bee_team=0 human_team=1 winner=1 timeout=False duration=12.53s bee_tsv=16->16 human_tsv=18->0 bee_shots=2 bee_hits=1 bee_damage=75 bee_tsv_reward=0.5294 human_shots=0 human_hits=0 human_damage=0 human_tsv_reward=-0.5294 bee_reward=10.5190 human_reward=-10.5294
RL 1v1 episode=430 bee_team=1 human_team=0 winner=1 timeout=False duration=20.03s bee_tsv=16->11 human_tsv=18->0 bee_shots=1 bee_hits=1 bee_damage=75 bee_tsv_reward=0.3824 human_shots=2 human_hits=2 human_damage=60 human_tsv_reward=-0.3824 bee_reward=10.3657 human_reward=-10.3824
RL 1v1 summary episodes=430 bee_record=342-88 human_record=2-428 timeouts=86 avg_duration=48.24s bee_shots=1475 bee_hits=342 bee_hit_rate=23.19 % bee_damage=25650 human_shots=306 human_hits=92 human_hit_rate=30.07 % human_damage=2720
RL 1v1 episode=431 bee_team=0 human_team=1 winner=1 timeout=False duration=12.58s bee_tsv=16->16 human_tsv=18->0 bee_shots=2 bee_hits=1 bee_damage=75 bee_tsv_reward=0.5294 human_shots=0 human_hits=0 human_damage=0 human_tsv_reward=-0.5294 bee_reward=10.5189 human_reward=-10.5294
RL 1v1 episode=432 bee_team=1 human_team=0 winner=0 timeout=True duration=119.98s bee_tsv=16->13 human_tsv=18->18 bee_shots=11 bee_hits=0 bee_damage=0 bee_tsv_reward=-0.0882 human_shots=6 human_hits=1 human_damage=30 human_tsv_reward=0.0882 bee_reward=-10.0882 human_reward=-9.9118
RL 1v1 episode=433 bee_team=0 human_team=1 winner=1 timeout=False duration=10.03s bee_tsv=16->16 human_tsv=18->0 bee_shots=1 bee_hits=1 bee_damage=75 bee_tsv_reward=0.5294 human_shots=0 human_hits=0 human_damage=0 human_tsv_reward=-0.5294 bee_reward=10.5211 human_reward=-10.5294
RL 1v1 episode=434 bee_team=1 human_team=0 winner=1 timeout=False duration=20.03s bee_tsv=16->16 human_tsv=18->0 bee_shots=5 bee_hits=1 bee_damage=75 bee_tsv_reward=0.5294 human_shots=2 human_hits=0 human_damage=0 human_tsv_reward=-0.5294 bee_reward=10.5127 human_reward=-10.5294
RL 1v1 episode=435 bee_team=0 human_team=1 winner=1 timeout=False duration=2.53s bee_tsv=16->16 human_tsv=18->0 bee_shots=1 bee_hits=1 bee_damage=75 bee_tsv_reward=0.5294 human_shots=0 human_hits=0 human_damage=0 human_tsv_reward=-0.5294 bee_reward=10.5273 human_reward=-10.5294
RL 1v1 episode=436 bee_team=1 human_team=0 winner=0 timeout=True duration=119.98s bee_tsv=16->13 human_tsv=18->18 bee_shots=5 bee_hits=0 bee_damage=0 bee_tsv_reward=-0.0882 human_shots=14 human_hits=1 human_damage=30 human_tsv_reward=0.0882 bee_reward=-10.0882 human_reward=-9.9118
RL 1v1 episode=437 bee_team=0 human_team=1 winner=1 timeout=False duration=5.03s bee_tsv=16->16 human_tsv=18->0 bee_shots=1 bee_hits=1 bee_damage=75 bee_tsv_reward=0.5294 human_shots=0 human_hits=0 human_damage=0 human_tsv_reward=-0.5294 bee_reward=10.5252 human_reward=-10.5294
RL 1v1 episode=438 bee_team=1 human_team=0 winner=0 timeout=True duration=119.98s bee_tsv=16->16 human_tsv=18->18 bee_shots=8 bee_hits=0 bee_damage=0 bee_tsv_reward=0.0000 human_shots=8 human_hits=0 human_damage=0 human_tsv_reward=0.0000 bee_reward=-10.0000 human_reward=-10.0000
RL 1v1 episode=439 bee_team=0 human_team=1 winner=1 timeout=False duration=32.53s bee_tsv=16->16 human_tsv=18->0 bee_shots=7 bee_hits=1 bee_damage=75 bee_tsv_reward=0.5294 human_shots=0 human_hits=0 human_damage=0 human_tsv_reward=-0.5294 bee_reward=10.5023 human_reward=-10.5294
RL 1v1 episode=440 bee_team=1 human_team=0 winner=0 timeout=True duration=119.98s bee_tsv=16->13 human_tsv=18->18 bee_shots=8 bee_hits=0 bee_damage=0 bee_tsv_reward=-0.0882 human_shots=8 human_hits=1 human_damage=30 human_tsv_reward=0.0882 bee_reward=-10.0882 human_reward=-9.9118
RL 1v1 summary episodes=440 bee_record=348-92 human_record=2-438 timeouts=90 avg_duration=48.42s bee_shots=1524 bee_hits=348 bee_hit_rate=22.83 % bee_damage=26100 human_shots=344 human_hits=95 human_hit_rate=27.62 % human_damage=2810
RL 1v1 episode=441 bee_team=0 human_team=1 winner=1 timeout=False duration=7.55s bee_tsv=16->16 human_tsv=18->0 bee_shots=1 bee_hits=1 bee_damage=75 bee_tsv_reward=0.5294 human_shots=2 human_hits=0 human_damage=0 human_tsv_reward=-0.5294 bee_reward=10.5231 human_reward=-10.5294
RL 1v1 episode=442 bee_team=1 human_team=0 winner=0 timeout=True duration=119.98s bee_tsv=16->16 human_tsv=18->18 bee_shots=9 bee_hits=0 bee_damage=0 bee_tsv_reward=0.0000 human_shots=4 human_hits=0 human_damage=0 human_tsv_reward=0.0000 bee_reward=-10.0000 human_reward=-10.0000
RL 1v1 episode=443 bee_team=0 human_team=1 winner=1 timeout=False duration=15.05s bee_tsv=16->16 human_tsv=18->0 bee_shots=2 bee_hits=1 bee_damage=75 bee_tsv_reward=0.5294 human_shots=0 human_hits=0 human_damage=0 human_tsv_reward=-0.5294 bee_reward=10.5169 human_reward=-10.5294
RL 1v1 episode=444 bee_team=1 human_team=0 winner=1 timeout=False duration=62.55s bee_tsv=16->16 human_tsv=18->0 bee_shots=3 bee_hits=1 bee_damage=75 bee_tsv_reward=0.5294 human_shots=0 human_hits=0 human_damage=0 human_tsv_reward=-0.5294 bee_reward=10.4773 human_reward=-10.5294
RL 1v1 episode=445 bee_team=0 human_team=1 winner=1 timeout=False duration=7.53s bee_tsv=16->16 human_tsv=18->0 bee_shots=2 bee_hits=1 bee_damage=75 bee_tsv_reward=0.5294 human_shots=0 human_hits=0 human_damage=0 human_tsv_reward=-0.5294 bee_reward=10.5231 human_reward=-10.5294
RL 1v1 episode=446 bee_team=1 human_team=0 winner=1 timeout=False duration=5.03s bee_tsv=16->16 human_tsv=18->0 bee_shots=1 bee_hits=1 bee_damage=75 bee_tsv_reward=0.5294 human_shots=0 human_hits=0 human_damage=0 human_tsv_reward=-0.5294 bee_reward=10.5252 human_reward=-10.5294
RL 1v1 episode=447 bee_team=0 human_team=1 winner=1 timeout=False duration=5.15s bee_tsv=16->16 human_tsv=18->0 bee_shots=2 bee_hits=1 bee_damage=75 bee_tsv_reward=0.5294 human_shots=0 human_hits=0 human_damage=0 human_tsv_reward=-0.5294 bee_reward=10.5251 human_reward=-10.5294
RL 1v1 episode=448 bee_team=1 human_team=0 winner=1 timeout=False duration=5.07s bee_tsv=16->16 human_tsv=18->0 bee_shots=1 bee_hits=1 bee_damage=75 bee_tsv_reward=0.5294 human_shots=0 human_hits=0 human_damage=0 human_tsv_reward=-0.5294 bee_reward=10.5252 human_reward=-10.5294
RL 1v1 episode=449 bee_team=0 human_team=1 winner=1 timeout=False duration=7.53s bee_tsv=16->16 human_tsv=18->0 bee_shots=2 bee_hits=1 bee_damage=75 bee_tsv_reward=0.5294 human_shots=0 human_hits=0 human_damage=0 human_tsv_reward=-0.5294 bee_reward=10.5231 human_reward=-10.5294
RL 1v1 episode=450 bee_team=1 human_team=0 winner=1 timeout=False duration=32.53s bee_tsv=16->16 human_tsv=18->0 bee_shots=7 bee_hits=1 bee_damage=75 bee_tsv_reward=0.5294 human_shots=2 human_hits=0 human_damage=0 human_tsv_reward=-0.5294 bee_reward=10.5023 human_reward=-10.5294
RL 1v1 summary episodes=450 bee_record=357-93 human_record=2-448 timeouts=91 avg_duration=47.94s bee_shots=1554 bee_hits=357 bee_hit_rate=22.97 % bee_damage=26775 human_shots=352 human_hits=95 human_hit_rate=26.99 % human_damage=2810
RL 1v1 episode=451 bee_team=0 human_team=1 winner=1 timeout=False duration=5.03s bee_tsv=16->16 human_tsv=18->0 bee_shots=1 bee_hits=1 bee_damage=75 bee_tsv_reward=0.5294 human_shots=0 human_hits=0 human_damage=0 human_tsv_reward=-0.5294 bee_reward=10.5252 human_reward=-10.5294
RL 1v1 episode=452 bee_team=1 human_team=0 winner=1 timeout=False duration=10.03s bee_tsv=16->16 human_tsv=18->0 bee_shots=1 bee_hits=1 bee_damage=75 bee_tsv_reward=0.5294 human_shots=0 human_hits=0 human_damage=0 human_tsv_reward=-0.5294 bee_reward=10.5211 human_reward=-10.5294
RL 1v1 episode=453 bee_team=0 human_team=1 winner=1 timeout=False duration=20.13s bee_tsv=16->13 human_tsv=18->0 bee_shots=2 bee_hits=1 bee_damage=75 bee_tsv_reward=0.4412 human_shots=4 human_hits=1 human_damage=30 human_tsv_reward=-0.4412 bee_reward=10.4244 human_reward=-10.4412
RL 1v1 episode=454 bee_team=1 human_team=0 winner=1 timeout=False duration=5.03s bee_tsv=16->16 human_tsv=18->0 bee_shots=1 bee_hits=1 bee_damage=75 bee_tsv_reward=0.5294 human_shots=0 human_hits=0 human_damage=0 human_tsv_reward=-0.5294 bee_reward=10.5252 human_reward=-10.5294
RL 1v1 episode=455 bee_team=0 human_team=1 winner=1 timeout=False duration=15.10s bee_tsv=16->8 human_tsv=18->0 bee_shots=1 bee_hits=1 bee_damage=75 bee_tsv_reward=0.2941 human_shots=4 human_hits=3 human_damage=90 human_tsv_reward=-0.2941 bee_reward=10.2815 human_reward=-10.2941
RL 1v1 episode=456 bee_team=1 human_team=0 winner=1 timeout=False duration=17.65s bee_tsv=16->16 human_tsv=18->0 bee_shots=3 bee_hits=1 bee_damage=75 bee_tsv_reward=0.5294 human_shots=0 human_hits=0 human_damage=0 human_tsv_reward=-0.5294 bee_reward=10.5147 human_reward=-10.5294
RL 1v1 episode=457 bee_team=0 human_team=1 winner=1 timeout=False duration=40.05s bee_tsv=16->16 human_tsv=18->0 bee_shots=4 bee_hits=1 bee_damage=75 bee_tsv_reward=0.5294 human_shots=2 human_hits=0 human_damage=0 human_tsv_reward=-0.5294 bee_reward=10.4960 human_reward=-10.5294
RL 1v1 episode=458 bee_team=1 human_team=0 winner=1 timeout=False duration=22.55s bee_tsv=16->16 human_tsv=18->0 bee_shots=5 bee_hits=1 bee_damage=75 bee_tsv_reward=0.5294 human_shots=0 human_hits=0 human_damage=0 human_tsv_reward=-0.5294 bee_reward=10.5106 human_reward=-10.5294
RL 1v1 episode=459 bee_team=0 human_team=1 winner=1 timeout=False duration=17.55s bee_tsv=16->16 human_tsv=18->0 bee_shots=3 bee_hits=1 bee_damage=75 bee_tsv_reward=0.5294 human_shots=0 human_hits=0 human_damage=0 human_tsv_reward=-0.5294 bee_reward=10.5148 human_reward=-10.5294
RL 1v1 episode=460 bee_team=1 human_team=0 winner=1 timeout=False duration=15.03s bee_tsv=16->16 human_tsv=18->0 bee_shots=2 bee_hits=1 bee_damage=75 bee_tsv_reward=0.5294 human_shots=0 human_hits=0 human_damage=0 human_tsv_reward=-0.5294 bee_reward=10.5169 human_reward=-10.5294
RL 1v1 summary episodes=460 bee_record=367-93 human_record=2-458 timeouts=91 avg_duration=47.26s bee_shots=1577 bee_hits=367 bee_hit_rate=23.27 % bee_damage=27525 human_shots=362 human_hits=99 human_hit_rate=27.35 % human_damage=2930
RL 1v1 episode=461 bee_team=0 human_team=1 winner=0 timeout=True duration=119.98s bee_tsv=16->11 human_tsv=18->18 bee_shots=12 bee_hits=0 bee_damage=0 bee_tsv_reward=-0.1471 human_shots=8 human_hits=2 human_damage=60 human_tsv_reward=0.1471 bee_reward=-10.1471 human_reward=-9.8529
RL 1v1 episode=462 bee_team=1 human_team=0 winner=1 timeout=False duration=7.55s bee_tsv=16->16 human_tsv=18->0 bee_shots=2 bee_hits=1 bee_damage=75 bee_tsv_reward=0.5294 human_shots=0 human_hits=0 human_damage=0 human_tsv_reward=-0.5294 bee_reward=10.5231 human_reward=-10.5294
RL 1v1 episode=463 bee_team=0 human_team=1 winner=0 timeout=True duration=119.98s bee_tsv=16->13 human_tsv=18->18 bee_shots=8 bee_hits=0 bee_damage=0 bee_tsv_reward=-0.0882 human_shots=12 human_hits=1 human_damage=30 human_tsv_reward=0.0882 bee_reward=-10.0882 human_reward=-9.9118
RL 1v1 episode=464 bee_team=1 human_team=0 winner=1 timeout=False duration=22.53s bee_tsv=16->16 human_tsv=18->0 bee_shots=4 bee_hits=1 bee_damage=75 bee_tsv_reward=0.5294 human_shots=0 human_hits=0 human_damage=0 human_tsv_reward=-0.5294 bee_reward=10.5106 human_reward=-10.5294
RL 1v1 episode=465 bee_team=0 human_team=1 winner=1 timeout=False duration=2.53s bee_tsv=16->16 human_tsv=18->0 bee_shots=1 bee_hits=1 bee_damage=75 bee_tsv_reward=0.5294 human_shots=0 human_hits=0 human_damage=0 human_tsv_reward=-0.5294 bee_reward=10.5273 human_reward=-10.5294
RL 1v1 episode=466 bee_team=1 human_team=0 winner=1 timeout=False duration=17.53s bee_tsv=16->16 human_tsv=18->0 bee_shots=2 bee_hits=1 bee_damage=75 bee_tsv_reward=0.5294 human_shots=0 human_hits=0 human_damage=0 human_tsv_reward=-0.5294 bee_reward=10.5148 human_reward=-10.5294
RL 1v1 episode=467 bee_team=0 human_team=1 winner=1 timeout=False duration=32.57s bee_tsv=16->11 human_tsv=18->0 bee_shots=4 bee_hits=1 bee_damage=75 bee_tsv_reward=0.3824 human_shots=2 human_hits=2 human_damage=60 human_tsv_reward=-0.3824 bee_reward=10.3552 human_reward=-10.3824
RL 1v1 episode=468 bee_team=1 human_team=0 winner=1 timeout=False duration=7.57s bee_tsv=16->16 human_tsv=18->0 bee_shots=2 bee_hits=1 bee_damage=75 bee_tsv_reward=0.5294 human_shots=0 human_hits=0 human_damage=0 human_tsv_reward=-0.5294 bee_reward=10.5231 human_reward=-10.5294
RL 1v1 episode=469 bee_team=0 human_team=1 winner=1 timeout=False duration=10.05s bee_tsv=16->16 human_tsv=18->0 bee_shots=2 bee_hits=1 bee_damage=75 bee_tsv_reward=0.5294 human_shots=0 human_hits=0 human_damage=0 human_tsv_reward=-0.5294 bee_reward=10.5210 human_reward=-10.5294
RL 1v1 episode=470 bee_team=1 human_team=0 winner=1 timeout=False duration=32.53s bee_tsv=16->16 human_tsv=18->0 bee_shots=8 bee_hits=1 bee_damage=75 bee_tsv_reward=0.5294 human_shots=0 human_hits=0 human_damage=0 human_tsv_reward=-0.5294 bee_reward=10.5023 human_reward=-10.5294
RL 1v1 summary episodes=470 bee_record=375-95 human_record=2-468 timeouts=93 avg_duration=47.05s bee_shots=1622 bee_hits=375 bee_hit_rate=23.12 % bee_damage=28125 human_shots=384 human_hits=104 human_hit_rate=27.08 % human_damage=3080
RL 1v1 episode=471 bee_team=0 human_team=1 winner=1 timeout=False duration=2.55s bee_tsv=16->16 human_tsv=18->0 bee_shots=1 bee_hits=1 bee_damage=75 bee_tsv_reward=0.5294 human_shots=0 human_hits=0 human_damage=0 human_tsv_reward=-0.5294 bee_reward=10.5273 human_reward=-10.5294
RL 1v1 episode=472 bee_team=1 human_team=0 winner=1 timeout=False duration=25.03s bee_tsv=16->16 human_tsv=18->0 bee_shots=6 bee_hits=1 bee_damage=75 bee_tsv_reward=0.5294 human_shots=0 human_hits=0 human_damage=0 human_tsv_reward=-0.5294 bee_reward=10.5086 human_reward=-10.5294
RL 1v1 episode=473 bee_team=0 human_team=1 winner=1 timeout=False duration=5.03s bee_tsv=16->16 human_tsv=18->0 bee_shots=1 bee_hits=1 bee_damage=75 bee_tsv_reward=0.5294 human_shots=0 human_hits=0 human_damage=0 human_tsv_reward=-0.5294 bee_reward=10.5252 human_reward=-10.5294
RL 1v1 episode=474 bee_team=1 human_team=0 winner=1 timeout=False duration=12.57s bee_tsv=16->16 human_tsv=18->0 bee_shots=1 bee_hits=1 bee_damage=75 bee_tsv_reward=0.5294 human_shots=0 human_hits=0 human_damage=0 human_tsv_reward=-0.5294 bee_reward=10.5189 human_reward=-10.5294
RL 1v1 episode=475 bee_team=0 human_team=1 winner=1 timeout=False duration=15.18s bee_tsv=16->13 human_tsv=18->0 bee_shots=3 bee_hits=1 bee_damage=75 bee_tsv_reward=0.4412 human_shots=2 human_hits=1 human_damage=30 human_tsv_reward=-0.4412 bee_reward=10.4285 human_reward=-10.4412
RL 1v1 episode=476 bee_team=1 human_team=0 winner=1 timeout=False duration=5.20s bee_tsv=16->16 human_tsv=18->0 bee_shots=1 bee_hits=1 bee_damage=75 bee_tsv_reward=0.5294 human_shots=0 human_hits=0 human_damage=0 human_tsv_reward=-0.5294 bee_reward=10.5251 human_reward=-10.5294
RL 1v1 episode=477 bee_team=0 human_team=1 winner=1 timeout=False duration=5.12s bee_tsv=16->16 human_tsv=18->0 bee_shots=1 bee_hits=1 bee_damage=75 bee_tsv_reward=0.5294 human_shots=2 human_hits=0 human_damage=0 human_tsv_reward=-0.5294 bee_reward=10.5252 human_reward=-10.5294
RL 1v1 episode=478 bee_team=1 human_team=0 winner=1 timeout=False duration=2.55s bee_tsv=16->16 human_tsv=18->0 bee_shots=1 bee_hits=1 bee_damage=75 bee_tsv_reward=0.5294 human_shots=0 human_hits=0 human_damage=0 human_tsv_reward=-0.5294 bee_reward=10.5273 human_reward=-10.5294
RL 1v1 episode=479 bee_team=0 human_team=1 winner=1 timeout=False duration=5.03s bee_tsv=16->16 human_tsv=18->0 bee_shots=1 bee_hits=1 bee_damage=75 bee_tsv_reward=0.5294 human_shots=0 human_hits=0 human_damage=0 human_tsv_reward=-0.5294 bee_reward=10.5252 human_reward=-10.5294
RL 1v1 episode=480 bee_team=1 human_team=0 winner=1 timeout=False duration=2.63s bee_tsv=16->16 human_tsv=18->0 bee_shots=1 bee_hits=1 bee_damage=75 bee_tsv_reward=0.5294 human_shots=0 human_hits=0 human_damage=0 human_tsv_reward=-0.5294 bee_reward=10.5272 human_reward=-10.5294
RL 1v1 summary episodes=480 bee_record=385-95 human_record=2-478 timeouts=93 avg_duration=46.24s bee_shots=1639 bee_hits=385 bee_hit_rate=23.49 % bee_damage=28875 human_shots=388 human_hits=105 human_hit_rate=27.06 % human_damage=3110
RL 1v1 episode=481 bee_team=0 human_team=1 winner=1 timeout=False duration=2.53s bee_tsv=16->16 human_tsv=18->0 bee_shots=1 bee_hits=1 bee_damage=75 bee_tsv_reward=0.5294 human_shots=0 human_hits=0 human_damage=0 human_tsv_reward=-0.5294 bee_reward=10.5273 human_reward=-10.5294
RL 1v1 episode=482 bee_team=1 human_team=0 winner=1 timeout=False duration=15.03s bee_tsv=16->16 human_tsv=18->0 bee_shots=3 bee_hits=1 bee_damage=75 bee_tsv_reward=0.5294 human_shots=0 human_hits=0 human_damage=0 human_tsv_reward=-0.5294 bee_reward=10.5169 human_reward=-10.5294
RL 1v1 episode=483 bee_team=0 human_team=1 winner=1 timeout=False duration=2.53s bee_tsv=16->16 human_tsv=18->0 bee_shots=1 bee_hits=1 bee_damage=75 bee_tsv_reward=0.5294 human_shots=0 human_hits=0 human_damage=0 human_tsv_reward=-0.5294 bee_reward=10.5273 human_reward=-10.5294
RL 1v1 episode=484 bee_team=1 human_team=0 winner=1 timeout=False duration=52.63s bee_tsv=16->13 human_tsv=18->0 bee_shots=5 bee_hits=1 bee_damage=75 bee_tsv_reward=0.4412 human_shots=2 human_hits=1 human_damage=30 human_tsv_reward=-0.4412 bee_reward=10.3973 human_reward=-10.4412
RL 1v1 episode=485 bee_team=0 human_team=1 winner=1 timeout=False duration=12.60s bee_tsv=16->16 human_tsv=18->0 bee_shots=4 bee_hits=1 bee_damage=75 bee_tsv_reward=0.5294 human_shots=0 human_hits=0 human_damage=0 human_tsv_reward=-0.5294 bee_reward=10.5189 human_reward=-10.5294
RL 1v1 episode=486 bee_team=1 human_team=0 winner=1 timeout=False duration=12.65s bee_tsv=16->16 human_tsv=18->0 bee_shots=3 bee_hits=1 bee_damage=75 bee_tsv_reward=0.5294 human_shots=0 human_hits=0 human_damage=0 human_tsv_reward=-0.5294 bee_reward=10.5189 human_reward=-10.5294
RL 1v1 episode=487 bee_team=0 human_team=1 winner=1 timeout=False duration=7.53s bee_tsv=16->16 human_tsv=18->0 bee_shots=1 bee_hits=1 bee_damage=75 bee_tsv_reward=0.5294 human_shots=0 human_hits=0 human_damage=0 human_tsv_reward=-0.5294 bee_reward=10.5231 human_reward=-10.5294
RL 1v1 episode=488 bee_team=1 human_team=0 winner=1 timeout=False duration=10.08s bee_tsv=16->16 human_tsv=18->0 bee_shots=1 bee_hits=1 bee_damage=75 bee_tsv_reward=0.5294 human_shots=0 human_hits=0 human_damage=0 human_tsv_reward=-0.5294 bee_reward=10.5210 human_reward=-10.5294
RL 1v1 episode=489 bee_team=0 human_team=1 winner=1 timeout=False duration=2.55s bee_tsv=16->16 human_tsv=18->0 bee_shots=1 bee_hits=1 bee_damage=75 bee_tsv_reward=0.5294 human_shots=0 human_hits=0 human_damage=0 human_tsv_reward=-0.5294 bee_reward=10.5273 human_reward=-10.5294
RL 1v1 episode=490 bee_team=1 human_team=0 winner=1 timeout=False duration=15.03s bee_tsv=16->16 human_tsv=18->0 bee_shots=4 bee_hits=1 bee_damage=75 bee_tsv_reward=0.5294 human_shots=0 human_hits=0 human_damage=0 human_tsv_reward=-0.5294 bee_reward=10.5169 human_reward=-10.5294
RL 1v1 summary episodes=490 bee_record=395-95 human_record=2-488 timeouts=93 avg_duration=45.57s bee_shots=1663 bee_hits=395 bee_hit_rate=23.75 % bee_damage=29625 human_shots=390 human_hits=106 human_hit_rate=27.18 % human_damage=3140
RL 1v1 episode=491 bee_team=0 human_team=1 winner=1 timeout=False duration=7.53s bee_tsv=16->16 human_tsv=18->0 bee_shots=1 bee_hits=1 bee_damage=75 bee_tsv_reward=0.5294 human_shots=0 human_hits=0 human_damage=0 human_tsv_reward=-0.5294 bee_reward=10.5231 human_reward=-10.5294
RL 1v1 episode=492 bee_team=1 human_team=0 winner=1 timeout=False duration=2.53s bee_tsv=16->16 human_tsv=18->0 bee_shots=1 bee_hits=1 bee_damage=75 bee_tsv_reward=0.5294 human_shots=0 human_hits=0 human_damage=0 human_tsv_reward=-0.5294 bee_reward=10.5273 human_reward=-10.5294
RL 1v1 episode=493 bee_team=0 human_team=1 winner=1 timeout=False duration=7.53s bee_tsv=16->16 human_tsv=18->0 bee_shots=3 bee_hits=1 bee_damage=75 bee_tsv_reward=0.5294 human_shots=0 human_hits=0 human_damage=0 human_tsv_reward=-0.5294 bee_reward=10.5231 human_reward=-10.5294
RL 1v1 episode=494 bee_team=1 human_team=0 winner=1 timeout=False duration=10.03s bee_tsv=16->16 human_tsv=18->0 bee_shots=2 bee_hits=1 bee_damage=75 bee_tsv_reward=0.5294 human_shots=0 human_hits=0 human_damage=0 human_tsv_reward=-0.5294 bee_reward=10.5211 human_reward=-10.5294
RL 1v1 episode=495 bee_team=0 human_team=1 winner=1 timeout=False duration=5.03s bee_tsv=16->16 human_tsv=18->0 bee_shots=1 bee_hits=1 bee_damage=75 bee_tsv_reward=0.5294 human_shots=0 human_hits=0 human_damage=0 human_tsv_reward=-0.5294 bee_reward=10.5252 human_reward=-10.5294
RL 1v1 episode=496 bee_team=1 human_team=0 winner=1 timeout=False duration=5.10s bee_tsv=16->16 human_tsv=18->0 bee_shots=2 bee_hits=1 bee_damage=75 bee_tsv_reward=0.5294 human_shots=0 human_hits=0 human_damage=0 human_tsv_reward=-0.5294 bee_reward=10.5252 human_reward=-10.5294
RL 1v1 episode=497 bee_team=0 human_team=1 winner=1 timeout=False duration=12.58s bee_tsv=16->16 human_tsv=18->0 bee_shots=1 bee_hits=1 bee_damage=75 bee_tsv_reward=0.5294 human_shots=0 human_hits=0 human_damage=0 human_tsv_reward=-0.5294 bee_reward=10.5189 human_reward=-10.5294
RL 1v1 episode=498 bee_team=1 human_team=0 winner=1 timeout=False duration=17.57s bee_tsv=16->16 human_tsv=18->0 bee_shots=1 bee_hits=1 bee_damage=75 bee_tsv_reward=0.5294 human_shots=0 human_hits=0 human_damage=0 human_tsv_reward=-0.5294 bee_reward=10.5148 human_reward=-10.5294
RL 1v1 episode=499 bee_team=0 human_team=1 winner=1 timeout=False duration=32.53s bee_tsv=16->16 human_tsv=18->0 bee_shots=4 bee_hits=1 bee_damage=75 bee_tsv_reward=0.5294 human_shots=0 human_hits=0 human_damage=0 human_tsv_reward=-0.5294 bee_reward=10.5023 human_reward=-10.5294
RL 1v1 episode=500 bee_team=1 human_team=0 winner=1 timeout=False duration=10.07s bee_tsv=16->16 human_tsv=18->0 bee_shots=2 bee_hits=1 bee_damage=75 bee_tsv_reward=0.5294 human_shots=0 human_hits=0 human_damage=0 human_tsv_reward=-0.5294 bee_reward=10.5210 human_reward=-10.5294
RL 1v1 summary episodes=500 bee_record=405-95 human_record=2-498 timeouts=93 avg_duration=44.88s bee_shots=1681 bee_hits=405 bee_hit_rate=24.09 % bee_damage=30375 human_shots=390 human_hits=106 human_hit_rate=27.18 % human_damage=3140
RL 1v1 episode=501 bee_team=0 human_team=1 winner=1 timeout=False duration=2.60s bee_tsv=16->16 human_tsv=18->0 bee_shots=1 bee_hits=1 bee_damage=75 bee_tsv_reward=0.5294 human_shots=0 human_hits=0 human_damage=0 human_tsv_reward=-0.5294 bee_reward=10.5273 human_reward=-10.5294
RL 1v1 episode=502 bee_team=1 human_team=0 winner=1 timeout=False duration=7.57s bee_tsv=16->16 human_tsv=18->0 bee_shots=1 bee_hits=1 bee_damage=75 bee_tsv_reward=0.5294 human_shots=0 human_hits=0 human_damage=0 human_tsv_reward=-0.5294 bee_reward=10.5231 human_reward=-10.5294
RL 1v1 episode=503 bee_team=0 human_team=1 winner=1 timeout=False duration=25.08s bee_tsv=16->16 human_tsv=18->0 bee_shots=5 bee_hits=1 bee_damage=75 bee_tsv_reward=0.5294 human_shots=2 human_hits=0 human_damage=0 human_tsv_reward=-0.5294 bee_reward=10.5085 human_reward=-10.5294
RL 1v1 episode=504 bee_team=1 human_team=0 winner=1 timeout=False duration=2.55s bee_tsv=16->16 human_tsv=18->0 bee_shots=1 bee_hits=1 bee_damage=75 bee_tsv_reward=0.5294 human_shots=0 human_hits=0 human_damage=0 human_tsv_reward=-0.5294 bee_reward=10.5273 human_reward=-10.5294
RL 1v1 episode=505 bee_team=0 human_team=1 winner=1 timeout=False duration=10.03s bee_tsv=16->16 human_tsv=18->0 bee_shots=1 bee_hits=1 bee_damage=75 bee_tsv_reward=0.5294 human_shots=0 human_hits=0 human_damage=0 human_tsv_reward=-0.5294 bee_reward=10.5211 human_reward=-10.5294
RL 1v1 episode=506 bee_team=1 human_team=0 winner=1 timeout=False duration=2.53s bee_tsv=16->16 human_tsv=18->0 bee_shots=1 bee_hits=1 bee_damage=75 bee_tsv_reward=0.5294 human_shots=0 human_hits=0 human_damage=0 human_tsv_reward=-0.5294 bee_reward=10.5273 human_reward=-10.5294
RL 1v1 episode=507 bee_team=0 human_team=1 winner=1 timeout=False duration=30.03s bee_tsv=16->13 human_tsv=18->0 bee_shots=7 bee_hits=1 bee_damage=75 bee_tsv_reward=0.4412 human_shots=2 human_hits=1 human_damage=30 human_tsv_reward=-0.4412 bee_reward=10.4162 human_reward=-10.4412
RL 1v1 episode=508 bee_team=1 human_team=0 winner=1 timeout=False duration=17.53s bee_tsv=16->16 human_tsv=18->0 bee_shots=3 bee_hits=1 bee_damage=75 bee_tsv_reward=0.5294 human_shots=0 human_hits=0 human_damage=0 human_tsv_reward=-0.5294 bee_reward=10.5148 human_reward=-10.5294
RL 1v1 episode=509 bee_team=0 human_team=1 winner=1 timeout=False duration=17.57s bee_tsv=16->16 human_tsv=18->0 bee_shots=3 bee_hits=1 bee_damage=75 bee_tsv_reward=0.5294 human_shots=0 human_hits=0 human_damage=0 human_tsv_reward=-0.5294 bee_reward=10.5148 human_reward=-10.5294
RL 1v1 episode=510 bee_team=1 human_team=0 winner=1 timeout=False duration=2.54s bee_tsv=16->16 human_tsv=18->0 bee_shots=1 bee_hits=1 bee_damage=75 bee_tsv_reward=0.5294 human_shots=0 human_hits=0 human_damage=0 human_tsv_reward=-0.5294 bee_reward=10.5273 human_reward=-10.5294
RL 1v1 summary episodes=510 bee_record=415-95 human_record=2-508 timeouts=93 avg_duration=44.23s bee_shots=1705 bee_hits=415 bee_hit_rate=24.34 % bee_damage=31125 human_shots=394 human_hits=107 human_hit_rate=27.16 % human_damage=3170
RL 1v1 episode=511 bee_team=0 human_team=1 winner=1 timeout=False duration=35.07s bee_tsv=16->16 human_tsv=18->0 bee_shots=5 bee_hits=1 bee_damage=75 bee_tsv_reward=0.5294 human_shots=0 human_hits=0 human_damage=0 human_tsv_reward=-0.5294 bee_reward=10.5002 human_reward=-10.5294
RL 1v1 episode=512 bee_team=1 human_team=0 winner=1 timeout=False duration=7.55s bee_tsv=16->16 human_tsv=18->0 bee_shots=3 bee_hits=1 bee_damage=75 bee_tsv_reward=0.5294 human_shots=0 human_hits=0 human_damage=0 human_tsv_reward=-0.5294 bee_reward=10.5231 human_reward=-10.5294
RL 1v1 episode=513 bee_team=0 human_team=1 winner=1 timeout=False duration=25.03s bee_tsv=16->16 human_tsv=18->0 bee_shots=4 bee_hits=1 bee_damage=75 bee_tsv_reward=0.5294 human_shots=0 human_hits=0 human_damage=0 human_tsv_reward=-0.5294 bee_reward=10.5086 human_reward=-10.5294
RL 1v1 episode=514 bee_team=1 human_team=0 winner=1 timeout=False duration=12.55s bee_tsv=16->16 human_tsv=18->0 bee_shots=3 bee_hits=1 bee_damage=75 bee_tsv_reward=0.5294 human_shots=2 human_hits=0 human_damage=0 human_tsv_reward=-0.5294 bee_reward=10.5190 human_reward=-10.5294
RL 1v1 episode=515 bee_team=0 human_team=1 winner=1 timeout=False duration=27.53s bee_tsv=16->16 human_tsv=18->0 bee_shots=7 bee_hits=1 bee_damage=75 bee_tsv_reward=0.5294 human_shots=0 human_hits=0 human_damage=0 human_tsv_reward=-0.5294 bee_reward=10.5065 human_reward=-10.5294
RL 1v1 episode=516 bee_team=1 human_team=0 winner=1 timeout=False duration=10.03s bee_tsv=16->16 human_tsv=18->0 bee_shots=1 bee_hits=1 bee_damage=75 bee_tsv_reward=0.5294 human_shots=0 human_hits=0 human_damage=0 human_tsv_reward=-0.5294 bee_reward=10.5211 human_reward=-10.5294
RL 1v1 episode=517 bee_team=0 human_team=1 winner=1 timeout=False duration=2.53s bee_tsv=16->16 human_tsv=18->0 bee_shots=1 bee_hits=1 bee_damage=75 bee_tsv_reward=0.5294 human_shots=0 human_hits=0 human_damage=0 human_tsv_reward=-0.5294 bee_reward=10.5273 human_reward=-10.5294
RL 1v1 episode=518 bee_team=1 human_team=0 winner=1 timeout=False duration=12.53s bee_tsv=16->16 human_tsv=18->0 bee_shots=3 bee_hits=1 bee_damage=75 bee_tsv_reward=0.5294 human_shots=0 human_hits=0 human_damage=0 human_tsv_reward=-0.5294 bee_reward=10.5190 human_reward=-10.5294
RL 1v1 episode=519 bee_team=0 human_team=1 winner=1 timeout=False duration=2.53s bee_tsv=16->16 human_tsv=18->0 bee_shots=1 bee_hits=1 bee_damage=75 bee_tsv_reward=0.5294 human_shots=0 human_hits=0 human_damage=0 human_tsv_reward=-0.5294 bee_reward=10.5273 human_reward=-10.5294
RL 1v1 episode=520 bee_team=1 human_team=0 winner=1 timeout=False duration=2.57s bee_tsv=16->16 human_tsv=18->0 bee_shots=1 bee_hits=1 bee_damage=75 bee_tsv_reward=0.5294 human_shots=0 human_hits=0 human_damage=0 human_tsv_reward=-0.5294 bee_reward=10.5273 human_reward=-10.5294
RL 1v1 summary episodes=520 bee_record=425-95 human_record=2-518 timeouts=93 avg_duration=43.64s bee_shots=1734 bee_hits=425 bee_hit_rate=24.51 % bee_damage=31875 human_shots=396 human_hits=107 human_hit_rate=27.02 % human_damage=3170
RL 1v1 episode=521 bee_team=0 human_team=1 winner=1 timeout=False duration=25.05s bee_tsv=16->16 human_tsv=18->0 bee_shots=4 bee_hits=1 bee_damage=75 bee_tsv_reward=0.5294 human_shots=0 human_hits=0 human_damage=0 human_tsv_reward=-0.5294 bee_reward=10.5085 human_reward=-10.5294
RL 1v1 episode=522 bee_team=1 human_team=0 winner=1 timeout=False duration=2.57s bee_tsv=16->16 human_tsv=18->0 bee_shots=1 bee_hits=1 bee_damage=75 bee_tsv_reward=0.5294 human_shots=0 human_hits=0 human_damage=0 human_tsv_reward=-0.5294 bee_reward=10.5273 human_reward=-10.5294
RL 1v1 episode=523 bee_team=0 human_team=1 winner=1 timeout=False duration=10.03s bee_tsv=16->16 human_tsv=18->0 bee_shots=2 bee_hits=1 bee_damage=75 bee_tsv_reward=0.5294 human_shots=0 human_hits=0 human_damage=0 human_tsv_reward=-0.5294 bee_reward=10.5211 human_reward=-10.5294
RL 1v1 episode=524 bee_team=1 human_team=0 winner=1 timeout=False duration=12.57s bee_tsv=16->16 human_tsv=18->0 bee_shots=3 bee_hits=1 bee_damage=75 bee_tsv_reward=0.5294 human_shots=0 human_hits=0 human_damage=0 human_tsv_reward=-0.5294 bee_reward=10.5189 human_reward=-10.5294
RL 1v1 episode=525 bee_team=0 human_team=1 winner=1 timeout=False duration=2.55s bee_tsv=16->16 human_tsv=18->0 bee_shots=1 bee_hits=1 bee_damage=75 bee_tsv_reward=0.5294 human_shots=0 human_hits=0 human_damage=0 human_tsv_reward=-0.5294 bee_reward=10.5273 human_reward=-10.5294
RL 1v1 episode=526 bee_team=1 human_team=0 winner=1 timeout=False duration=12.54s bee_tsv=16->16 human_tsv=18->0 bee_shots=4 bee_hits=1 bee_damage=75 bee_tsv_reward=0.5294 human_shots=0 human_hits=0 human_damage=0 human_tsv_reward=-0.5294 bee_reward=10.5190 human_reward=-10.5294
RL 1v1 episode=527 bee_team=0 human_team=1 winner=1 timeout=False duration=15.05s bee_tsv=16->16 human_tsv=18->0 bee_shots=1 bee_hits=1 bee_damage=75 bee_tsv_reward=0.5294 human_shots=0 human_hits=0 human_damage=0 human_tsv_reward=-0.5294 bee_reward=10.5169 human_reward=-10.5294
RL 1v1 episode=528 bee_team=1 human_team=0 winner=1 timeout=False duration=5.03s bee_tsv=16->16 human_tsv=18->0 bee_shots=1 bee_hits=1 bee_damage=75 bee_tsv_reward=0.5294 human_shots=0 human_hits=0 human_damage=0 human_tsv_reward=-0.5294 bee_reward=10.5252 human_reward=-10.5294
RL 1v1 episode=529 bee_team=0 human_team=1 winner=1 timeout=False duration=22.53s bee_tsv=16->16 human_tsv=18->0 bee_shots=2 bee_hits=1 bee_damage=75 bee_tsv_reward=0.5294 human_shots=0 human_hits=0 human_damage=0 human_tsv_reward=-0.5294 bee_reward=10.5106 human_reward=-10.5294
RL 1v1 episode=530 bee_team=1 human_team=0 winner=1 timeout=False duration=17.53s bee_tsv=16->16 human_tsv=18->0 bee_shots=6 bee_hits=1 bee_damage=75 bee_tsv_reward=0.5294 human_shots=0 human_hits=0 human_damage=0 human_tsv_reward=-0.5294 bee_reward=10.5148 human_reward=-10.5294
RL 1v1 summary episodes=530 bee_record=435-95 human_record=2-528 timeouts=93 avg_duration=43.06s bee_shots=1759 bee_hits=435 bee_hit_rate=24.73 % bee_damage=32625 human_shots=396 human_hits=107 human_hit_rate=27.02 % human_damage=3170
RL 1v1 episode=531 bee_team=0 human_team=1 winner=1 timeout=False duration=5.03s bee_tsv=16->16 human_tsv=18->0 bee_shots=1 bee_hits=1 bee_damage=75 bee_tsv_reward=0.5294 human_shots=0 human_hits=0 human_damage=0 human_tsv_reward=-0.5294 bee_reward=10.5252 human_reward=-10.5294
RL 1v1 episode=532 bee_team=1 human_team=0 winner=1 timeout=False duration=17.63s bee_tsv=16->16 human_tsv=18->0 bee_shots=3 bee_hits=1 bee_damage=75 bee_tsv_reward=0.5294 human_shots=0 human_hits=0 human_damage=0 human_tsv_reward=-0.5294 bee_reward=10.5147 human_reward=-10.5294
RL 1v1 episode=533 bee_team=0 human_team=1 winner=1 timeout=False duration=17.53s bee_tsv=16->16 human_tsv=18->0 bee_shots=3 bee_hits=1 bee_damage=75 bee_tsv_reward=0.5294 human_shots=0 human_hits=0 human_damage=0 human_tsv_reward=-0.5294 bee_reward=10.5148 human_reward=-10.5294
RL 1v1 episode=534 bee_team=1 human_team=0 winner=1 timeout=False duration=2.53s bee_tsv=16->16 human_tsv=18->0 bee_shots=1 bee_hits=1 bee_damage=75 bee_tsv_reward=0.5294 human_shots=0 human_hits=0 human_damage=0 human_tsv_reward=-0.5294 bee_reward=10.5273 human_reward=-10.5294
RL 1v1 episode=535 bee_team=0 human_team=1 winner=1 timeout=False duration=12.53s bee_tsv=16->16 human_tsv=18->0 bee_shots=2 bee_hits=1 bee_damage=75 bee_tsv_reward=0.5294 human_shots=0 human_hits=0 human_damage=0 human_tsv_reward=-0.5294 bee_reward=10.5190 human_reward=-10.5294
RL 1v1 episode=536 bee_team=1 human_team=0 winner=1 timeout=False duration=7.53s bee_tsv=16->16 human_tsv=18->0 bee_shots=2 bee_hits=1 bee_damage=75 bee_tsv_reward=0.5294 human_shots=0 human_hits=0 human_damage=0 human_tsv_reward=-0.5294 bee_reward=10.5231 human_reward=-10.5294
RL 1v1 episode=537 bee_team=0 human_team=1 winner=1 timeout=False duration=7.53s bee_tsv=16->16 human_tsv=18->0 bee_shots=2 bee_hits=1 bee_damage=75 bee_tsv_reward=0.5294 human_shots=0 human_hits=0 human_damage=0 human_tsv_reward=-0.5294 bee_reward=10.5231 human_reward=-10.5294
RL 1v1 episode=538 bee_team=1 human_team=0 winner=1 timeout=False duration=5.08s bee_tsv=16->16 human_tsv=18->0 bee_shots=2 bee_hits=1 bee_damage=75 bee_tsv_reward=0.5294 human_shots=0 human_hits=0 human_damage=0 human_tsv_reward=-0.5294 bee_reward=10.5252 human_reward=-10.5294
RL 1v1 episode=539 bee_team=0 human_team=1 winner=1 timeout=False duration=7.63s bee_tsv=16->16 human_tsv=18->0 bee_shots=1 bee_hits=1 bee_damage=75 bee_tsv_reward=0.5294 human_shots=0 human_hits=0 human_damage=0 human_tsv_reward=-0.5294 bee_reward=10.5231 human_reward=-10.5294
RL 1v1 episode=540 bee_team=1 human_team=0 winner=1 timeout=False duration=7.55s bee_tsv=16->16 human_tsv=18->0 bee_shots=1 bee_hits=1 bee_damage=75 bee_tsv_reward=0.5294 human_shots=0 human_hits=0 human_damage=0 human_tsv_reward=-0.5294 bee_reward=10.5231 human_reward=-10.5294
RL 1v1 summary episodes=540 bee_record=445-95 human_record=2-538 timeouts=93 avg_duration=42.43s bee_shots=1777 bee_hits=445 bee_hit_rate=25.04 % bee_damage=33375 human_shots=396 human_hits=107 human_hit_rate=27.02 % human_damage=3170
RL 1v1 episode=541 bee_team=0 human_team=1 winner=1 timeout=False duration=2.62s bee_tsv=16->16 human_tsv=18->0 bee_shots=1 bee_hits=1 bee_damage=75 bee_tsv_reward=0.5294 human_shots=0 human_hits=0 human_damage=0 human_tsv_reward=-0.5294 bee_reward=10.5272 human_reward=-10.5294
RL 1v1 episode=542 bee_team=1 human_team=0 winner=1 timeout=False duration=2.53s bee_tsv=16->16 human_tsv=18->0 bee_shots=1 bee_hits=1 bee_damage=75 bee_tsv_reward=0.5294 human_shots=0 human_hits=0 human_damage=0 human_tsv_reward=-0.5294 bee_reward=10.5273 human_reward=-10.5294
RL 1v1 episode=543 bee_team=0 human_team=1 winner=1 timeout=False duration=7.62s bee_tsv=16->16 human_tsv=18->0 bee_shots=1 bee_hits=1 bee_damage=75 bee_tsv_reward=0.5294 human_shots=0 human_hits=0 human_damage=0 human_tsv_reward=-0.5294 bee_reward=10.5231 human_reward=-10.5294
RL 1v1 episode=544 bee_team=1 human_team=0 winner=1 timeout=False duration=20.05s bee_tsv=16->16 human_tsv=18->0 bee_shots=5 bee_hits=1 bee_damage=75 bee_tsv_reward=0.5294 human_shots=0 human_hits=0 human_damage=0 human_tsv_reward=-0.5294 bee_reward=10.5127 human_reward=-10.5294
RL 1v1 episode=545 bee_team=0 human_team=1 winner=1 timeout=False duration=5.03s bee_tsv=16->16 human_tsv=18->0 bee_shots=1 bee_hits=1 bee_damage=75 bee_tsv_reward=0.5294 human_shots=0 human_hits=0 human_damage=0 human_tsv_reward=-0.5294 bee_reward=10.5252 human_reward=-10.5294
RL 1v1 episode=546 bee_team=1 human_team=0 winner=1 timeout=False duration=2.53s bee_tsv=16->16 human_tsv=18->0 bee_shots=1 bee_hits=1 bee_damage=75 bee_tsv_reward=0.5294 human_shots=0 human_hits=0 human_damage=0 human_tsv_reward=-0.5294 bee_reward=10.5273 human_reward=-10.5294
RL 1v1 episode=547 bee_team=0 human_team=1 winner=1 timeout=False duration=5.03s bee_tsv=16->16 human_tsv=18->0 bee_shots=1 bee_hits=1 bee_damage=75 bee_tsv_reward=0.5294 human_shots=0 human_hits=0 human_damage=0 human_tsv_reward=-0.5294 bee_reward=10.5252 human_reward=-10.5294
RL 1v1 episode=548 bee_team=1 human_team=0 winner=1 timeout=False duration=20.03s bee_tsv=16->16 human_tsv=18->0 bee_shots=4 bee_hits=1 bee_damage=75 bee_tsv_reward=0.5294 human_shots=0 human_hits=0 human_damage=0 human_tsv_reward=-0.5294 bee_reward=10.5127 human_reward=-10.5294
RL 1v1 episode=549 bee_team=0 human_team=1 winner=1 timeout=False duration=17.53s bee_tsv=16->16 human_tsv=18->0 bee_shots=5 bee_hits=1 bee_damage=75 bee_tsv_reward=0.5294 human_shots=0 human_hits=0 human_damage=0 human_tsv_reward=-0.5294 bee_reward=10.5148 human_reward=-10.5294
RL 1v1 episode=550 bee_team=1 human_team=0 winner=1 timeout=False duration=7.55s bee_tsv=16->16 human_tsv=18->0 bee_shots=2 bee_hits=1 bee_damage=75 bee_tsv_reward=0.5294 human_shots=0 human_hits=0 human_damage=0 human_tsv_reward=-0.5294 bee_reward=10.5231 human_reward=-10.5294
RL 1v1 summary episodes=550 bee_record=455-95 human_record=2-548 timeouts=93 avg_duration=41.82s bee_shots=1799 bee_hits=455 bee_hit_rate=25.29 % bee_damage=34125 human_shots=396 human_hits=107 human_hit_rate=27.02 % human_damage=3170
RL 1v1 episode=551 bee_team=0 human_team=1 winner=1 timeout=False duration=7.58s bee_tsv=16->16 human_tsv=18->0 bee_shots=1 bee_hits=1 bee_damage=75 bee_tsv_reward=0.5294 human_shots=0 human_hits=0 human_damage=0 human_tsv_reward=-0.5294 bee_reward=10.5231 human_reward=-10.5294
RL 1v1 episode=552 bee_team=1 human_team=0 winner=1 timeout=False duration=7.55s bee_tsv=16->16 human_tsv=18->0 bee_shots=2 bee_hits=1 bee_damage=75 bee_tsv_reward=0.5294 human_shots=0 human_hits=0 human_damage=0 human_tsv_reward=-0.5294 bee_reward=10.5231 human_reward=-10.5294
RL 1v1 episode=553 bee_team=0 human_team=1 winner=1 timeout=False duration=17.63s bee_tsv=16->16 human_tsv=18->0 bee_shots=3 bee_hits=1 bee_damage=75 bee_tsv_reward=0.5294 human_shots=0 human_hits=0 human_damage=0 human_tsv_reward=-0.5294 bee_reward=10.5147 human_reward=-10.5294
RL 1v1 episode=554 bee_team=1 human_team=0 winner=1 timeout=False duration=17.58s bee_tsv=16->16 human_tsv=18->0 bee_shots=2 bee_hits=1 bee_damage=75 bee_tsv_reward=0.5294 human_shots=0 human_hits=0 human_damage=0 human_tsv_reward=-0.5294 bee_reward=10.5148 human_reward=-10.5294
RL 1v1 episode=555 bee_team=0 human_team=1 winner=1 timeout=False duration=5.05s bee_tsv=16->16 human_tsv=18->0 bee_shots=1 bee_hits=1 bee_damage=75 bee_tsv_reward=0.5294 human_shots=0 human_hits=0 human_damage=0 human_tsv_reward=-0.5294 bee_reward=10.5252 human_reward=-10.5294
RL 1v1 episode=556 bee_team=1 human_team=0 winner=1 timeout=False duration=5.03s bee_tsv=16->16 human_tsv=18->0 bee_shots=2 bee_hits=1 bee_damage=75 bee_tsv_reward=0.5294 human_shots=0 human_hits=0 human_damage=0 human_tsv_reward=-0.5294 bee_reward=10.5252 human_reward=-10.5294
RL 1v1 episode=557 bee_team=0 human_team=1 winner=1 timeout=False duration=27.55s bee_tsv=16->16 human_tsv=18->0 bee_shots=6 bee_hits=1 bee_damage=75 bee_tsv_reward=0.5294 human_shots=0 human_hits=0 human_damage=0 human_tsv_reward=-0.5294 bee_reward=10.5065 human_reward=-10.5294
RL 1v1 episode=558 bee_team=1 human_team=0 winner=1 timeout=False duration=7.55s bee_tsv=16->16 human_tsv=18->0 bee_shots=2 bee_hits=1 bee_damage=75 bee_tsv_reward=0.5294 human_shots=0 human_hits=0 human_damage=0 human_tsv_reward=-0.5294 bee_reward=10.5231 human_reward=-10.5294
RL 1v1 episode=559 bee_team=0 human_team=1 winner=1 timeout=False duration=7.65s bee_tsv=16->16 human_tsv=18->0 bee_shots=2 bee_hits=1 bee_damage=75 bee_tsv_reward=0.5294 human_shots=0 human_hits=0 human_damage=0 human_tsv_reward=-0.5294 bee_reward=10.5230 human_reward=-10.5294
RL 1v1 episode=560 bee_team=1 human_team=0 winner=1 timeout=False duration=10.13s bee_tsv=16->16 human_tsv=18->0 bee_shots=1 bee_hits=1 bee_damage=75 bee_tsv_reward=0.5294 human_shots=0 human_hits=0 human_damage=0 human_tsv_reward=-0.5294 bee_reward=10.5210 human_reward=-10.5294
RL 1v1 summary episodes=560 bee_record=465-95 human_record=2-558 timeouts=93 avg_duration=41.28s bee_shots=1821 bee_hits=465 bee_hit_rate=25.54 % bee_damage=34875 human_shots=396 human_hits=107 human_hit_rate=27.02 % human_damage=3170
RL 1v1 episode=561 bee_team=0 human_team=1 winner=1 timeout=False duration=2.53s bee_tsv=16->16 human_tsv=18->0 bee_shots=1 bee_hits=1 bee_damage=75 bee_tsv_reward=0.5294 human_shots=0 human_hits=0 human_damage=0 human_tsv_reward=-0.5294 bee_reward=10.5273 human_reward=-10.5294
RL 1v1 episode=562 bee_team=1 human_team=0 winner=1 timeout=False duration=5.12s bee_tsv=16->16 human_tsv=18->0 bee_shots=1 bee_hits=1 bee_damage=75 bee_tsv_reward=0.5294 human_shots=0 human_hits=0 human_damage=0 human_tsv_reward=-0.5294 bee_reward=10.5252 human_reward=-10.5294
RL 1v1 episode=563 bee_team=0 human_team=1 winner=1 timeout=False duration=7.63s bee_tsv=16->16 human_tsv=18->0 bee_shots=3 bee_hits=1 bee_damage=75 bee_tsv_reward=0.5294 human_shots=0 human_hits=0 human_damage=0 human_tsv_reward=-0.5294 bee_reward=10.5231 human_reward=-10.5294
RL 1v1 episode=564 bee_team=1 human_team=0 winner=1 timeout=False duration=27.55s bee_tsv=16->16 human_tsv=18->0 bee_shots=2 bee_hits=1 bee_damage=75 bee_tsv_reward=0.5294 human_shots=0 human_hits=0 human_damage=0 human_tsv_reward=-0.5294 bee_reward=10.5065 human_reward=-10.5294
RL 1v1 episode=565 bee_team=0 human_team=1 winner=1 timeout=False duration=5.03s bee_tsv=16->16 human_tsv=18->0 bee_shots=1 bee_hits=1 bee_damage=75 bee_tsv_reward=0.5294 human_shots=0 human_hits=0 human_damage=0 human_tsv_reward=-0.5294 bee_reward=10.5252 human_reward=-10.5294
RL 1v1 episode=566 bee_team=1 human_team=0 winner=1 timeout=False duration=5.07s bee_tsv=16->16 human_tsv=18->0 bee_shots=1 bee_hits=1 bee_damage=75 bee_tsv_reward=0.5294 human_shots=0 human_hits=0 human_damage=0 human_tsv_reward=-0.5294 bee_reward=10.5252 human_reward=-10.5294
RL 1v1 episode=567 bee_team=0 human_team=1 winner=1 timeout=False duration=5.07s bee_tsv=16->16 human_tsv=18->0 bee_shots=2 bee_hits=1 bee_damage=75 bee_tsv_reward=0.5294 human_shots=0 human_hits=0 human_damage=0 human_tsv_reward=-0.5294 bee_reward=10.5252 human_reward=-10.5294
RL 1v1 episode=568 bee_team=1 human_team=0 winner=1 timeout=False duration=40.05s bee_tsv=16->16 human_tsv=18->0 bee_shots=6 bee_hits=1 bee_damage=75 bee_tsv_reward=0.5294 human_shots=4 human_hits=0 human_damage=0 human_tsv_reward=-0.5294 bee_reward=10.4960 human_reward=-10.5294
RL 1v1 episode=569 bee_team=0 human_team=1 winner=1 timeout=False duration=7.65s bee_tsv=16->16 human_tsv=18->0 bee_shots=1 bee_hits=1 bee_damage=75 bee_tsv_reward=0.5294 human_shots=0 human_hits=0 human_damage=0 human_tsv_reward=-0.5294 bee_reward=10.5230 human_reward=-10.5294
RL 1v1 episode=570 bee_team=1 human_team=0 winner=1 timeout=False duration=27.53s bee_tsv=16->11 human_tsv=18->0 bee_shots=3 bee_hits=1 bee_damage=75 bee_tsv_reward=0.3824 human_shots=4 human_hits=2 human_damage=60 human_tsv_reward=-0.3824 bee_reward=10.3594 human_reward=-10.3824
RL 1v1 summary episodes=570 bee_record=475-95 human_record=2-568 timeouts=93 avg_duration=40.79s bee_shots=1842 bee_hits=475 bee_hit_rate=25.79 % bee_damage=35625 human_shots=404 human_hits=109 human_hit_rate=26.98 % human_damage=3230
RL 1v1 episode=571 bee_team=0 human_team=1 winner=1 timeout=False duration=10.03s bee_tsv=16->16 human_tsv=18->0 bee_shots=2 bee_hits=1 bee_damage=75 bee_tsv_reward=0.5294 human_shots=0 human_hits=0 human_damage=0 human_tsv_reward=-0.5294 bee_reward=10.5211 human_reward=-10.5294
RL 1v1 episode=572 bee_team=1 human_team=0 winner=1 timeout=False duration=7.53s bee_tsv=16->16 human_tsv=18->0 bee_shots=2 bee_hits=1 bee_damage=75 bee_tsv_reward=0.5294 human_shots=0 human_hits=0 human_damage=0 human_tsv_reward=-0.5294 bee_reward=10.5231 human_reward=-10.5294
RL 1v1 episode=573 bee_team=0 human_team=1 winner=1 timeout=False duration=12.58s bee_tsv=16->16 human_tsv=18->0 bee_shots=1 bee_hits=1 bee_damage=75 bee_tsv_reward=0.5294 human_shots=0 human_hits=0 human_damage=0 human_tsv_reward=-0.5294 bee_reward=10.5189 human_reward=-10.5294
RL 1v1 episode=574 bee_team=1 human_team=0 winner=1 timeout=False duration=12.62s bee_tsv=16->16 human_tsv=18->0 bee_shots=3 bee_hits=1 bee_damage=75 bee_tsv_reward=0.5294 human_shots=0 human_hits=0 human_damage=0 human_tsv_reward=-0.5294 bee_reward=10.5189 human_reward=-10.5294
RL 1v1 episode=575 bee_team=0 human_team=1 winner=1 timeout=False duration=5.05s bee_tsv=16->16 human_tsv=18->0 bee_shots=1 bee_hits=1 bee_damage=75 bee_tsv_reward=0.5294 human_shots=0 human_hits=0 human_damage=0 human_tsv_reward=-0.5294 bee_reward=10.5252 human_reward=-10.5294
RL 1v1 episode=576 bee_team=1 human_team=0 winner=1 timeout=False duration=5.03s bee_tsv=16->16 human_tsv=18->0 bee_shots=1 bee_hits=1 bee_damage=75 bee_tsv_reward=0.5294 human_shots=0 human_hits=0 human_damage=0 human_tsv_reward=-0.5294 bee_reward=10.5252 human_reward=-10.5294
RL 1v1 episode=577 bee_team=0 human_team=1 winner=1 timeout=False duration=5.05s bee_tsv=16->16 human_tsv=18->0 bee_shots=2 bee_hits=1 bee_damage=75 bee_tsv_reward=0.5294 human_shots=0 human_hits=0 human_damage=0 human_tsv_reward=-0.5294 bee_reward=10.5252 human_reward=-10.5294
RL 1v1 episode=578 bee_team=1 human_team=0 winner=1 timeout=False duration=2.55s bee_tsv=16->16 human_tsv=18->0 bee_shots=1 bee_hits=1 bee_damage=75 bee_tsv_reward=0.5294 human_shots=0 human_hits=0 human_damage=0 human_tsv_reward=-0.5294 bee_reward=10.5273 human_reward=-10.5294
RL 1v1 episode=579 bee_team=0 human_team=1 winner=1 timeout=False duration=10.12s bee_tsv=16->16 human_tsv=18->0 bee_shots=4 bee_hits=1 bee_damage=75 bee_tsv_reward=0.5294 human_shots=0 human_hits=0 human_damage=0 human_tsv_reward=-0.5294 bee_reward=10.5210 human_reward=-10.5294
RL 1v1 episode=580 bee_team=1 human_team=0 winner=1 timeout=False duration=7.55s bee_tsv=16->16 human_tsv=18->0 bee_shots=2 bee_hits=1 bee_damage=75 bee_tsv_reward=0.5294 human_shots=0 human_hits=0 human_damage=0 human_tsv_reward=-0.5294 bee_reward=10.5231 human_reward=-10.5294
RL 1v1 summary episodes=580 bee_record=485-95 human_record=2-578 timeouts=93 avg_duration=40.22s bee_shots=1861 bee_hits=485 bee_hit_rate=26.06 % bee_damage=36375 human_shots=404 human_hits=109 human_hit_rate=26.98 % human_damage=3230
RL 1v1 episode=581 bee_team=0 human_team=1 winner=1 timeout=False duration=7.53s bee_tsv=16->16 human_tsv=18->0 bee_shots=1 bee_hits=1 bee_damage=75 bee_tsv_reward=0.5294 human_shots=0 human_hits=0 human_damage=0 human_tsv_reward=-0.5294 bee_reward=10.5231 human_reward=-10.5294
RL 1v1 episode=582 bee_team=1 human_team=0 winner=1 timeout=False duration=5.13s bee_tsv=16->16 human_tsv=18->0 bee_shots=1 bee_hits=1 bee_damage=75 bee_tsv_reward=0.5294 human_shots=0 human_hits=0 human_damage=0 human_tsv_reward=-0.5294 bee_reward=10.5251 human_reward=-10.5294
RL 1v1 episode=583 bee_team=0 human_team=1 winner=1 timeout=False duration=7.53s bee_tsv=16->16 human_tsv=18->0 bee_shots=1 bee_hits=1 bee_damage=75 bee_tsv_reward=0.5294 human_shots=0 human_hits=0 human_damage=0 human_tsv_reward=-0.5294 bee_reward=10.5231 human_reward=-10.5294
RL 1v1 episode=584 bee_team=1 human_team=0 winner=1 timeout=False duration=2.60s bee_tsv=16->16 human_tsv=18->0 bee_shots=1 bee_hits=1 bee_damage=75 bee_tsv_reward=0.5294 human_shots=0 human_hits=0 human_damage=0 human_tsv_reward=-0.5294 bee_reward=10.5273 human_reward=-10.5294
RL 1v1 episode=585 bee_team=0 human_team=1 winner=1 timeout=False duration=7.55s bee_tsv=16->16 human_tsv=18->0 bee_shots=1 bee_hits=1 bee_damage=75 bee_tsv_reward=0.5294 human_shots=0 human_hits=0 human_damage=0 human_tsv_reward=-0.5294 bee_reward=10.5231 human_reward=-10.5294
RL 1v1 episode=586 bee_team=1 human_team=0 winner=1 timeout=False duration=55.07s bee_tsv=16->16 human_tsv=18->0 bee_shots=12 bee_hits=1 bee_damage=75 bee_tsv_reward=0.5294 human_shots=2 human_hits=0 human_damage=0 human_tsv_reward=-0.5294 bee_reward=10.4835 human_reward=-10.5294
RL 1v1 episode=587 bee_team=0 human_team=1 winner=1 timeout=False duration=2.68s bee_tsv=16->16 human_tsv=18->0 bee_shots=1 bee_hits=1 bee_damage=75 bee_tsv_reward=0.5294 human_shots=0 human_hits=0 human_damage=0 human_tsv_reward=-0.5294 bee_reward=10.5272 human_reward=-10.5294
RL 1v1 episode=588 bee_team=1 human_team=0 winner=1 timeout=False duration=22.53s bee_tsv=16->16 human_tsv=18->0 bee_shots=3 bee_hits=1 bee_damage=75 bee_tsv_reward=0.5294 human_shots=0 human_hits=0 human_damage=0 human_tsv_reward=-0.5294 bee_reward=10.5106 human_reward=-10.5294
RL 1v1 episode=589 bee_team=0 human_team=1 winner=1 timeout=False duration=2.53s bee_tsv=16->16 human_tsv=18->0 bee_shots=1 bee_hits=1 bee_damage=75 bee_tsv_reward=0.5294 human_shots=0 human_hits=0 human_damage=0 human_tsv_reward=-0.5294 bee_reward=10.5273 human_reward=-10.5294
RL 1v1 episode=590 bee_team=1 human_team=0 winner=1 timeout=False duration=7.53s bee_tsv=16->16 human_tsv=18->0 bee_shots=2 bee_hits=1 bee_damage=75 bee_tsv_reward=0.5294 human_shots=0 human_hits=0 human_damage=0 human_tsv_reward=-0.5294 bee_reward=10.5231 human_reward=-10.5294
RL 1v1 summary episodes=590 bee_record=495-95 human_record=2-588 timeouts=93 avg_duration=39.74s bee_shots=1885 bee_hits=495 bee_hit_rate=26.26 % bee_damage=37125 human_shots=406 human_hits=109 human_hit_rate=26.85 % human_damage=3230
RL 1v1 episode=591 bee_team=0 human_team=1 winner=1 timeout=False duration=30.13s bee_tsv=16->13 human_tsv=18->0 bee_shots=5 bee_hits=1 bee_damage=75 bee_tsv_reward=0.4412 human_shots=2 human_hits=1 human_damage=30 human_tsv_reward=-0.4412 bee_reward=10.4161 human_reward=-10.4412
RL 1v1 episode=592 bee_team=1 human_team=0 winner=1 timeout=False duration=7.57s bee_tsv=16->16 human_tsv=18->0 bee_shots=1 bee_hits=1 bee_damage=75 bee_tsv_reward=0.5294 human_shots=0 human_hits=0 human_damage=0 human_tsv_reward=-0.5294 bee_reward=10.5231 human_reward=-10.5294
RL 1v1 episode=593 bee_team=0 human_team=1 winner=1 timeout=False duration=20.10s bee_tsv=16->16 human_tsv=18->0 bee_shots=6 bee_hits=1 bee_damage=75 bee_tsv_reward=0.5294 human_shots=0 human_hits=0 human_damage=0 human_tsv_reward=-0.5294 bee_reward=10.5127 human_reward=-10.5294
RL 1v1 episode=594 bee_team=1 human_team=0 winner=1 timeout=False duration=35.03s bee_tsv=16->16 human_tsv=18->0 bee_shots=8 bee_hits=1 bee_damage=75 bee_tsv_reward=0.5294 human_shots=0 human_hits=0 human_damage=0 human_tsv_reward=-0.5294 bee_reward=10.5002 human_reward=-10.5294
RL 1v1 episode=595 bee_team=0 human_team=1 winner=1 timeout=False duration=5.13s bee_tsv=16->16 human_tsv=18->0 bee_shots=1 bee_hits=1 bee_damage=75 bee_tsv_reward=0.5294 human_shots=0 human_hits=0 human_damage=0 human_tsv_reward=-0.5294 bee_reward=10.5251 human_reward=-10.5294
RL 1v1 episode=596 bee_team=1 human_team=0 winner=1 timeout=False duration=75.03s bee_tsv=16->16 human_tsv=18->0 bee_shots=7 bee_hits=1 bee_damage=75 bee_tsv_reward=0.5294 human_shots=0 human_hits=0 human_damage=0 human_tsv_reward=-0.5294 bee_reward=10.4669 human_reward=-10.5294
RL 1v1 episode=597 bee_team=0 human_team=1 winner=1 timeout=False duration=7.53s bee_tsv=16->11 human_tsv=18->0 bee_shots=3 bee_hits=1 bee_damage=75 bee_tsv_reward=0.3824 human_shots=2 human_hits=2 human_damage=60 human_tsv_reward=-0.3824 bee_reward=10.3761 human_reward=-10.3824
RL 1v1 episode=598 bee_team=1 human_team=0 winner=1 timeout=False duration=50.12s bee_tsv=16->11 human_tsv=18->0 bee_shots=2 bee_hits=1 bee_damage=75 bee_tsv_reward=0.3824 human_shots=2 human_hits=2 human_damage=60 human_tsv_reward=-0.3824 bee_reward=10.3406 human_reward=-10.3824
RL 1v1 episode=599 bee_team=0 human_team=1 winner=1 timeout=False duration=17.55s bee_tsv=16->16 human_tsv=18->0 bee_shots=6 bee_hits=1 bee_damage=75 bee_tsv_reward=0.5294 human_shots=2 human_hits=0 human_damage=0 human_tsv_reward=-0.5294 bee_reward=10.5148 human_reward=-10.5294
RL 1v1 episode=600 bee_team=1 human_team=0 winner=1 timeout=False duration=10.03s bee_tsv=16->16 human_tsv=18->0 bee_shots=2 bee_hits=1 bee_damage=75 bee_tsv_reward=0.5294 human_shots=0 human_hits=0 human_damage=0 human_tsv_reward=-0.5294 bee_reward=10.5211 human_reward=-10.5294
RL 1v1 summary episodes=600 bee_record=505-95 human_record=2-598 timeouts=93 avg_duration=39.51s bee_shots=1926 bee_hits=505 bee_hit_rate=26.22 % bee_damage=37875 human_shots=414 human_hits=114 human_hit_rate=27.54 % human_damage=3380
RL 1v1 episode=601 bee_team=0 human_team=1 winner=1 timeout=False duration=5.03s bee_tsv=16->16 human_tsv=18->0 bee_shots=2 bee_hits=1 bee_damage=75 bee_tsv_reward=0.5294 human_shots=0 human_hits=0 human_damage=0 human_tsv_reward=-0.5294 bee_reward=10.5252 human_reward=-10.5294
RL 1v1 episode=602 bee_team=1 human_team=0 winner=1 timeout=False duration=2.57s bee_tsv=16->16 human_tsv=18->0 bee_shots=1 bee_hits=1 bee_damage=75 bee_tsv_reward=0.5294 human_shots=0 human_hits=0 human_damage=0 human_tsv_reward=-0.5294 bee_reward=10.5273 human_reward=-10.5294
RL 1v1 episode=603 bee_team=0 human_team=1 winner=1 timeout=False duration=32.63s bee_tsv=16->13 human_tsv=18->0 bee_shots=1 bee_hits=1 bee_damage=75 bee_tsv_reward=0.4412 human_shots=4 human_hits=1 human_damage=30 human_tsv_reward=-0.4412 bee_reward=10.4140 human_reward=-10.4412
RL 1v1 episode=604 bee_team=1 human_team=0 winner=1 timeout=False duration=22.55s bee_tsv=16->16 human_tsv=18->0 bee_shots=2 bee_hits=1 bee_damage=75 bee_tsv_reward=0.5294 human_shots=0 human_hits=0 human_damage=0 human_tsv_reward=-0.5294 bee_reward=10.5106 human_reward=-10.5294
RL 1v1 episode=605 bee_team=0 human_team=1 winner=1 timeout=False duration=12.53s bee_tsv=16->16 human_tsv=18->0 bee_shots=2 bee_hits=1 bee_damage=75 bee_tsv_reward=0.5294 human_shots=0 human_hits=0 human_damage=0 human_tsv_reward=-0.5294 bee_reward=10.5190 human_reward=-10.5294
RL 1v1 episode=606 bee_team=1 human_team=0 winner=1 timeout=False duration=10.05s bee_tsv=16->16 human_tsv=18->0 bee_shots=1 bee_hits=1 bee_damage=75 bee_tsv_reward=0.5294 human_shots=0 human_hits=0 human_damage=0 human_tsv_reward=-0.5294 bee_reward=10.5210 human_reward=-10.5294
RL 1v1 episode=607 bee_team=0 human_team=1 winner=1 timeout=False duration=5.05s bee_tsv=16->16 human_tsv=18->0 bee_shots=1 bee_hits=1 bee_damage=75 bee_tsv_reward=0.5294 human_shots=0 human_hits=0 human_damage=0 human_tsv_reward=-0.5294 bee_reward=10.5252 human_reward=-10.5294
RL 1v1 episode=608 bee_team=1 human_team=0 winner=1 timeout=False duration=42.53s bee_tsv=16->16 human_tsv=18->0 bee_shots=3 bee_hits=1 bee_damage=75 bee_tsv_reward=0.5294 human_shots=4 human_hits=0 human_damage=0 human_tsv_reward=-0.5294 bee_reward=10.4940 human_reward=-10.5294
RL 1v1 episode=609 bee_team=0 human_team=1 winner=1 timeout=False duration=5.13s bee_tsv=16->16 human_tsv=18->0 bee_shots=2 bee_hits=1 bee_damage=75 bee_tsv_reward=0.5294 human_shots=0 human_hits=0 human_damage=0 human_tsv_reward=-0.5294 bee_reward=10.5251 human_reward=-10.5294
RL 1v1 episode=610 bee_team=1 human_team=0 winner=1 timeout=False duration=2.53s bee_tsv=16->16 human_tsv=18->0 bee_shots=1 bee_hits=1 bee_damage=75 bee_tsv_reward=0.5294 human_shots=0 human_hits=0 human_damage=0 human_tsv_reward=-0.5294 bee_reward=10.5273 human_reward=-10.5294
RL 1v1 summary episodes=610 bee_record=515-95 human_record=2-608 timeouts=93 avg_duration=39.09s bee_shots=1942 bee_hits=515 bee_hit_rate=26.52 % bee_damage=38625 human_shots=422 human_hits=115 human_hit_rate=27.25 % human_damage=3410
RL 1v1 episode=611 bee_team=0 human_team=1 winner=1 timeout=False duration=5.08s bee_tsv=16->16 human_tsv=18->0 bee_shots=1 bee_hits=1 bee_damage=75 bee_tsv_reward=0.5294 human_shots=0 human_hits=0 human_damage=0 human_tsv_reward=-0.5294 bee_reward=10.5252 human_reward=-10.5294
RL 1v1 episode=612 bee_team=1 human_team=0 winner=1 timeout=False duration=40.08s bee_tsv=16->16 human_tsv=18->0 bee_shots=6 bee_hits=1 bee_damage=75 bee_tsv_reward=0.5294 human_shots=0 human_hits=0 human_damage=0 human_tsv_reward=-0.5294 bee_reward=10.4960 human_reward=-10.5294
RL 1v1 episode=613 bee_team=0 human_team=1 winner=1 timeout=False duration=17.55s bee_tsv=16->16 human_tsv=18->0 bee_shots=1 bee_hits=1 bee_damage=75 bee_tsv_reward=0.5294 human_shots=0 human_hits=0 human_damage=0 human_tsv_reward=-0.5294 bee_reward=10.5148 human_reward=-10.5294
RL 1v1 episode=614 bee_team=1 human_team=0 winner=1 timeout=False duration=2.53s bee_tsv=16->16 human_tsv=18->0 bee_shots=1 bee_hits=1 bee_damage=75 bee_tsv_reward=0.5294 human_shots=0 human_hits=0 human_damage=0 human_tsv_reward=-0.5294 bee_reward=10.5273 human_reward=-10.5294
RL 1v1 episode=615 bee_team=0 human_team=1 winner=1 timeout=False duration=12.55s bee_tsv=16->16 human_tsv=18->0 bee_shots=3 bee_hits=1 bee_damage=75 bee_tsv_reward=0.5294 human_shots=0 human_hits=0 human_damage=0 human_tsv_reward=-0.5294 bee_reward=10.5190 human_reward=-10.5294
RL 1v1 episode=616 bee_team=1 human_team=0 winner=1 timeout=False duration=52.55s bee_tsv=16->16 human_tsv=18->0 bee_shots=6 bee_hits=1 bee_damage=75 bee_tsv_reward=0.5294 human_shots=2 human_hits=0 human_damage=0 human_tsv_reward=-0.5294 bee_reward=10.4856 human_reward=-10.5294
RL 1v1 episode=617 bee_team=0 human_team=1 winner=1 timeout=False duration=2.53s bee_tsv=16->16 human_tsv=18->0 bee_shots=1 bee_hits=1 bee_damage=75 bee_tsv_reward=0.5294 human_shots=0 human_hits=0 human_damage=0 human_tsv_reward=-0.5294 bee_reward=10.5273 human_reward=-10.5294
RL 1v1 episode=618 bee_team=1 human_team=0 winner=1 timeout=False duration=37.58s bee_tsv=16->11 human_tsv=18->0 bee_shots=5 bee_hits=1 bee_damage=75 bee_tsv_reward=0.3824 human_shots=2 human_hits=2 human_damage=60 human_tsv_reward=-0.3824 bee_reward=10.3510 human_reward=-10.3824
RL 1v1 episode=619 bee_team=0 human_team=1 winner=1 timeout=False duration=2.55s bee_tsv=16->16 human_tsv=18->0 bee_shots=1 bee_hits=1 bee_damage=75 bee_tsv_reward=0.5294 human_shots=0 human_hits=0 human_damage=0 human_tsv_reward=-0.5294 bee_reward=10.5273 human_reward=-10.5294
RL 1v1 episode=620 bee_team=1 human_team=0 winner=1 timeout=False duration=15.03s bee_tsv=16->16 human_tsv=18->0 bee_shots=3 bee_hits=1 bee_damage=75 bee_tsv_reward=0.5294 human_shots=2 human_hits=0 human_damage=0 human_tsv_reward=-0.5294 bee_reward=10.5169 human_reward=-10.5294
RL 1v1 summary episodes=620 bee_record=525-95 human_record=2-618 timeouts=93 avg_duration=38.76s bee_shots=1970 bee_hits=525 bee_hit_rate=26.65 % bee_damage=39375 human_shots=428 human_hits=117 human_hit_rate=27.34 % human_damage=3470
RL 1v1 episode=621 bee_team=0 human_team=1 winner=1 timeout=False duration=12.57s bee_tsv=16->16 human_tsv=18->0 bee_shots=4 bee_hits=1 bee_damage=75 bee_tsv_reward=0.5294 human_shots=0 human_hits=0 human_damage=0 human_tsv_reward=-0.5294 bee_reward=10.5189 human_reward=-10.5294
RL 1v1 episode=622 bee_team=1 human_team=0 winner=1 timeout=False duration=15.05s bee_tsv=16->16 human_tsv=18->0 bee_shots=2 bee_hits=1 bee_damage=75 bee_tsv_reward=0.5294 human_shots=0 human_hits=0 human_damage=0 human_tsv_reward=-0.5294 bee_reward=10.5169 human_reward=-10.5294
RL 1v1 episode=623 bee_team=0 human_team=1 winner=1 timeout=False duration=45.03s bee_tsv=16->16 human_tsv=18->0 bee_shots=12 bee_hits=1 bee_damage=75 bee_tsv_reward=0.5294 human_shots=0 human_hits=0 human_damage=0 human_tsv_reward=-0.5294 bee_reward=10.4919 human_reward=-10.5294
RL 1v1 episode=624 bee_team=1 human_team=0 winner=1 timeout=False duration=10.03s bee_tsv=16->16 human_tsv=18->0 bee_shots=3 bee_hits=1 bee_damage=75 bee_tsv_reward=0.5294 human_shots=0 human_hits=0 human_damage=0 human_tsv_reward=-0.5294 bee_reward=10.5211 human_reward=-10.5294
RL 1v1 episode=625 bee_team=0 human_team=1 winner=1 timeout=False duration=7.60s bee_tsv=16->16 human_tsv=18->0 bee_shots=1 bee_hits=1 bee_damage=75 bee_tsv_reward=0.5294 human_shots=0 human_hits=0 human_damage=0 human_tsv_reward=-0.5294 bee_reward=10.5231 human_reward=-10.5294
RL 1v1 episode=626 bee_team=1 human_team=0 winner=1 timeout=False duration=7.55s bee_tsv=16->16 human_tsv=18->0 bee_shots=1 bee_hits=1 bee_damage=75 bee_tsv_reward=0.5294 human_shots=0 human_hits=0 human_damage=0 human_tsv_reward=-0.5294 bee_reward=10.5231 human_reward=-10.5294
RL 1v1 episode=627 bee_team=0 human_team=1 winner=1 timeout=False duration=2.53s bee_tsv=16->16 human_tsv=18->0 bee_shots=1 bee_hits=1 bee_damage=75 bee_tsv_reward=0.5294 human_shots=0 human_hits=0 human_damage=0 human_tsv_reward=-0.5294 bee_reward=10.5273 human_reward=-10.5294
RL 1v1 episode=628 bee_team=1 human_team=0 winner=1 timeout=False duration=17.55s bee_tsv=16->16 human_tsv=18->0 bee_shots=4 bee_hits=1 bee_damage=75 bee_tsv_reward=0.5294 human_shots=0 human_hits=0 human_damage=0 human_tsv_reward=-0.5294 bee_reward=10.5148 human_reward=-10.5294
RL 1v1 episode=629 bee_team=0 human_team=1 winner=1 timeout=False duration=7.53s bee_tsv=16->16 human_tsv=18->0 bee_shots=1 bee_hits=1 bee_damage=75 bee_tsv_reward=0.5294 human_shots=0 human_hits=0 human_damage=0 human_tsv_reward=-0.5294 bee_reward=10.5231 human_reward=-10.5294
RL 1v1 episode=630 bee_team=1 human_team=0 winner=1 timeout=False duration=2.53s bee_tsv=16->16 human_tsv=18->0 bee_shots=1 bee_hits=1 bee_damage=75 bee_tsv_reward=0.5294 human_shots=0 human_hits=0 human_damage=0 human_tsv_reward=-0.5294 bee_reward=10.5273 human_reward=-10.5294
RL 1v1 summary episodes=630 bee_record=535-95 human_record=2-628 timeouts=93 avg_duration=38.35s bee_shots=2000 bee_hits=535 bee_hit_rate=26.75 % bee_damage=40125 human_shots=428 human_hits=117 human_hit_rate=27.34 % human_damage=3470
RL 1v1 episode=631 bee_team=0 human_team=1 winner=1 timeout=False duration=22.53s bee_tsv=16->16 human_tsv=18->0 bee_shots=5 bee_hits=1 bee_damage=75 bee_tsv_reward=0.5294 human_shots=0 human_hits=0 human_damage=0 human_tsv_reward=-0.5294 bee_reward=10.5106 human_reward=-10.5294
RL 1v1 episode=632 bee_team=1 human_team=0 winner=2 timeout=False duration=60.15s bee_tsv=16->0 human_tsv=18->18 bee_shots=4 bee_hits=0 bee_damage=0 bee_tsv_reward=-0.4706 human_shots=4 human_hits=4 human_damage=100 human_tsv_reward=0.4706 bee_reward=-10.4706 human_reward=10.4205
RL 1v1 episode=633 bee_team=0 human_team=1 winner=1 timeout=False duration=5.05s bee_tsv=16->16 human_tsv=18->0 bee_shots=1 bee_hits=1 bee_damage=75 bee_tsv_reward=0.5294 human_shots=0 human_hits=0 human_damage=0 human_tsv_reward=-0.5294 bee_reward=10.5252 human_reward=-10.5294
RL 1v1 episode=634 bee_team=1 human_team=0 winner=1 timeout=False duration=30.05s bee_tsv=16->16 human_tsv=18->0 bee_shots=7 bee_hits=1 bee_damage=75 bee_tsv_reward=0.5294 human_shots=2 human_hits=0 human_damage=0 human_tsv_reward=-0.5294 bee_reward=10.5044 human_reward=-10.5294
RL 1v1 episode=635 bee_team=0 human_team=1 winner=1 timeout=False duration=32.53s bee_tsv=16->13 human_tsv=18->0 bee_shots=6 bee_hits=1 bee_damage=75 bee_tsv_reward=0.4412 human_shots=2 human_hits=1 human_damage=30 human_tsv_reward=-0.4412 bee_reward=10.4141 human_reward=-10.4412
RL 1v1 episode=636 bee_team=1 human_team=0 winner=1 timeout=False duration=15.12s bee_tsv=16->16 human_tsv=18->0 bee_shots=3 bee_hits=1 bee_damage=75 bee_tsv_reward=0.5294 human_shots=0 human_hits=0 human_damage=0 human_tsv_reward=-0.5294 bee_reward=10.5168 human_reward=-10.5294
RL 1v1 episode=637 bee_team=0 human_team=1 winner=1 timeout=False duration=10.08s bee_tsv=16->16 human_tsv=18->0 bee_shots=2 bee_hits=1 bee_damage=75 bee_tsv_reward=0.5294 human_shots=0 human_hits=0 human_damage=0 human_tsv_reward=-0.5294 bee_reward=10.5210 human_reward=-10.5294
RL 1v1 episode=638 bee_team=1 human_team=0 winner=1 timeout=False duration=17.55s bee_tsv=16->16 human_tsv=18->0 bee_shots=5 bee_hits=1 bee_damage=75 bee_tsv_reward=0.5294 human_shots=0 human_hits=0 human_damage=0 human_tsv_reward=-0.5294 bee_reward=10.5148 human_reward=-10.5294
RL 1v1 episode=639 bee_team=0 human_team=1 winner=1 timeout=False duration=7.53s bee_tsv=16->16 human_tsv=18->0 bee_shots=3 bee_hits=1 bee_damage=75 bee_tsv_reward=0.5294 human_shots=0 human_hits=0 human_damage=0 human_tsv_reward=-0.5294 bee_reward=10.5231 human_reward=-10.5294
RL 1v1 episode=640 bee_team=1 human_team=0 winner=1 timeout=False duration=7.53s bee_tsv=16->16 human_tsv=18->0 bee_shots=2 bee_hits=1 bee_damage=75 bee_tsv_reward=0.5294 human_shots=0 human_hits=0 human_damage=0 human_tsv_reward=-0.5294 bee_reward=10.5231 human_reward=-10.5294
RL 1v1 summary episodes=640 bee_record=544-96 human_record=3-637 timeouts=93 avg_duration=38.08s bee_shots=2038 bee_hits=544 bee_hit_rate=26.69 % bee_damage=40800 human_shots=436 human_hits=122 human_hit_rate=27.98 % human_damage=3600
RL 1v1 episode=641 bee_team=0 human_team=1 winner=1 timeout=False duration=2.53s bee_tsv=16->16 human_tsv=18->0 bee_shots=1 bee_hits=1 bee_damage=75 bee_tsv_reward=0.5294 human_shots=0 human_hits=0 human_damage=0 human_tsv_reward=-0.5294 bee_reward=10.5273 human_reward=-10.5294
RL 1v1 episode=642 bee_team=1 human_team=0 winner=1 timeout=False duration=22.53s bee_tsv=16->13 human_tsv=18->0 bee_shots=6 bee_hits=1 bee_damage=75 bee_tsv_reward=0.4412 human_shots=2 human_hits=1 human_damage=30 human_tsv_reward=-0.4412 bee_reward=10.4224 human_reward=-10.4412
RL 1v1 episode=643 bee_team=0 human_team=1 winner=1 timeout=False duration=22.53s bee_tsv=16->16 human_tsv=18->0 bee_shots=6 bee_hits=1 bee_damage=75 bee_tsv_reward=0.5294 human_shots=0 human_hits=0 human_damage=0 human_tsv_reward=-0.5294 bee_reward=10.5106 human_reward=-10.5294
RL 1v1 episode=644 bee_team=1 human_team=0 winner=1 timeout=False duration=17.53s bee_tsv=16->16 human_tsv=18->0 bee_shots=4 bee_hits=1 bee_damage=75 bee_tsv_reward=0.5294 human_shots=0 human_hits=0 human_damage=0 human_tsv_reward=-0.5294 bee_reward=10.5148 human_reward=-10.5294
RL 1v1 episode=645 bee_team=0 human_team=1 winner=1 timeout=False duration=2.53s bee_tsv=16->16 human_tsv=18->0 bee_shots=1 bee_hits=1 bee_damage=75 bee_tsv_reward=0.5294 human_shots=0 human_hits=0 human_damage=0 human_tsv_reward=-0.5294 bee_reward=10.5273 human_reward=-10.5294
RL 1v1 episode=646 bee_team=1 human_team=0 winner=1 timeout=False duration=17.53s bee_tsv=16->11 human_tsv=18->0 bee_shots=1 bee_hits=1 bee_damage=75 bee_tsv_reward=0.3824 human_shots=2 human_hits=2 human_damage=60 human_tsv_reward=-0.3824 bee_reward=10.3677 human_reward=-10.3824
RL 1v1 episode=647 bee_team=0 human_team=1 winner=1 timeout=False duration=2.53s bee_tsv=16->16 human_tsv=18->0 bee_shots=1 bee_hits=1 bee_damage=75 bee_tsv_reward=0.5294 human_shots=0 human_hits=0 human_damage=0 human_tsv_reward=-0.5294 bee_reward=10.5273 human_reward=-10.5294
RL 1v1 episode=648 bee_team=1 human_team=0 winner=1 timeout=False duration=2.53s bee_tsv=16->16 human_tsv=18->0 bee_shots=1 bee_hits=1 bee_damage=75 bee_tsv_reward=0.5294 human_shots=0 human_hits=0 human_damage=0 human_tsv_reward=-0.5294 bee_reward=10.5273 human_reward=-10.5294
RL 1v1 episode=649 bee_team=0 human_team=1 winner=1 timeout=False duration=5.03s bee_tsv=16->16 human_tsv=18->0 bee_shots=2 bee_hits=1 bee_damage=75 bee_tsv_reward=0.5294 human_shots=0 human_hits=0 human_damage=0 human_tsv_reward=-0.5294 bee_reward=10.5252 human_reward=-10.5294
RL 1v1 episode=650 bee_team=1 human_team=0 winner=1 timeout=False duration=5.03s bee_tsv=16->16 human_tsv=18->0 bee_shots=2 bee_hits=1 bee_damage=75 bee_tsv_reward=0.5294 human_shots=0 human_hits=0 human_damage=0 human_tsv_reward=-0.5294 bee_reward=10.5252 human_reward=-10.5294
RL 1v1 summary episodes=650 bee_record=554-96 human_record=3-647 timeouts=93 avg_duration=37.65s bee_shots=2063 bee_hits=554 bee_hit_rate=26.85 % bee_damage=41550 human_shots=440 human_hits=125 human_hit_rate=28.41 % human_damage=3690
RL 1v1 episode=651 bee_team=0 human_team=1 winner=1 timeout=False duration=25.03s bee_tsv=16->16 human_tsv=18->0 bee_shots=6 bee_hits=1 bee_damage=75 bee_tsv_reward=0.5294 human_shots=0 human_hits=0 human_damage=0 human_tsv_reward=-0.5294 bee_reward=10.5086 human_reward=-10.5294
RL 1v1 episode=652 bee_team=1 human_team=0 winner=1 timeout=False duration=10.03s bee_tsv=16->16 human_tsv=18->0 bee_shots=3 bee_hits=1 bee_damage=75 bee_tsv_reward=0.5294 human_shots=0 human_hits=0 human_damage=0 human_tsv_reward=-0.5294 bee_reward=10.5211 human_reward=-10.5294
RL 1v1 episode=653 bee_team=0 human_team=1 winner=1 timeout=False duration=2.53s bee_tsv=16->16 human_tsv=18->0 bee_shots=1 bee_hits=1 bee_damage=75 bee_tsv_reward=0.5294 human_shots=0 human_hits=0 human_damage=0 human_tsv_reward=-0.5294 bee_reward=10.5273 human_reward=-10.5294
RL 1v1 episode=654 bee_team=1 human_team=0 winner=1 timeout=False duration=17.53s bee_tsv=16->16 human_tsv=18->0 bee_shots=4 bee_hits=1 bee_damage=75 bee_tsv_reward=0.5294 human_shots=0 human_hits=0 human_damage=0 human_tsv_reward=-0.5294 bee_reward=10.5148 human_reward=-10.5294
RL 1v1 episode=655 bee_team=0 human_team=1 winner=1 timeout=False duration=30.03s bee_tsv=16->16 human_tsv=18->0 bee_shots=7 bee_hits=1 bee_damage=75 bee_tsv_reward=0.5294 human_shots=4 human_hits=0 human_damage=0 human_tsv_reward=-0.5294 bee_reward=10.5044 human_reward=-10.5294
RL 1v1 episode=656 bee_team=1 human_team=0 winner=1 timeout=False duration=2.53s bee_tsv=16->16 human_tsv=18->0 bee_shots=1 bee_hits=1 bee_damage=75 bee_tsv_reward=0.5294 human_shots=0 human_hits=0 human_damage=0 human_tsv_reward=-0.5294 bee_reward=10.5273 human_reward=-10.5294
RL 1v1 episode=657 bee_team=0 human_team=1 winner=1 timeout=False duration=10.03s bee_tsv=16->16 human_tsv=18->0 bee_shots=3 bee_hits=1 bee_damage=75 bee_tsv_reward=0.5294 human_shots=0 human_hits=0 human_damage=0 human_tsv_reward=-0.5294 bee_reward=10.5211 human_reward=-10.5294
RL 1v1 episode=658 bee_team=1 human_team=0 winner=1 timeout=False duration=5.03s bee_tsv=16->16 human_tsv=18->0 bee_shots=2 bee_hits=1 bee_damage=75 bee_tsv_reward=0.5294 human_shots=0 human_hits=0 human_damage=0 human_tsv_reward=-0.5294 bee_reward=10.5252 human_reward=-10.5294
RL 1v1 episode=659 bee_team=0 human_team=1 winner=1 timeout=False duration=20.03s bee_tsv=16->16 human_tsv=18->0 bee_shots=5 bee_hits=1 bee_damage=75 bee_tsv_reward=0.5294 human_shots=0 human_hits=0 human_damage=0 human_tsv_reward=-0.5294 bee_reward=10.5127 human_reward=-10.5294
RL 1v1 episode=660 bee_team=1 human_team=0 winner=1 timeout=False duration=2.53s bee_tsv=16->16 human_tsv=18->0 bee_shots=1 bee_hits=1 bee_damage=75 bee_tsv_reward=0.5294 human_shots=0 human_hits=0 human_damage=0 human_tsv_reward=-0.5294 bee_reward=10.5273 human_reward=-10.5294
RL 1v1 summary episodes=660 bee_record=564-96 human_record=3-657 timeouts=93 avg_duration=37.27s bee_shots=2096 bee_hits=564 bee_hit_rate=26.91 % bee_damage=42300 human_shots=444 human_hits=125 human_hit_rate=28.15 % human_damage=3690
RL 1v1 episode=661 bee_team=0 human_team=1 winner=1 timeout=False duration=2.53s bee_tsv=16->16 human_tsv=18->0 bee_shots=1 bee_hits=1 bee_damage=75 bee_tsv_reward=0.5294 human_shots=0 human_hits=0 human_damage=0 human_tsv_reward=-0.5294 bee_reward=10.5273 human_reward=-10.5294
RL 1v1 episode=662 bee_team=1 human_team=0 winner=1 timeout=False duration=32.62s bee_tsv=16->11 human_tsv=18->0 bee_shots=1 bee_hits=1 bee_damage=75 bee_tsv_reward=0.3824 human_shots=2 human_hits=2 human_damage=60 human_tsv_reward=-0.3824 bee_reward=10.3552 human_reward=-10.3824
RL 1v1 episode=663 bee_team=0 human_team=1 winner=1 timeout=False duration=17.53s bee_tsv=16->16 human_tsv=18->0 bee_shots=3 bee_hits=1 bee_damage=75 bee_tsv_reward=0.5294 human_shots=0 human_hits=0 human_damage=0 human_tsv_reward=-0.5294 bee_reward=10.5148 human_reward=-10.5294
RL 1v1 episode=664 bee_team=1 human_team=0 winner=1 timeout=False duration=22.55s bee_tsv=16->16 human_tsv=18->0 bee_shots=6 bee_hits=1 bee_damage=75 bee_tsv_reward=0.5294 human_shots=0 human_hits=0 human_damage=0 human_tsv_reward=-0.5294 bee_reward=10.5106 human_reward=-10.5294
RL 1v1 episode=665 bee_team=0 human_team=1 winner=1 timeout=False duration=40.03s bee_tsv=16->16 human_tsv=18->0 bee_shots=11 bee_hits=1 bee_damage=75 bee_tsv_reward=0.5294 human_shots=0 human_hits=0 human_damage=0 human_tsv_reward=-0.5294 bee_reward=10.4961 human_reward=-10.5294
RL 1v1 episode=666 bee_team=1 human_team=0 winner=1 timeout=False duration=7.53s bee_tsv=16->16 human_tsv=18->0 bee_shots=3 bee_hits=1 bee_damage=75 bee_tsv_reward=0.5294 human_shots=0 human_hits=0 human_damage=0 human_tsv_reward=-0.5294 bee_reward=10.5231 human_reward=-10.5294
RL 1v1 episode=667 bee_team=0 human_team=1 winner=1 timeout=False duration=5.03s bee_tsv=16->16 human_tsv=18->0 bee_shots=1 bee_hits=1 bee_damage=75 bee_tsv_reward=0.5294 human_shots=0 human_hits=0 human_damage=0 human_tsv_reward=-0.5294 bee_reward=10.5252 human_reward=-10.5294
RL 1v1 episode=668 bee_team=1 human_team=0 winner=1 timeout=False duration=7.58s bee_tsv=16->16 human_tsv=18->0 bee_shots=1 bee_hits=1 bee_damage=75 bee_tsv_reward=0.5294 human_shots=0 human_hits=0 human_damage=0 human_tsv_reward=-0.5294 bee_reward=10.5231 human_reward=-10.5294
RL 1v1 episode=669 bee_team=0 human_team=1 winner=1 timeout=False duration=50.03s bee_tsv=16->13 human_tsv=18->0 bee_shots=10 bee_hits=1 bee_damage=75 bee_tsv_reward=0.4412 human_shots=2 human_hits=1 human_damage=30 human_tsv_reward=-0.4412 bee_reward=10.3995 human_reward=-10.4412
RL 1v1 episode=670 bee_team=1 human_team=0 winner=1 timeout=False duration=5.03s bee_tsv=16->16 human_tsv=18->0 bee_shots=2 bee_hits=1 bee_damage=75 bee_tsv_reward=0.5294 human_shots=0 human_hits=0 human_damage=0 human_tsv_reward=-0.5294 bee_reward=10.5252 human_reward=-10.5294
RL 1v1 summary episodes=670 bee_record=574-96 human_record=3-667 timeouts=93 avg_duration=36.99s bee_shots=2135 bee_hits=574 bee_hit_rate=26.89 % bee_damage=43050 human_shots=448 human_hits=128 human_hit_rate=28.57 % human_damage=3780
RL 1v1 episode=671 bee_team=0 human_team=1 winner=1 timeout=False duration=55.03s bee_tsv=16->16 human_tsv=18->0 bee_shots=10 bee_hits=1 bee_damage=75 bee_tsv_reward=0.5294 human_shots=0 human_hits=0 human_damage=0 human_tsv_reward=-0.5294 bee_reward=10.4836 human_reward=-10.5294
RL 1v1 episode=672 bee_team=1 human_team=0 winner=1 timeout=False duration=5.12s bee_tsv=16->16 human_tsv=18->0 bee_shots=1 bee_hits=1 bee_damage=75 bee_tsv_reward=0.5294 human_shots=0 human_hits=0 human_damage=0 human_tsv_reward=-0.5294 bee_reward=10.5252 human_reward=-10.5294
RL 1v1 episode=673 bee_team=0 human_team=1 winner=1 timeout=False duration=75.10s bee_tsv=16->13 human_tsv=18->0 bee_shots=3 bee_hits=1 bee_damage=75 bee_tsv_reward=0.4412 human_shots=4 human_hits=1 human_damage=30 human_tsv_reward=-0.4412 bee_reward=10.3786 human_reward=-10.4412
RL 1v1 episode=674 bee_team=1 human_team=0 winner=1 timeout=False duration=7.55s bee_tsv=16->16 human_tsv=18->0 bee_shots=2 bee_hits=1 bee_damage=75 bee_tsv_reward=0.5294 human_shots=0 human_hits=0 human_damage=0 human_tsv_reward=-0.5294 bee_reward=10.5231 human_reward=-10.5294
RL 1v1 episode=675 bee_team=0 human_team=1 winner=1 timeout=False duration=5.05s bee_tsv=16->16 human_tsv=18->0 bee_shots=2 bee_hits=1 bee_damage=75 bee_tsv_reward=0.5294 human_shots=0 human_hits=0 human_damage=0 human_tsv_reward=-0.5294 bee_reward=10.5252 human_reward=-10.5294
RL 1v1 episode=676 bee_team=1 human_team=0 winner=1 timeout=False duration=12.58s bee_tsv=16->16 human_tsv=18->0 bee_shots=2 bee_hits=1 bee_damage=75 bee_tsv_reward=0.5294 human_shots=0 human_hits=0 human_damage=0 human_tsv_reward=-0.5294 bee_reward=10.5189 human_reward=-10.5294
RL 1v1 episode=677 bee_team=0 human_team=1 winner=2 timeout=False duration=87.53s bee_tsv=16->0 human_tsv=18->18 bee_shots=12 bee_hits=0 bee_damage=0 bee_tsv_reward=-0.4706 human_shots=6 human_hits=4 human_damage=100 human_tsv_reward=0.4706 bee_reward=-10.4706 human_reward=10.3976
RL 1v1 episode=678 bee_team=1 human_team=0 winner=1 timeout=False duration=10.05s bee_tsv=16->16 human_tsv=18->0 bee_shots=2 bee_hits=1 bee_damage=75 bee_tsv_reward=0.5294 human_shots=0 human_hits=0 human_damage=0 human_tsv_reward=-0.5294 bee_reward=10.5210 human_reward=-10.5294
RL 1v1 episode=679 bee_team=0 human_team=1 winner=1 timeout=False duration=40.03s bee_tsv=16->16 human_tsv=18->0 bee_shots=11 bee_hits=1 bee_damage=75 bee_tsv_reward=0.5294 human_shots=2 human_hits=0 human_damage=0 human_tsv_reward=-0.5294 bee_reward=10.4961 human_reward=-10.5294
RL 1v1 episode=680 bee_team=1 human_team=0 winner=1 timeout=False duration=7.62s bee_tsv=16->16 human_tsv=18->0 bee_shots=3 bee_hits=1 bee_damage=75 bee_tsv_reward=0.5294 human_shots=0 human_hits=0 human_damage=0 human_tsv_reward=-0.5294 bee_reward=10.5231 human_reward=-10.5294
RL 1v1 summary episodes=680 bee_record=583-97 human_record=4-676 timeouts=93 avg_duration=36.90s bee_shots=2183 bee_hits=583 bee_hit_rate=26.71 % bee_damage=43725 human_shots=460 human_hits=133 human_hit_rate=28.91 % human_damage=3910
RL 1v1 episode=681 bee_team=0 human_team=1 winner=1 timeout=False duration=32.53s bee_tsv=16->16 human_tsv=18->0 bee_shots=6 bee_hits=1 bee_damage=75 bee_tsv_reward=0.5294 human_shots=4 human_hits=0 human_damage=0 human_tsv_reward=-0.5294 bee_reward=10.5023 human_reward=-10.5294
RL 1v1 episode=682 bee_team=1 human_team=0 winner=1 timeout=False duration=15.05s bee_tsv=16->16 human_tsv=18->0 bee_shots=3 bee_hits=1 bee_damage=75 bee_tsv_reward=0.5294 human_shots=0 human_hits=0 human_damage=0 human_tsv_reward=-0.5294 bee_reward=10.5169 human_reward=-10.5294
RL 1v1 episode=683 bee_team=0 human_team=1 winner=0 timeout=True duration=119.98s bee_tsv=16->11 human_tsv=18->18 bee_shots=15 bee_hits=0 bee_damage=0 bee_tsv_reward=-0.1471 human_shots=4 human_hits=2 human_damage=60 human_tsv_reward=0.1471 bee_reward=-10.1471 human_reward=-9.8529
RL 1v1 episode=684 bee_team=1 human_team=0 winner=1 timeout=False duration=17.53s bee_tsv=16->16 human_tsv=18->0 bee_shots=5 bee_hits=1 bee_damage=75 bee_tsv_reward=0.5294 human_shots=0 human_hits=0 human_damage=0 human_tsv_reward=-0.5294 bee_reward=10.5148 human_reward=-10.5294
RL 1v1 episode=685 bee_team=0 human_team=1 winner=1 timeout=False duration=17.53s bee_tsv=16->16 human_tsv=18->0 bee_shots=3 bee_hits=1 bee_damage=75 bee_tsv_reward=0.5294 human_shots=2 human_hits=0 human_damage=0 human_tsv_reward=-0.5294 bee_reward=10.5148 human_reward=-10.5294
RL 1v1 episode=686 bee_team=1 human_team=0 winner=1 timeout=False duration=10.03s bee_tsv=16->16 human_tsv=18->0 bee_shots=2 bee_hits=1 bee_damage=75 bee_tsv_reward=0.5294 human_shots=0 human_hits=0 human_damage=0 human_tsv_reward=-0.5294 bee_reward=10.5211 human_reward=-10.5294
RL 1v1 episode=687 bee_team=0 human_team=1 winner=1 timeout=False duration=10.03s bee_tsv=16->16 human_tsv=18->0 bee_shots=3 bee_hits=1 bee_damage=75 bee_tsv_reward=0.5294 human_shots=0 human_hits=0 human_damage=0 human_tsv_reward=-0.5294 bee_reward=10.5211 human_reward=-10.5294
RL 1v1 episode=688 bee_team=1 human_team=0 winner=1 timeout=False duration=2.53s bee_tsv=16->16 human_tsv=18->0 bee_shots=1 bee_hits=1 bee_damage=75 bee_tsv_reward=0.5294 human_shots=0 human_hits=0 human_damage=0 human_tsv_reward=-0.5294 bee_reward=10.5273 human_reward=-10.5294
RL 1v1 episode=689 bee_team=0 human_team=1 winner=1 timeout=False duration=10.03s bee_tsv=16->16 human_tsv=18->0 bee_shots=2 bee_hits=1 bee_damage=75 bee_tsv_reward=0.5294 human_shots=0 human_hits=0 human_damage=0 human_tsv_reward=-0.5294 bee_reward=10.5211 human_reward=-10.5294
RL 1v1 episode=690 bee_team=1 human_team=0 winner=1 timeout=False duration=15.03s bee_tsv=16->16 human_tsv=18->0 bee_shots=5 bee_hits=1 bee_damage=75 bee_tsv_reward=0.5294 human_shots=0 human_hits=0 human_damage=0 human_tsv_reward=-0.5294 bee_reward=10.5169 human_reward=-10.5294
RL 1v1 summary episodes=690 bee_record=592-98 human_record=4-686 timeouts=94 avg_duration=36.73s bee_shots=2228 bee_hits=592 bee_hit_rate=26.57 % bee_damage=44400 human_shots=470 human_hits=135 human_hit_rate=28.72 % human_damage=3970
RL 1v1 episode=691 bee_team=0 human_team=1 winner=1 timeout=False duration=17.53s bee_tsv=16->16 human_tsv=18->0 bee_shots=6 bee_hits=1 bee_damage=75 bee_tsv_reward=0.5294 human_shots=0 human_hits=0 human_damage=0 human_tsv_reward=-0.5294 bee_reward=10.5148 human_reward=-10.5294
RL 1v1 episode=692 bee_team=1 human_team=0 winner=1 timeout=False duration=17.53s bee_tsv=16->16 human_tsv=18->0 bee_shots=5 bee_hits=1 bee_damage=75 bee_tsv_reward=0.5294 human_shots=0 human_hits=0 human_damage=0 human_tsv_reward=-0.5294 bee_reward=10.5148 human_reward=-10.5294
RL 1v1 episode=693 bee_team=0 human_team=1 winner=1 timeout=False duration=5.03s bee_tsv=16->16 human_tsv=18->0 bee_shots=2 bee_hits=1 bee_damage=75 bee_tsv_reward=0.5294 human_shots=0 human_hits=0 human_damage=0 human_tsv_reward=-0.5294 bee_reward=10.5252 human_reward=-10.5294
RL 1v1 episode=694 bee_team=1 human_team=0 winner=1 timeout=False duration=15.03s bee_tsv=16->16 human_tsv=18->0 bee_shots=4 bee_hits=1 bee_damage=75 bee_tsv_reward=0.5294 human_shots=0 human_hits=0 human_damage=0 human_tsv_reward=-0.5294 bee_reward=10.5169 human_reward=-10.5294
RL 1v1 episode=695 bee_team=0 human_team=1 winner=1 timeout=False duration=52.53s bee_tsv=16->16 human_tsv=18->0 bee_shots=16 bee_hits=1 bee_damage=75 bee_tsv_reward=0.5294 human_shots=0 human_hits=0 human_damage=0 human_tsv_reward=-0.5294 bee_reward=10.4856 human_reward=-10.5294
RL 1v1 episode=696 bee_team=1 human_team=0 winner=1 timeout=False duration=22.53s bee_tsv=16->16 human_tsv=18->0 bee_shots=4 bee_hits=1 bee_damage=75 bee_tsv_reward=0.5294 human_shots=0 human_hits=0 human_damage=0 human_tsv_reward=-0.5294 bee_reward=10.5106 human_reward=-10.5294
RL 1v1 episode=697 bee_team=0 human_team=1 winner=1 timeout=False duration=2.53s bee_tsv=16->16 human_tsv=18->0 bee_shots=1 bee_hits=1 bee_damage=75 bee_tsv_reward=0.5294 human_shots=0 human_hits=0 human_damage=0 human_tsv_reward=-0.5294 bee_reward=10.5273 human_reward=-10.5294
RL 1v1 episode=698 bee_team=1 human_team=0 winner=1 timeout=False duration=17.53s bee_tsv=16->13 human_tsv=18->0 bee_shots=5 bee_hits=1 bee_damage=75 bee_tsv_reward=0.4412 human_shots=2 human_hits=1 human_damage=30 human_tsv_reward=-0.4412 bee_reward=10.4266 human_reward=-10.4412
RL 1v1 episode=699 bee_team=0 human_team=1 winner=1 timeout=False duration=12.53s bee_tsv=16->16 human_tsv=18->0 bee_shots=4 bee_hits=1 bee_damage=75 bee_tsv_reward=0.5294 human_shots=2 human_hits=0 human_damage=0 human_tsv_reward=-0.5294 bee_reward=10.5190 human_reward=-10.5294
RL 1v1 episode=700 bee_team=1 human_team=0 winner=1 timeout=False duration=20.03s bee_tsv=16->16 human_tsv=18->0 bee_shots=4 bee_hits=1 bee_damage=75 bee_tsv_reward=0.5294 human_shots=0 human_hits=0 human_damage=0 human_tsv_reward=-0.5294 bee_reward=10.5127 human_reward=-10.5294
RL 1v1 summary episodes=700 bee_record=602-98 human_record=4-696 timeouts=94 avg_duration=36.46s bee_shots=2279 bee_hits=602 bee_hit_rate=26.42 % bee_damage=45150 human_shots=474 human_hits=136 human_hit_rate=28.69 % human_damage=4000
RL 1v1 episode=701 bee_team=0 human_team=1 winner=1 timeout=False duration=72.53s bee_tsv=16->16 human_tsv=18->0 bee_shots=17 bee_hits=1 bee_damage=75 bee_tsv_reward=0.5294 human_shots=0 human_hits=0 human_damage=0 human_tsv_reward=-0.5294 bee_reward=10.4690 human_reward=-10.5294
RL 1v1 episode=702 bee_team=1 human_team=0 winner=1 timeout=False duration=2.53s bee_tsv=16->16 human_tsv=18->0 bee_shots=1 bee_hits=1 bee_damage=75 bee_tsv_reward=0.5294 human_shots=0 human_hits=0 human_damage=0 human_tsv_reward=-0.5294 bee_reward=10.5273 human_reward=-10.5294
RL 1v1 episode=703 bee_team=0 human_team=1 winner=1 timeout=False duration=10.03s bee_tsv=16->16 human_tsv=18->0 bee_shots=4 bee_hits=1 bee_damage=75 bee_tsv_reward=0.5294 human_shots=0 human_hits=0 human_damage=0 human_tsv_reward=-0.5294 bee_reward=10.5211 human_reward=-10.5294
RL 1v1 episode=704 bee_team=1 human_team=0 winner=1 timeout=False duration=12.53s bee_tsv=16->16 human_tsv=18->0 bee_shots=3 bee_hits=1 bee_damage=75 bee_tsv_reward=0.5294 human_shots=0 human_hits=0 human_damage=0 human_tsv_reward=-0.5294 bee_reward=10.5190 human_reward=-10.5294
RL 1v1 episode=705 bee_team=0 human_team=1 winner=1 timeout=False duration=52.53s bee_tsv=16->11 human_tsv=18->0 bee_shots=11 bee_hits=1 bee_damage=75 bee_tsv_reward=0.3824 human_shots=4 human_hits=2 human_damage=60 human_tsv_reward=-0.3824 bee_reward=10.3386 human_reward=-10.3824
RL 1v1 episode=706 bee_team=1 human_team=0 winner=1 timeout=False duration=10.03s bee_tsv=16->16 human_tsv=18->0 bee_shots=4 bee_hits=1 bee_damage=75 bee_tsv_reward=0.5294 human_shots=0 human_hits=0 human_damage=0 human_tsv_reward=-0.5294 bee_reward=10.5211 human_reward=-10.5294
RL 1v1 episode=707 bee_team=0 human_team=1 winner=1 timeout=False duration=5.03s bee_tsv=16->16 human_tsv=18->0 bee_shots=2 bee_hits=1 bee_damage=75 bee_tsv_reward=0.5294 human_shots=0 human_hits=0 human_damage=0 human_tsv_reward=-0.5294 bee_reward=10.5252 human_reward=-10.5294
RL 1v1 episode=708 bee_team=1 human_team=0 winner=1 timeout=False duration=27.53s bee_tsv=16->16 human_tsv=18->0 bee_shots=9 bee_hits=1 bee_damage=75 bee_tsv_reward=0.5294 human_shots=0 human_hits=0 human_damage=0 human_tsv_reward=-0.5294 bee_reward=10.5065 human_reward=-10.5294
RL 1v1 episode=709 bee_team=0 human_team=1 winner=1 timeout=False duration=27.53s bee_tsv=16->16 human_tsv=18->0 bee_shots=8 bee_hits=1 bee_damage=75 bee_tsv_reward=0.5294 human_shots=0 human_hits=0 human_damage=0 human_tsv_reward=-0.5294 bee_reward=10.5065 human_reward=-10.5294
RL 1v1 episode=710 bee_team=1 human_team=0 winner=1 timeout=False duration=40.03s bee_tsv=16->16 human_tsv=18->0 bee_shots=12 bee_hits=1 bee_damage=75 bee_tsv_reward=0.5294 human_shots=0 human_hits=0 human_damage=0 human_tsv_reward=-0.5294 bee_reward=10.4961 human_reward=-10.5294
RL 1v1 summary episodes=710 bee_record=612-98 human_record=4-706 timeouts=94 avg_duration=36.32s bee_shots=2350 bee_hits=612 bee_hit_rate=26.04 % bee_damage=45900 human_shots=478 human_hits=138 human_hit_rate=28.87 % human_damage=4060
RL 1v1 episode=711 bee_team=0 human_team=1 winner=1 timeout=False duration=32.62s bee_tsv=16->11 human_tsv=18->0 bee_shots=9 bee_hits=1 bee_damage=75 bee_tsv_reward=0.3824 human_shots=2 human_hits=2 human_damage=60 human_tsv_reward=-0.3824 bee_reward=10.3552 human_reward=-10.3824
RL 1v1 episode=712 bee_team=1 human_team=0 winner=1 timeout=False duration=37.62s bee_tsv=16->11 human_tsv=18->0 bee_shots=8 bee_hits=1 bee_damage=75 bee_tsv_reward=0.3824 human_shots=4 human_hits=2 human_damage=60 human_tsv_reward=-0.3824 bee_reward=10.3510 human_reward=-10.3824
RL 1v1 episode=713 bee_team=0 human_team=1 winner=1 timeout=False duration=7.55s bee_tsv=16->16 human_tsv=18->0 bee_shots=2 bee_hits=1 bee_damage=75 bee_tsv_reward=0.5294 human_shots=0 human_hits=0 human_damage=0 human_tsv_reward=-0.5294 bee_reward=10.5231 human_reward=-10.5294
RL 1v1 episode=714 bee_team=1 human_team=0 winner=1 timeout=False duration=20.03s bee_tsv=16->13 human_tsv=18->0 bee_shots=4 bee_hits=1 bee_damage=75 bee_tsv_reward=0.4412 human_shots=2 human_hits=1 human_damage=30 human_tsv_reward=-0.4412 bee_reward=10.4245 human_reward=-10.4412
RL 1v1 episode=715 bee_team=0 human_team=1 winner=1 timeout=False duration=10.05s bee_tsv=16->16 human_tsv=18->0 bee_shots=3 bee_hits=1 bee_damage=75 bee_tsv_reward=0.5294 human_shots=0 human_hits=0 human_damage=0 human_tsv_reward=-0.5294 bee_reward=10.5210 human_reward=-10.5294
RL 1v1 episode=716 bee_team=1 human_team=0 winner=1 timeout=False duration=5.03s bee_tsv=16->16 human_tsv=18->0 bee_shots=2 bee_hits=1 bee_damage=75 bee_tsv_reward=0.5294 human_shots=0 human_hits=0 human_damage=0 human_tsv_reward=-0.5294 bee_reward=10.5252 human_reward=-10.5294
RL 1v1 episode=717 bee_team=0 human_team=1 winner=1 timeout=False duration=5.03s bee_tsv=16->16 human_tsv=18->0 bee_shots=2 bee_hits=1 bee_damage=75 bee_tsv_reward=0.5294 human_shots=0 human_hits=0 human_damage=0 human_tsv_reward=-0.5294 bee_reward=10.5252 human_reward=-10.5294
RL 1v1 episode=718 bee_team=1 human_team=0 winner=1 timeout=False duration=15.03s bee_tsv=16->13 human_tsv=18->0 bee_shots=3 bee_hits=1 bee_damage=75 bee_tsv_reward=0.4412 human_shots=2 human_hits=1 human_damage=30 human_tsv_reward=-0.4412 bee_reward=10.4287 human_reward=-10.4412
RL 1v1 episode=719 bee_team=0 human_team=1 winner=1 timeout=False duration=5.03s bee_tsv=16->16 human_tsv=18->0 bee_shots=2 bee_hits=1 bee_damage=75 bee_tsv_reward=0.5294 human_shots=0 human_hits=0 human_damage=0 human_tsv_reward=-0.5294 bee_reward=10.5252 human_reward=-10.5294
RL 1v1 episode=720 bee_team=1 human_team=0 winner=1 timeout=False duration=30.12s bee_tsv=16->11 human_tsv=18->0 bee_shots=4 bee_hits=1 bee_damage=75 bee_tsv_reward=0.3824 human_shots=2 human_hits=2 human_damage=60 human_tsv_reward=-0.3824 bee_reward=10.3573 human_reward=-10.3824
RL 1v1 summary episodes=720 bee_record=622-98 human_record=4-716 timeouts=94 avg_duration=36.05s bee_shots=2389 bee_hits=622 bee_hit_rate=26.04 % bee_damage=46650 human_shots=490 human_hits=146 human_hit_rate=29.80 % human_damage=4300
RL 1v1 episode=721 bee_team=0 human_team=1 winner=1 timeout=False duration=50.05s bee_tsv=16->13 human_tsv=18->0 bee_shots=9 bee_hits=1 bee_damage=75 bee_tsv_reward=0.4412 human_shots=4 human_hits=1 human_damage=30 human_tsv_reward=-0.4412 bee_reward=10.3995 human_reward=-10.4412
RL 1v1 episode=722 bee_team=1 human_team=0 winner=1 timeout=False duration=20.03s bee_tsv=16->16 human_tsv=18->0 bee_shots=5 bee_hits=1 bee_damage=75 bee_tsv_reward=0.5294 human_shots=0 human_hits=0 human_damage=0 human_tsv_reward=-0.5294 bee_reward=10.5127 human_reward=-10.5294
RL 1v1 episode=723 bee_team=0 human_team=1 winner=1 timeout=False duration=10.03s bee_tsv=16->16 human_tsv=18->0 bee_shots=3 bee_hits=1 bee_damage=75 bee_tsv_reward=0.5294 human_shots=0 human_hits=0 human_damage=0 human_tsv_reward=-0.5294 bee_reward=10.5211 human_reward=-10.5294
RL 1v1 episode=724 bee_team=1 human_team=0 winner=1 timeout=False duration=7.53s bee_tsv=16->16 human_tsv=18->0 bee_shots=3 bee_hits=1 bee_damage=75 bee_tsv_reward=0.5294 human_shots=0 human_hits=0 human_damage=0 human_tsv_reward=-0.5294 bee_reward=10.5231 human_reward=-10.5294
RL 1v1 episode=725 bee_team=0 human_team=1 winner=1 timeout=False duration=67.53s bee_tsv=16->13 human_tsv=18->0 bee_shots=11 bee_hits=1 bee_damage=75 bee_tsv_reward=0.4412 human_shots=2 human_hits=1 human_damage=30 human_tsv_reward=-0.4412 bee_reward=10.3849 human_reward=-10.4412
RL 1v1 episode=726 bee_team=1 human_team=0 winner=1 timeout=False duration=30.03s bee_tsv=16->16 human_tsv=18->0 bee_shots=7 bee_hits=1 bee_damage=75 bee_tsv_reward=0.5294 human_shots=0 human_hits=0 human_damage=0 human_tsv_reward=-0.5294 bee_reward=10.5044 human_reward=-10.5294
RL 1v1 episode=727 bee_team=0 human_team=1 winner=1 timeout=False duration=25.03s bee_tsv=16->13 human_tsv=18->0 bee_shots=4 bee_hits=1 bee_damage=75 bee_tsv_reward=0.4412 human_shots=2 human_hits=1 human_damage=30 human_tsv_reward=-0.4412 bee_reward=10.4203 human_reward=-10.4412
RL 1v1 episode=728 bee_team=1 human_team=0 winner=1 timeout=False duration=15.07s bee_tsv=16->16 human_tsv=18->0 bee_shots=2 bee_hits=1 bee_damage=75 bee_tsv_reward=0.5294 human_shots=0 human_hits=0 human_damage=0 human_tsv_reward=-0.5294 bee_reward=10.5169 human_reward=-10.5294
RL 1v1 episode=729 bee_team=0 human_team=1 winner=1 timeout=False duration=7.53s bee_tsv=16->16 human_tsv=18->0 bee_shots=2 bee_hits=1 bee_damage=75 bee_tsv_reward=0.5294 human_shots=0 human_hits=0 human_damage=0 human_tsv_reward=-0.5294 bee_reward=10.5231 human_reward=-10.5294
RL 1v1 episode=730 bee_team=1 human_team=0 winner=1 timeout=False duration=32.55s bee_tsv=16->13 human_tsv=18->0 bee_shots=9 bee_hits=1 bee_damage=75 bee_tsv_reward=0.4412 human_shots=2 human_hits=1 human_damage=30 human_tsv_reward=-0.4412 bee_reward=10.4141 human_reward=-10.4412
RL 1v1 summary episodes=730 bee_record=632-98 human_record=4-726 timeouts=94 avg_duration=35.92s bee_shots=2444 bee_hits=632 bee_hit_rate=25.86 % bee_damage=47400 human_shots=500 human_hits=150 human_hit_rate=30.00 % human_damage=4420
RL 1v1 episode=731 bee_team=0 human_team=1 winner=1 timeout=False duration=2.60s bee_tsv=16->16 human_tsv=18->0 bee_shots=1 bee_hits=1 bee_damage=75 bee_tsv_reward=0.5294 human_shots=0 human_hits=0 human_damage=0 human_tsv_reward=-0.5294 bee_reward=10.5273 human_reward=-10.5294
RL 1v1 episode=732 bee_team=1 human_team=0 winner=1 timeout=False duration=5.05s bee_tsv=16->16 human_tsv=18->0 bee_shots=2 bee_hits=1 bee_damage=75 bee_tsv_reward=0.5294 human_shots=0 human_hits=0 human_damage=0 human_tsv_reward=-0.5294 bee_reward=10.5252 human_reward=-10.5294
RL 1v1 episode=733 bee_team=0 human_team=1 winner=1 timeout=False duration=12.53s bee_tsv=16->16 human_tsv=18->0 bee_shots=5 bee_hits=1 bee_damage=75 bee_tsv_reward=0.5294 human_shots=0 human_hits=0 human_damage=0 human_tsv_reward=-0.5294 bee_reward=10.5190 human_reward=-10.5294
RL 1v1 episode=734 bee_team=1 human_team=0 winner=1 timeout=False duration=7.55s bee_tsv=16->16 human_tsv=18->0 bee_shots=2 bee_hits=1 bee_damage=75 bee_tsv_reward=0.5294 human_shots=0 human_hits=0 human_damage=0 human_tsv_reward=-0.5294 bee_reward=10.5231 human_reward=-10.5294
RL 1v1 episode=735 bee_team=0 human_team=1 winner=1 timeout=False duration=7.53s bee_tsv=16->16 human_tsv=18->0 bee_shots=1 bee_hits=1 bee_damage=75 bee_tsv_reward=0.5294 human_shots=0 human_hits=0 human_damage=0 human_tsv_reward=-0.5294 bee_reward=10.5231 human_reward=-10.5294
RL 1v1 episode=736 bee_team=1 human_team=0 winner=1 timeout=False duration=32.53s bee_tsv=16->11 human_tsv=18->0 bee_shots=9 bee_hits=1 bee_damage=75 bee_tsv_reward=0.3824 human_shots=2 human_hits=2 human_damage=60 human_tsv_reward=-0.3824 bee_reward=10.3552 human_reward=-10.3824
RL 1v1 episode=737 bee_team=0 human_team=1 winner=1 timeout=False duration=7.53s bee_tsv=16->16 human_tsv=18->0 bee_shots=2 bee_hits=1 bee_damage=75 bee_tsv_reward=0.5294 human_shots=0 human_hits=0 human_damage=0 human_tsv_reward=-0.5294 bee_reward=10.5231 human_reward=-10.5294
RL 1v1 episode=738 bee_team=1 human_team=0 winner=1 timeout=False duration=2.53s bee_tsv=16->16 human_tsv=18->0 bee_shots=1 bee_hits=1 bee_damage=75 bee_tsv_reward=0.5294 human_shots=0 human_hits=0 human_damage=0 human_tsv_reward=-0.5294 bee_reward=10.5273 human_reward=-10.5294
RL 1v1 episode=739 bee_team=0 human_team=1 winner=1 timeout=False duration=12.53s bee_tsv=16->16 human_tsv=18->0 bee_shots=5 bee_hits=1 bee_damage=75 bee_tsv_reward=0.5294 human_shots=0 human_hits=0 human_damage=0 human_tsv_reward=-0.5294 bee_reward=10.5190 human_reward=-10.5294
RL 1v1 episode=740 bee_team=1 human_team=0 winner=1 timeout=False duration=10.03s bee_tsv=16->11 human_tsv=18->0 bee_shots=3 bee_hits=1 bee_damage=75 bee_tsv_reward=0.3824 human_shots=4 human_hits=2 human_damage=60 human_tsv_reward=-0.3824 bee_reward=10.3740 human_reward=-10.3824
RL 1v1 summary episodes=740 bee_record=642-98 human_record=4-736 timeouts=94 avg_duration=35.57s bee_shots=2475 bee_hits=642 bee_hit_rate=25.94 % bee_damage=48150 human_shots=506 human_hits=154 human_hit_rate=30.43 % human_damage=4540
RL 1v1 episode=741 bee_team=0 human_team=1 winner=1 timeout=False duration=5.03s bee_tsv=16->16 human_tsv=18->0 bee_shots=2 bee_hits=1 bee_damage=75 bee_tsv_reward=0.5294 human_shots=0 human_hits=0 human_damage=0 human_tsv_reward=-0.5294 bee_reward=10.5252 human_reward=-10.5294
RL 1v1 episode=742 bee_team=1 human_team=0 winner=1 timeout=False duration=5.03s bee_tsv=16->16 human_tsv=18->0 bee_shots=2 bee_hits=1 bee_damage=75 bee_tsv_reward=0.5294 human_shots=0 human_hits=0 human_damage=0 human_tsv_reward=-0.5294 bee_reward=10.5252 human_reward=-10.5294
RL 1v1 episode=743 bee_team=0 human_team=1 winner=1 timeout=False duration=27.53s bee_tsv=16->16 human_tsv=18->0 bee_shots=6 bee_hits=1 bee_damage=75 bee_tsv_reward=0.5294 human_shots=0 human_hits=0 human_damage=0 human_tsv_reward=-0.5294 bee_reward=10.5065 human_reward=-10.5294
RL 1v1 episode=744 bee_team=1 human_team=0 winner=0 timeout=True duration=119.98s bee_tsv=16->11 human_tsv=18->18 bee_shots=13 bee_hits=0 bee_damage=0 bee_tsv_reward=-0.1471 human_shots=2 human_hits=2 human_damage=60 human_tsv_reward=0.1471 bee_reward=-10.1471 human_reward=-9.8529
RL 1v1 episode=745 bee_team=0 human_team=1 winner=1 timeout=False duration=10.03s bee_tsv=16->16 human_tsv=18->0 bee_shots=3 bee_hits=1 bee_damage=75 bee_tsv_reward=0.5294 human_shots=0 human_hits=0 human_damage=0 human_tsv_reward=-0.5294 bee_reward=10.5211 human_reward=-10.5294
RL 1v1 episode=746 bee_team=1 human_team=0 winner=1 timeout=False duration=37.53s bee_tsv=16->11 human_tsv=18->0 bee_shots=7 bee_hits=1 bee_damage=75 bee_tsv_reward=0.3824 human_shots=2 human_hits=2 human_damage=60 human_tsv_reward=-0.3824 bee_reward=10.3511 human_reward=-10.3824
RL 1v1 episode=747 bee_team=0 human_team=1 winner=1 timeout=False duration=25.03s bee_tsv=16->16 human_tsv=18->0 bee_shots=4 bee_hits=1 bee_damage=75 bee_tsv_reward=0.5294 human_shots=0 human_hits=0 human_damage=0 human_tsv_reward=-0.5294 bee_reward=10.5086 human_reward=-10.5294
RL 1v1 episode=748 bee_team=1 human_team=0 winner=1 timeout=False duration=25.03s bee_tsv=16->13 human_tsv=18->0 bee_shots=8 bee_hits=1 bee_damage=75 bee_tsv_reward=0.4412 human_shots=4 human_hits=1 human_damage=30 human_tsv_reward=-0.4412 bee_reward=10.4203 human_reward=-10.4412
RL 1v1 episode=749 bee_team=0 human_team=1 winner=1 timeout=False duration=60.03s bee_tsv=16->11 human_tsv=18->0 bee_shots=12 bee_hits=1 bee_damage=75 bee_tsv_reward=0.3824 human_shots=4 human_hits=2 human_damage=60 human_tsv_reward=-0.3824 bee_reward=10.3323 human_reward=-10.3824
RL 1v1 episode=750 bee_team=1 human_team=0 winner=1 timeout=False duration=10.03s bee_tsv=16->16 human_tsv=18->0 bee_shots=3 bee_hits=1 bee_damage=75 bee_tsv_reward=0.5294 human_shots=0 human_hits=0 human_damage=0 human_tsv_reward=-0.5294 bee_reward=10.5211 human_reward=-10.5294
RL 1v1 summary episodes=750 bee_record=651-99 human_record=4-746 timeouts=95 avg_duration=35.53s bee_shots=2535 bee_hits=651 bee_hit_rate=25.68 % bee_damage=48825 human_shots=518 human_hits=161 human_hit_rate=31.08 % human_damage=4750
RL 1v1 episode=751 bee_team=0 human_team=1 winner=1 timeout=False duration=10.03s bee_tsv=16->16 human_tsv=18->0 bee_shots=3 bee_hits=1 bee_damage=75 bee_tsv_reward=0.5294 human_shots=0 human_hits=0 human_damage=0 human_tsv_reward=-0.5294 bee_reward=10.5211 human_reward=-10.5294
RL 1v1 episode=752 bee_team=1 human_team=0 winner=1 timeout=False duration=42.53s bee_tsv=16->16 human_tsv=18->0 bee_shots=13 bee_hits=1 bee_damage=75 bee_tsv_reward=0.5294 human_shots=0 human_hits=0 human_damage=0 human_tsv_reward=-0.5294 bee_reward=10.4940 human_reward=-10.5294
Unable to save timers to file F:/RLDemo/Bees RL Training/Bees_Data\ML-Agents\Timers\RL 1v1 Training_timers.json
[Physics::Module] Cleanup current backend.
[Physics::Module] Id: 0xf2b8ea05
Input System module state changed to: ShutdownInProgress.
Input Polling Thread exited.
Input System module state changed to: Shutdown.
CodeReloadManager destroyed
GarbageCollector disposing of ComputeBuffer. Please use ComputeBuffer.Release() or .Dispose() to manually release the buffer.
