[INFO] Connected to Unity environment with package version 4.1.0 and communication version 1.5.0
[INFO] Connected to Unity environment with package version 4.1.0 and communication version 1.5.0
[INFO] Connected new brain: BeesRL1v1?team=0
[INFO] Connected new brain: BeesRL1v1?team=1
[INFO] Connected new brain: BeesRL1v1?team=0
[INFO] Connected new brain: BeesRL1v1?team=1
[INFO] Connected to Unity environment with package version 4.1.0 and communication version 1.5.0
[INFO] Connected new brain: BeesRL1v1?team=0
[INFO] Connected new brain: BeesRL1v1?team=1
[INFO] Connected to Unity environment with package version 4.1.0 and communication version 1.5.0
[INFO] Connected to Unity environment with package version 4.1.0 and communication version 1.5.0
[INFO] Connected new brain: BeesRL1v1?team=0
[INFO] Connected new brain: BeesRL1v1?team=1
[INFO] Connected to Unity environment with package version 4.1.0 and communication version 1.5.0
[INFO] Connected new brain: BeesRL1v1?team=0
[INFO] Connected new brain: BeesRL1v1?team=1
[INFO] Connected new brain: BeesRL1v1?team=0
[INFO] Connected new brain: BeesRL1v1?team=1
[INFO] Connected to Unity environment with package version 4.1.0 and communication version 1.5.0
[INFO] Connected new brain: BeesRL1v1?team=0
[INFO] Connected new brain: BeesRL1v1?team=1
[INFO] Connected to Unity environment with package version 4.1.0 and communication version 1.5.0
[INFO] Connected new brain: BeesRL1v1?team=0
[INFO] Connected new brain: BeesRL1v1?team=1
[INFO] Connected to Unity environment with package version 4.1.0 and communication version 1.5.0
[INFO] Connected new brain: BeesRL1v1?team=0
[INFO] Connected new brain: BeesRL1v1?team=1
[INFO] Connected to Unity environment with package version 4.1.0 and communication version 1.5.0
[INFO] Connected to Unity environment with package version 4.1.0 and communication version 1.5.0
[INFO] Connected to Unity environment with package version 4.1.0 and communication version 1.5.0
[INFO] Connected new brain: BeesRL1v1?team=0
[INFO] Connected new brain: BeesRL1v1?team=1
[INFO] Connected new brain: BeesRL1v1?team=0
[INFO] Connected new brain: BeesRL1v1?team=1
[INFO] Connected new brain: BeesRL1v1?team=0
[INFO] Connected new brain: BeesRL1v1?team=1
[INFO] Connected to Unity environment with package version 4.1.0 and communication version 1.5.0
[INFO] Connected new brain: BeesRL1v1?team=0
[INFO] Connected new brain: BeesRL1v1?team=1
[INFO] Connected to Unity environment with package version 4.1.0 and communication version 1.5.0
[INFO] Connected new brain: BeesRL1v1?team=0
[INFO] Connected new brain: BeesRL1v1?team=1
[INFO] Connected to Unity environment with package version 4.1.0 and communication version 1.5.0
[INFO] Connected to Unity environment with package version 4.1.0 and communication version 1.5.0
[INFO] Connected to Unity environment with package version 4.1.0 and communication version 1.5.0
[INFO] Connected new brain: BeesRL1v1?team=0
[INFO] Connected new brain: BeesRL1v1?team=1
[INFO] Connected new brain: BeesRL1v1?team=0
[INFO] Connected new brain: BeesRL1v1?team=1
[INFO] Connected new brain: BeesRL1v1?team=0
[INFO] Connected new brain: BeesRL1v1?team=1
[INFO] Connected to Unity environment with package version 4.1.0 and communication version 1.5.0
[INFO] Connected new brain: BeesRL1v1?team=0
[INFO] Connected new brain: BeesRL1v1?team=1
[INFO] Connected to Unity environment with package version 4.1.0 and communication version 1.5.0
[INFO] Connected to Unity environment with package version 4.1.0 and communication version 1.5.0
[INFO] Connected new brain: BeesRL1v1?team=0
[INFO] Connected new brain: BeesRL1v1?team=1
[INFO] Connected new brain: BeesRL1v1?team=0
[INFO] Connected new brain: BeesRL1v1?team=1
[INFO] Connected to Unity environment with package version 4.1.0 and communication version 1.5.0
[INFO] Connected to Unity environment with package version 4.1.0 and communication version 1.5.0
[INFO] Connected new brain: BeesRL1v1?team=0
[INFO] Connected new brain: BeesRL1v1?team=1
[INFO] Connected new brain: BeesRL1v1?team=0
[INFO] Connected new brain: BeesRL1v1?team=1
[INFO] Connected to Unity environment with package version 4.1.0 and communication version 1.5.0
[INFO] Connected new brain: BeesRL1v1?team=0
[INFO] Connected new brain: BeesRL1v1?team=1
[INFO] Connected to Unity environment with package version 4.1.0 and communication version 1.5.0
[INFO] Connected new brain: BeesRL1v1?team=0
[INFO] Connected new brain: BeesRL1v1?team=1
[INFO] Connected to Unity environment with package version 4.1.0 and communication version 1.5.0
[INFO] Connected new brain: BeesRL1v1?team=0
[INFO] Connected new brain: BeesRL1v1?team=1
[INFO] Connected to Unity environment with package version 4.1.0 and communication version 1.5.0
[INFO] Connected new brain: BeesRL1v1?team=0
[INFO] Connected new brain: BeesRL1v1?team=1
[INFO] Connected to Unity environment with package version 4.1.0 and communication version 1.5.0
[INFO] Connected to Unity environment with package version 4.1.0 and communication version 1.5.0
[INFO] Connected new brain: BeesRL1v1?team=0
[INFO] Connected new brain: BeesRL1v1?team=1
[INFO] Connected to Unity environment with package version 4.1.0 and communication version 1.5.0
[INFO] Connected new brain: BeesRL1v1?team=0
[INFO] Connected new brain: BeesRL1v1?team=1
[INFO] Connected new brain: BeesRL1v1?team=0
[INFO] Connected new brain: BeesRL1v1?team=1
[INFO] Connected to Unity environment with package version 4.1.0 and communication version 1.5.0
[INFO] Connected to Unity environment with package version 4.1.0 and communication version 1.5.0
[INFO] Connected new brain: BeesRL1v1?team=0
[INFO] Connected new brain: BeesRL1v1?team=1
[INFO] Connected to Unity environment with package version 4.1.0 and communication version 1.5.0
[INFO] Connected new brain: BeesRL1v1?team=0
[INFO] Connected new brain: BeesRL1v1?team=1
[INFO] Connected new brain: BeesRL1v1?team=0
[INFO] Connected new brain: BeesRL1v1?team=1
[INFO] Connected to Unity environment with package version 4.1.0 and communication version 1.5.0
[INFO] Connected new brain: BeesRL1v1?team=0
[INFO] Connected new brain: BeesRL1v1?team=1
[INFO] Connected to Unity environment with package version 4.1.0 and communication version 1.5.0
[INFO] Connected new brain: BeesRL1v1?team=0
[INFO] Connected new brain: BeesRL1v1?team=1
[INFO] Connected to Unity environment with package version 4.1.0 and communication version 1.5.0
[INFO] Connected to Unity environment with package version 4.1.0 and communication version 1.5.0
[INFO] Connected to Unity environment with package version 4.1.0 and communication version 1.5.0
[INFO] Connected new brain: BeesRL1v1?team=0
[INFO] Connected new brain: BeesRL1v1?team=1
[INFO] Connected new brain: BeesRL1v1?team=0
[INFO] Connected new brain: BeesRL1v1?team=1
[INFO] Connected new brain: BeesRL1v1?team=0
[INFO] Connected new brain: BeesRL1v1?team=1
[INFO] Connected to Unity environment with package version 4.1.0 and communication version 1.5.0
[INFO] Connected to Unity environment with package version 4.1.0 and communication version 1.5.0
[INFO] Connected to Unity environment with package version 4.1.0 and communication version 1.5.0
[INFO] Connected to Unity environment with package version 4.1.0 and communication version 1.5.0
[INFO] Connected new brain: BeesRL1v1?team=0
[INFO] Connected new brain: BeesRL1v1?team=1
[INFO] Connected new brain: BeesRL1v1?team=0
[INFO] Connected new brain: BeesRL1v1?team=1
[INFO] Connected new brain: BeesRL1v1?team=0
[INFO] Connected new brain: BeesRL1v1?team=1
[INFO] Connected new brain: BeesRL1v1?team=0
[INFO] Connected new brain: BeesRL1v1?team=1
[INFO] Connected to Unity environment with package version 4.1.0 and communication version 1.5.0
[INFO] Connected to Unity environment with package version 4.1.0 and communication version 1.5.0
[INFO] Connected new brain: BeesRL1v1?team=0
[INFO] Connected new brain: BeesRL1v1?team=1
[INFO] Connected new brain: BeesRL1v1?team=0
[INFO] Connected new brain: BeesRL1v1?team=1
[INFO] Connected to Unity environment with package version 4.1.0 and communication version 1.5.0
[INFO] Connected to Unity environment with package version 4.1.0 and communication version 1.5.0
[INFO] Connected to Unity environment with package version 4.1.0 and communication version 1.5.0
[INFO] Connected new brain: BeesRL1v1?team=0
[INFO] Connected new brain: BeesRL1v1?team=1
[INFO] Connected to Unity environment with package version 4.1.0 and communication version 1.5.0
[INFO] Connected new brain: BeesRL1v1?team=0
[INFO] Connected new brain: BeesRL1v1?team=1
[INFO] Connected new brain: BeesRL1v1?team=0
[INFO] Connected new brain: BeesRL1v1?team=1
[INFO] Connected new brain: BeesRL1v1?team=0
[INFO] Connected new brain: BeesRL1v1?team=1
[INFO] Connected to Unity environment with package version 4.1.0 and communication version 1.5.0
[INFO] Connected new brain: BeesRL1v1?team=0
[INFO] Connected new brain: BeesRL1v1?team=1
[Bees RL] PPO value-estimate/return buffer key separation: enabled
[Bees RL] Cross-worker policy inference batching: enabled
[Bees RL] Slim subprocess action IPC: enabled
[Bees RL] Worker timer transfer: every 64 steps
[Bees RL] Blocking Unity-worker wait: enabled
[Bees RL] Hybrid devices: trainer/optimizer uses --torch-device; environment inference uses synchronized CPU actor replicas


	Unity Technologies

 Version information:
  ml-agents: 1.1.0,
  ml-agents-envs: 1.1.0,
  Communicator API: 1.5.0,
  PyTorch: 2.1.1+cu121
[WARNING] Deleting TensorBoard data events.out.tfevents.1789792883.EXETER.38044.0 that was left over from a previous run.
[INFO] Hyperparameters for behavior name BeesRL1v1: 
	trainer_type:	ppo
	hyperparameters:	
	  batch_size:	512
	  buffer_size:	16384
	  learning_rate:	0.0003
	  beta:	0.001
	  epsilon:	0.15
	  lambd:	0.95
	  num_epoch:	3
	  shared_critic:	False
	  learning_rate_schedule:	constant
	  beta_schedule:	constant
	  epsilon_schedule:	constant
	checkpoint_interval:	250000
	network_settings:	
	  normalize:	True
	  hidden_units:	128
	  num_layers:	3
	  vis_encode_type:	simple
	  memory:	None
	  goal_conditioning_type:	hyper
	  deterministic:	False
	reward_signals:	
	  extrinsic:	
	    gamma:	1.0
	    strength:	1.0
	    network_settings:	
	      normalize:	False
	      hidden_units:	128
	      num_layers:	2
	      vis_encode_type:	simple
	      memory:	None
	      goal_conditioning_type:	hyper
	      deterministic:	False
	init_path:	None
	keep_checkpoints:	5000
	even_checkpoints:	False
	max_steps:	5000000000000
	time_horizon:	2048
	summary_freq:	5000
	threaded:	False
	self_play:	
	  save_steps:	20000
	  team_change:	100000
	  swap_steps:	20000
	  window:	30
	  play_against_latest_model_ratio:	0.2
	  initial_elo:	1200.0
	behavioral_cloning:	None
[INFO] BeesRL1v1. Step: 5000. Time Elapsed: 83.125 s. Mean Reward: -8.670. Std of Reward: 6.192. Training. ELO: 1195.874.
[INFO] BeesRL1v1. Step: 10000. Time Elapsed: 85.584 s. Mean Reward: -10.928. Std of Reward: 0.000. Training. ELO: 1186.569.
[INFO] BeesRL1v1. Step: 15000. Time Elapsed: 110.395 s. Mean Reward: -7.952. Std of Reward: 7.266. Training. ELO: 1178.598.
[INFO] BeesRL1v1. Step: 20000. Time Elapsed: 134.364 s. Mean Reward: -7.372. Std of Reward: 7.894. Training. ELO: 1174.570.
[INFO] BeesRL1v1. Step: 25000. Time Elapsed: 138.522 s. Mean Reward: -7.011. Std of Reward: 8.304. Training. ELO: 1172.951.
[INFO] BeesRL1v1. Step: 30000. Time Elapsed: 162.888 s. Mean Reward: -9.835. Std of Reward: 4.519. Training. ELO: 1172.951.
[INFO] BeesRL1v1. Step: 35000. Time Elapsed: 184.134 s. Mean Reward: -9.713. Std of Reward: 5.017. Training. ELO: 1172.951.
[INFO] BeesRL1v1. Step: 40000. Time Elapsed: 190.708 s. Mean Reward: -9.717. Std of Reward: 5.002. Training. ELO: 1172.951.
[INFO] BeesRL1v1. Step: 45000. Time Elapsed: 214.676 s. Mean Reward: -11.000. Std of Reward: 0.000. Training. ELO: 1169.008.
[INFO] BeesRL1v1. Step: 50000. Time Elapsed: 236.263 s. Mean Reward: -10.972. Std of Reward: 0.111. Training. ELO: 1160.889.
[INFO] BeesRL1v1. Step: 55000. Time Elapsed: 244.475 s. Mean Reward: -11.000. Std of Reward: 0.000. Training. ELO: 1153.156.
[INFO] BeesRL1v1. Step: 60000. Time Elapsed: 267.065 s. Mean Reward: -6.862. Std of Reward: 8.346. Training. ELO: 1147.431.
[INFO] BeesRL1v1. Step: 65000. Time Elapsed: 279.096 s. Mean Reward: -10.972. Std of Reward: 0.111. Training. ELO: 1140.285.
[INFO] BeesRL1v1. Step: 70000. Time Elapsed: 298.787 s. Mean Reward: -11.000. Std of Reward: 0.000. Training. ELO: 1132.166.
[INFO] BeesRL1v1. Step: 75000. Time Elapsed: 317.407 s. Mean Reward: -8.766. Std of Reward: 6.371. Training. ELO: 1125.484.
[INFO] BeesRL1v1. Step: 80000. Time Elapsed: 334.305 s. Mean Reward: -8.633. Std of Reward: 6.695. Training. ELO: 1119.033.
[INFO] BeesRL1v1. Step: 85000. Time Elapsed: 355.343 s. Mean Reward: -11.000. Std of Reward: 0.000. Training. ELO: 1112.283.
[INFO] BeesRL1v1. Step: 90000. Time Elapsed: 367.749 s. Mean Reward: -7.723. Std of Reward: 7.588. Training. ELO: 1106.467.
[INFO] BeesRL1v1. Step: 95000. Time Elapsed: 387.648 s. Mean Reward: -9.841. Std of Reward: 4.520. Training. ELO: 1100.802.
[INFO] BeesRL1v1. Step: 100000. Time Elapsed: 409.710 s. Mean Reward: -9.638. Std of Reward: 5.140. Training. ELO: 1094.403.
[INFO] BeesRL1v1. Step: 105000. Time Elapsed: 441.926 s. Mean Reward: -10.940. Std of Reward: 0.164. Training. ELO: 1092.583.
[INFO] BeesRL1v1. Step: 110000. Time Elapsed: 452.321 s. Mean Reward: -9.789. Std of Reward: 4.865. Training. ELO: 1092.583.
[INFO] BeesRL1v1. Step: 115000. Time Elapsed: 470.042 s. Mean Reward: -6.687. Std of Reward: 8.502. Training. ELO: 1092.583.
[INFO] BeesRL1v1. Step: 120000. Time Elapsed: 493.929 s. Mean Reward: -8.574. Std of Reward: 6.675. Training. ELO: 1092.583.
[INFO] BeesRL1v1. Step: 125000. Time Elapsed: 504.890 s. Mean Reward: -11.000. Std of Reward: 0.000. Training. ELO: 1089.421.
[INFO] BeesRL1v1. Step: 130000. Time Elapsed: 522.870 s. Mean Reward: -9.716. Std of Reward: 5.004. Training. ELO: 1084.150.
[INFO] BeesRL1v1. Step: 135000. Time Elapsed: 544.892 s. Mean Reward: -9.801. Std of Reward: 4.744. Training. ELO: 1079.340.
[INFO] BeesRL1v1. Step: 140000. Time Elapsed: 554.983 s. Mean Reward: -9.749. Std of Reward: 5.005. Training. ELO: 1074.598.
[INFO] BeesRL1v1. Step: 145000. Time Elapsed: 574.213 s. Mean Reward: -7.701. Std of Reward: 7.575. Training. ELO: 1069.541.
[INFO] BeesRL1v1. Step: 150000. Time Elapsed: 596.870 s. Mean Reward: -10.938. Std of Reward: 0.171. Training. ELO: 1062.135.
[INFO] BeesRL1v1. Step: 155000. Time Elapsed: 610.991 s. Mean Reward: -8.491. Std of Reward: 6.870. Training. ELO: 1055.750.
[INFO] BeesRL1v1. Step: 160000. Time Elapsed: 626.658 s. Mean Reward: -8.495. Std of Reward: 6.860. Training. ELO: 1050.667.
[INFO] BeesRL1v1. Step: 165000. Time Elapsed: 638.833 s. Mean Reward: -9.747. Std of Reward: 5.011. Training. ELO: 1046.369.
[INFO] BeesRL1v1. Step: 170000. Time Elapsed: 664.165 s. Mean Reward: -8.496. Std of Reward: 6.858. Training. ELO: 1041.622.
[INFO] BeesRL1v1. Step: 175000. Time Elapsed: 680.664 s. Mean Reward: -10.969. Std of Reward: 0.125. Training. ELO: 1037.868.
[INFO] BeesRL1v1. Step: 180000. Time Elapsed: 692.954 s. Mean Reward: -10.969. Std of Reward: 0.125. Training. ELO: 1032.831.
[INFO] BeesRL1v1. Step: 185000. Time Elapsed: 715.080 s. Mean Reward: -9.730. Std of Reward: 4.867. Training. ELO: 1028.763.
[INFO] BeesRL1v1. Step: 190000. Time Elapsed: 732.248 s. Mean Reward: -10.915. Std of Reward: 0.190. Training. ELO: 1024.441.
[INFO] BeesRL1v1. Step: 195000. Time Elapsed: 745.152 s. Mean Reward: -10.969. Std of Reward: 0.125. Training. ELO: 1020.368.
[INFO] BeesRL1v1. Step: 200000. Time Elapsed: 769.766 s. Mean Reward: -9.850. Std of Reward: 4.756. Training. ELO: 1016.315.
[INFO] BeesRL1v1. Step: 205000. Time Elapsed: 800.301 s. Mean Reward: -8.946. Std of Reward: 6.252. Training. ELO: 1015.177.
[INFO] BeesRL1v1. Step: 210000. Time Elapsed: 815.607 s. Mean Reward: -7.602. Std of Reward: 7.772. Training. ELO: 1015.177.
[INFO] BeesRL1v1. Step: 215000. Time Elapsed: 829.004 s. Mean Reward: -9.813. Std of Reward: 4.895. Training. ELO: 1015.177.
[INFO] BeesRL1v1. Step: 220000. Time Elapsed: 850.610 s. Mean Reward: -10.969. Std of Reward: 0.125. Training. ELO: 1015.177.
[INFO] BeesRL1v1. Step: 225000. Time Elapsed: 868.433 s. Mean Reward: -9.746. Std of Reward: 5.015. Training. ELO: 1012.099.
[INFO] BeesRL1v1. Step: 230000. Time Elapsed: 878.128 s. Mean Reward: -7.607. Std of Reward: 7.769. Training. ELO: 1005.688.
[INFO] BeesRL1v1. Step: 235000. Time Elapsed: 902.033 s. Mean Reward: -8.596. Std of Reward: 6.707. Training. ELO: 999.903.
[INFO] BeesRL1v1. Step: 240000. Time Elapsed: 918.631 s. Mean Reward: -9.803. Std of Reward: 4.735. Training. ELO: 993.437.
[INFO] BeesRL1v1. Step: 245000. Time Elapsed: 929.108 s. Mean Reward: -10.938. Std of Reward: 0.171. Training. ELO: 986.591.
[INFO] BeesRL1v1. Step: 250000. Time Elapsed: 954.851 s. Mean Reward: -11.000. Std of Reward: 0.000. Training. ELO: 979.793.
[INFO] Exported .results\bees-full-005\BeesRL1v1\BeesRL1v1-249908.onnx
[INFO] BeesRL1v1. Step: 255000. Time Elapsed: 973.011 s. Mean Reward: -8.460. Std of Reward: 6.860. Training. ELO: 973.830.
[INFO] BeesRL1v1. Step: 260000. Time Elapsed: 983.079 s. Mean Reward: -10.971. Std of Reward: 0.121. Training. ELO: 968.917.
[INFO] BeesRL1v1. Step: 265000. Time Elapsed: 998.431 s. Mean Reward: -5.360. Std of Reward: 9.375. Training. ELO: 966.076.
[INFO] BeesRL1v1. Step: 270000. Time Elapsed: 1026.406 s. Mean Reward: -9.747. Std of Reward: 5.011. Training. ELO: 961.511.
[INFO] BeesRL1v1. Step: 275000. Time Elapsed: 1035.262 s. Mean Reward: -9.745. Std of Reward: 5.022. Training. ELO: 956.434.
[INFO] BeesRL1v1. Step: 280000. Time Elapsed: 1051.680 s. Mean Reward: -10.948. Std of Reward: 0.148. Training. ELO: 950.546.
[INFO] BeesRL1v1. Step: 285000. Time Elapsed: 1079.980 s. Mean Reward: -8.629. Std of Reward: 6.705. Training. ELO: 946.822.
[INFO] BeesRL1v1. Step: 290000. Time Elapsed: 1088.151 s. Mean Reward: -9.744. Std of Reward: 5.022. Training. ELO: 946.768.
[INFO] BeesRL1v1. Step: 295000. Time Elapsed: 1105.980 s. Mean Reward: -7.446. Std of Reward: 7.948. Training. ELO: 946.768.
[INFO] BeesRL1v1. Step: 300000. Time Elapsed: 1132.941 s. Mean Reward: -9.748. Std of Reward: 5.008. Training. ELO: 946.768.
[INFO] BeesRL1v1. Step: 305000. Time Elapsed: 1167.333 s. Mean Reward: -9.489. Std of Reward: 5.426. Training. ELO: 942.596.
[INFO] BeesRL1v1. Step: 310000. Time Elapsed: 1177.794 s. Mean Reward: -10.972. Std of Reward: 0.111. Training. ELO: 936.099.
[INFO] BeesRL1v1. Step: 315000. Time Elapsed: 1191.144 s. Mean Reward: -8.602. Std of Reward: 6.691. Training. ELO: 932.839.
[INFO] BeesRL1v1. Step: 320000. Time Elapsed: 1218.529 s. Mean Reward: -9.796. Std of Reward: 4.750. Training. ELO: 929.810.
[INFO] BeesRL1v1. Step: 325000. Time Elapsed: 1228.869 s. Mean Reward: -11.000. Std of Reward: 0.000. Training. ELO: 927.977.
[INFO] BeesRL1v1. Step: 330000. Time Elapsed: 1244.032 s. Mean Reward: -10.974. Std of Reward: 0.108. Training. ELO: 927.977.
[INFO] BeesRL1v1. Step: 335000. Time Elapsed: 1269.565 s. Mean Reward: -8.681. Std of Reward: 6.522. Training. ELO: 927.977.
[INFO] BeesRL1v1. Step: 340000. Time Elapsed: 1285.299 s. Mean Reward: -9.671. Std of Reward: 5.147. Training. ELO: 927.977.
[INFO] BeesRL1v1. Step: 345000. Time Elapsed: 1295.604 s. Mean Reward: -9.813. Std of Reward: 4.895. Training. ELO: 927.546.
[INFO] BeesRL1v1. Step: 350000. Time Elapsed: 1322.401 s. Mean Reward: -5.664. Std of Reward: 9.243. Training. ELO: 927.214.
[INFO] BeesRL1v1. Step: 355000. Time Elapsed: 1338.231 s. Mean Reward: -10.972. Std of Reward: 0.111. Training. ELO: 926.314.
[INFO] BeesRL1v1. Step: 360000. Time Elapsed: 1348.953 s. Mean Reward: -7.421. Std of Reward: 7.925. Training. ELO: 925.000.
[INFO] BeesRL1v1. Step: 365000. Time Elapsed: 1376.138 s. Mean Reward: -11.000. Std of Reward: 0.000. Training. ELO: 923.618.
[INFO] BeesRL1v1. Step: 370000. Time Elapsed: 1391.464 s. Mean Reward: -10.941. Std of Reward: 0.166. Training. ELO: 921.104.
[INFO] BeesRL1v1. Step: 375000. Time Elapsed: 1401.215 s. Mean Reward: -11.000. Std of Reward: 0.000. Training. ELO: 918.652.
[INFO] BeesRL1v1. Step: 380000. Time Elapsed: 1421.541 s. Mean Reward: -9.785. Std of Reward: 4.882. Training. ELO: 917.200.
[INFO] BeesRL1v1. Step: 385000. Time Elapsed: 1444.596 s. Mean Reward: -9.791. Std of Reward: 4.871. Training. ELO: 915.847.
[INFO] BeesRL1v1. Step: 390000. Time Elapsed: 1453.814 s. Mean Reward: -9.785. Std of Reward: 4.882. Training. ELO: 915.825.
[INFO] BeesRL1v1. Step: 395000. Time Elapsed: 1475.368 s. Mean Reward: -8.578. Std of Reward: 6.687. Training. ELO: 915.825.
[INFO] BeesRL1v1. Step: 400000. Time Elapsed: 1500.521 s. Mean Reward: -9.747. Std of Reward: 5.014. Training. ELO: 915.825.
[INFO] BeesRL1v1. Step: 405000. Time Elapsed: 1537.026 s. Mean Reward: -9.391. Std of Reward: 5.547. Training. ELO: 907.613.
[INFO] BeesRL1v1. Step: 410000. Time Elapsed: 1549.464 s. Mean Reward: -8.725. Std of Reward: 6.542. Training. ELO: 896.960.
[INFO] BeesRL1v1. Step: 415000. Time Elapsed: 1577.780 s. Mean Reward: -8.576. Std of Reward: 6.681. Training. ELO: 891.240.
[INFO] BeesRL1v1. Step: 420000. Time Elapsed: 1593.545 s. Mean Reward: -9.786. Std of Reward: 4.891. Training. ELO: 884.905.
[INFO] BeesRL1v1. Step: 425000. Time Elapsed: 1606.368 s. Mean Reward: -11.000. Std of Reward: 0.000. Training. ELO: 880.829.
[INFO] BeesRL1v1. Step: 430000. Time Elapsed: 1623.287 s. Mean Reward: -10.918. Std of Reward: 0.183. Training. ELO: 878.884.
[INFO] BeesRL1v1. Step: 435000. Time Elapsed: 1650.559 s. Mean Reward: -9.786. Std of Reward: 4.893. Training. ELO: 877.859.
[INFO] BeesRL1v1. Step: 440000. Time Elapsed: 1663.369 s. Mean Reward: -8.730. Std of Reward: 6.538. Training. ELO: 877.123.
[INFO] BeesRL1v1. Step: 445000. Time Elapsed: 1680.108 s. Mean Reward: -7.725. Std of Reward: 7.575. Training. ELO: 877.312.
[INFO] BeesRL1v1. Step: 450000. Time Elapsed: 1711.074 s. Mean Reward: -10.941. Std of Reward: 0.161. Training. ELO: 876.528.
[INFO] BeesRL1v1. Step: 455000. Time Elapsed: 1722.574 s. Mean Reward: -10.944. Std of Reward: 0.157. Training. ELO: 874.441.
[INFO] BeesRL1v1. Step: 460000. Time Elapsed: 1736.890 s. Mean Reward: -9.717. Std of Reward: 5.014. Training. ELO: 872.826.
[INFO] BeesRL1v1. Step: 465000. Time Elapsed: 1768.691 s. Mean Reward: -8.698. Std of Reward: 6.532. Training. ELO: 869.795.
[INFO] BeesRL1v1. Step: 470000. Time Elapsed: 1782.962 s. Mean Reward: -11.000. Std of Reward: 0.000. Training. ELO: 863.312.
[INFO] BeesRL1v1. Step: 475000. Time Elapsed: 1796.481 s. Mean Reward: -11.000. Std of Reward: 0.000. Training. ELO: 856.652.
[INFO] BeesRL1v1. Step: 480000. Time Elapsed: 1814.218 s. Mean Reward: -8.727. Std of Reward: 6.546. Training. ELO: 851.111.
[INFO] BeesRL1v1. Step: 485000. Time Elapsed: 1842.392 s. Mean Reward: -9.717. Std of Reward: 5.001. Training. ELO: 847.783.
[INFO] BeesRL1v1. Step: 490000. Time Elapsed: 1855.517 s. Mean Reward: -9.748. Std of Reward: 5.010. Training. ELO: 847.761.
[INFO] BeesRL1v1. Step: 495000. Time Elapsed: 1872.543 s. Mean Reward: -9.795. Std of Reward: 4.743. Training. ELO: 847.761.
[INFO] BeesRL1v1. Step: 500000. Time Elapsed: 1899.041 s. Mean Reward: -7.419. Std of Reward: 7.929. Training. ELO: 847.761.
[INFO] Exported .results\bees-full-005\BeesRL1v1\BeesRL1v1-499731.onnx
[INFO] BeesRL1v1. Step: 505000. Time Elapsed: 1939.533 s. Mean Reward: -9.935. Std of Reward: 4.535. Training. ELO: 845.079.
[INFO] BeesRL1v1. Step: 510000. Time Elapsed: 1952.554 s. Mean Reward: -10.947. Std of Reward: 0.154. Training. ELO: 840.209.
[INFO] BeesRL1v1. Step: 515000. Time Elapsed: 1983.886 s. Mean Reward: -8.705. Std of Reward: 6.530. Training. ELO: 838.221.
[INFO] BeesRL1v1. Step: 520000. Time Elapsed: 1995.554 s. Mean Reward: -10.915. Std of Reward: 0.190. Training. ELO: 835.997.
[INFO] BeesRL1v1. Step: 525000. Time Elapsed: 2010.395 s. Mean Reward: -11.000. Std of Reward: 0.000. Training. ELO: 831.590.
[INFO] BeesRL1v1. Step: 530000. Time Elapsed: 2028.361 s. Mean Reward: -9.735. Std of Reward: 4.863. Training. ELO: 826.036.
[INFO] BeesRL1v1. Step: 535000. Time Elapsed: 2052.917 s. Mean Reward: -11.000. Std of Reward: 0.000. Training. ELO: 820.640.
[INFO] BeesRL1v1. Step: 540000. Time Elapsed: 2067.160 s. Mean Reward: -9.827. Std of Reward: 4.756. Training. ELO: 815.280.
[INFO] BeesRL1v1. Step: 545000. Time Elapsed: 2084.720 s. Mean Reward: -8.708. Std of Reward: 6.523. Training. ELO: 811.493.
[INFO] BeesRL1v1. Step: 550000. Time Elapsed: 2109.141 s. Mean Reward: -8.568. Std of Reward: 6.693. Training. ELO: 810.600.
[INFO] BeesRL1v1. Step: 555000. Time Elapsed: 2127.699 s. Mean Reward: -7.242. Std of Reward: 8.117. Training. ELO: 810.215.
[INFO] BeesRL1v1. Step: 560000. Time Elapsed: 2143.213 s. Mean Reward: -7.750. Std of Reward: 7.597. Training. ELO: 809.802.
[INFO] BeesRL1v1. Step: 565000. Time Elapsed: 2168.335 s. Mean Reward: -9.712. Std of Reward: 5.021. Training. ELO: 809.087.
[INFO] BeesRL1v1. Step: 570000. Time Elapsed: 2187.745 s. Mean Reward: -9.814. Std of Reward: 4.892. Training. ELO: 809.056.
[INFO] BeesRL1v1. Step: 575000. Time Elapsed: 2201.774 s. Mean Reward: -10.971. Std of Reward: 0.114. Training. ELO: 809.056.
[INFO] BeesRL1v1. Step: 580000. Time Elapsed: 2215.242 s. Mean Reward: -11.000. Std of Reward: 0.000. Training. ELO: 809.056.
[INFO] BeesRL1v1. Step: 585000. Time Elapsed: 2245.901 s. Mean Reward: -11.000. Std of Reward: 0.000. Training. ELO: 806.425.
[INFO] BeesRL1v1. Step: 590000. Time Elapsed: 2259.169 s. Mean Reward: -8.631. Std of Reward: 6.700. Training. ELO: 799.430.
[INFO] BeesRL1v1. Step: 595000. Time Elapsed: 2273.592 s. Mean Reward: -10.945. Std of Reward: 0.152. Training. ELO: 792.151.
[INFO] BeesRL1v1. Step: 600000. Time Elapsed: 2298.861 s. Mean Reward: -6.460. Std of Reward: 8.671. Training. ELO: 786.596.
[INFO] BeesRL1v1. Step: 605000. Time Elapsed: 2330.693 s. Mean Reward: -9.392. Std of Reward: 5.538. Training. ELO: 782.708.
[INFO] BeesRL1v1. Step: 610000. Time Elapsed: 2347.253 s. Mean Reward: -9.795. Std of Reward: 4.758. Training. ELO: 781.610.
[INFO] BeesRL1v1. Step: 615000. Time Elapsed: 2373.285 s. Mean Reward: -9.763. Std of Reward: 4.874. Training. ELO: 780.543.
[INFO] BeesRL1v1. Step: 620000. Time Elapsed: 2387.380 s. Mean Reward: -10.971. Std of Reward: 0.121. Training. ELO: 778.629.
[INFO] BeesRL1v1. Step: 625000. Time Elapsed: 2402.680 s. Mean Reward: -9.719. Std of Reward: 5.006. Training. ELO: 776.724.
[INFO] BeesRL1v1. Step: 630000. Time Elapsed: 2415.833 s. Mean Reward: -9.748. Std of Reward: 5.010. Training. ELO: 774.446.
[INFO] BeesRL1v1. Step: 635000. Time Elapsed: 2439.384 s. Mean Reward: -9.747. Std of Reward: 5.012. Training. ELO: 771.987.
[INFO] BeesRL1v1. Step: 640000. Time Elapsed: 2456.903 s. Mean Reward: -10.974. Std of Reward: 0.108. Training. ELO: 768.879.
[INFO] BeesRL1v1. Step: 645000. Time Elapsed: 2469.649 s. Mean Reward: -10.972. Std of Reward: 0.111. Training. ELO: 764.293.
[INFO] BeesRL1v1. Step: 650000. Time Elapsed: 2492.462 s. Mean Reward: -9.762. Std of Reward: 4.878. Training. ELO: 758.533.
[INFO] BeesRL1v1. Step: 655000. Time Elapsed: 2510.149 s. Mean Reward: -8.673. Std of Reward: 6.526. Training. ELO: 753.258.
[INFO] BeesRL1v1. Step: 660000. Time Elapsed: 2522.601 s. Mean Reward: -11.000. Std of Reward: 0.000. Training. ELO: 747.710.
[INFO] BeesRL1v1. Step: 665000. Time Elapsed: 2546.154 s. Mean Reward: -9.718. Std of Reward: 4.996. Training. ELO: 744.350.
[INFO] BeesRL1v1. Step: 670000. Time Elapsed: 2563.050 s. Mean Reward: -10.923. Std of Reward: 0.179. Training. ELO: 744.329.
[INFO] BeesRL1v1. Step: 675000. Time Elapsed: 2575.059 s. Mean Reward: -9.730. Std of Reward: 4.856. Training. ELO: 744.329.
[INFO] BeesRL1v1. Step: 680000. Time Elapsed: 2591.104 s. Mean Reward: -7.526. Std of Reward: 7.736. Training. ELO: 744.329.
[INFO] BeesRL1v1. Step: 685000. Time Elapsed: 2615.882 s. Mean Reward: -7.748. Std of Reward: 7.602. Training. ELO: 744.081.
[INFO] BeesRL1v1. Step: 690000. Time Elapsed: 2629.739 s. Mean Reward: -7.245. Std of Reward: 8.111. Training. ELO: 742.645.
[INFO] BeesRL1v1. Step: 695000. Time Elapsed: 2643.801 s. Mean Reward: -7.727. Std of Reward: 7.587. Training. ELO: 742.119.
[INFO] BeesRL1v1. Step: 700000. Time Elapsed: 2671.099 s. Mean Reward: -7.449. Std of Reward: 7.940. Training. ELO: 739.828.
[INFO] BeesRL1v1. Step: 705000. Time Elapsed: 2701.827 s. Mean Reward: -9.092. Std of Reward: 5.994. Training. ELO: 733.852.
[INFO] BeesRL1v1. Step: 710000. Time Elapsed: 2721.967 s. Mean Reward: -9.854. Std of Reward: 4.752. Training. ELO: 727.032.
[INFO] BeesRL1v1. Step: 715000. Time Elapsed: 2747.162 s. Mean Reward: -9.760. Std of Reward: 4.873. Training. ELO: 722.691.
[INFO] BeesRL1v1. Step: 720000. Time Elapsed: 2757.790 s. Mean Reward: -11.000. Std of Reward: 0.000. Training. ELO: 718.027.
[INFO] BeesRL1v1. Step: 725000. Time Elapsed: 2774.959 s. Mean Reward: -7.629. Std of Reward: 7.785. Training. ELO: 713.842.
[INFO] BeesRL1v1. Step: 730000. Time Elapsed: 2801.029 s. Mean Reward: -8.630. Std of Reward: 6.704. Training. ELO: 708.084.
[INFO] BeesRL1v1. Step: 735000. Time Elapsed: 2819.536 s. Mean Reward: -9.786. Std of Reward: 4.891. Training. ELO: 701.921.
[INFO] BeesRL1v1. Step: 740000. Time Elapsed: 2832.446 s. Mean Reward: -9.685. Std of Reward: 4.997. Training. ELO: 695.649.
[INFO] BeesRL1v1. Step: 745000. Time Elapsed: 2849.124 s. Mean Reward: -8.705. Std of Reward: 6.521. Training. ELO: 691.352.
[INFO] BeesRL1v1. Step: 750000. Time Elapsed: 2873.865 s. Mean Reward: -9.731. Std of Reward: 4.865. Training. ELO: 691.228.
[INFO] Exported .results\bees-full-005\BeesRL1v1\BeesRL1v1-749816.onnx
[INFO] BeesRL1v1. Step: 755000. Time Elapsed: 2886.484 s. Mean Reward: -9.717. Std of Reward: 5.000. Training. ELO: 691.228.
[INFO] BeesRL1v1. Step: 760000. Time Elapsed: 2903.234 s. Mean Reward: -9.826. Std of Reward: 4.759. Training. ELO: 691.228.
[INFO] BeesRL1v1. Step: 765000. Time Elapsed: 2927.212 s. Mean Reward: -8.697. Std of Reward: 6.534. Training. ELO: 690.441.
[INFO] BeesRL1v1. Step: 770000. Time Elapsed: 2940.464 s. Mean Reward: -9.759. Std of Reward: 4.877. Training. ELO: 689.143.
[INFO] BeesRL1v1. Step: 775000. Time Elapsed: 2957.663 s. Mean Reward: -7.446. Std of Reward: 7.947. Training. ELO: 687.870.
[INFO] BeesRL1v1. Step: 780000. Time Elapsed: 2980.554 s. Mean Reward: -10.969. Std of Reward: 0.125. Training. ELO: 686.648.
[INFO] BeesRL1v1. Step: 785000. Time Elapsed: 2992.307 s. Mean Reward: -9.761. Std of Reward: 4.869. Training. ELO: 685.315.
[INFO] BeesRL1v1. Step: 790000. Time Elapsed: 3011.298 s. Mean Reward: -8.558. Std of Reward: 6.659. Training. ELO: 685.287.
[INFO] BeesRL1v1. Step: 795000. Time Elapsed: 3024.497 s. Mean Reward: -8.705. Std of Reward: 6.522. Training. ELO: 685.287.
[INFO] BeesRL1v1. Step: 800000. Time Elapsed: 3046.426 s. Mean Reward: -8.597. Std of Reward: 6.703. Training. ELO: 685.287.
[INFO] BeesRL1v1. Step: 805000. Time Elapsed: 3075.735 s. Mean Reward: -8.188. Std of Reward: 7.100. Training. ELO: 683.033.
[INFO] BeesRL1v1. Step: 810000. Time Elapsed: 3092.641 s. Mean Reward: -7.420. Std of Reward: 7.946. Training. ELO: 678.463.
[INFO] BeesRL1v1. Step: 815000. Time Elapsed: 3123.498 s. Mean Reward: -8.606. Std of Reward: 6.690. Training. ELO: 675.451.
[INFO] BeesRL1v1. Step: 820000. Time Elapsed: 3132.199 s. Mean Reward: -9.743. Std of Reward: 5.027. Training. ELO: 671.890.
[INFO] BeesRL1v1. Step: 825000. Time Elapsed: 3146.103 s. Mean Reward: -11.000. Std of Reward: 0.000. Training. ELO: 668.218.
[INFO] BeesRL1v1. Step: 830000. Time Elapsed: 3176.108 s. Mean Reward: -8.629. Std of Reward: 6.705. Training. ELO: 666.951.
[INFO] BeesRL1v1. Step: 835000. Time Elapsed: 3185.133 s. Mean Reward: -9.719. Std of Reward: 5.009. Training. ELO: 665.064.
[INFO] BeesRL1v1. Step: 840000. Time Elapsed: 3199.413 s. Mean Reward: -5.667. Std of Reward: 9.237. Training. ELO: 665.199.
[INFO] BeesRL1v1. Step: 845000. Time Elapsed: 3229.301 s. Mean Reward: -8.769. Std of Reward: 6.362. Training. ELO: 663.203.
[INFO] BeesRL1v1. Step: 850000. Time Elapsed: 3238.436 s. Mean Reward: -7.417. Std of Reward: 7.934. Training. ELO: 657.596.
[INFO] BeesRL1v1. Step: 855000. Time Elapsed: 3255.341 s. Mean Reward: -8.700. Std of Reward: 6.527. Training. ELO: 652.088.
[INFO] BeesRL1v1. Step: 860000. Time Elapsed: 3269.916 s. Mean Reward: -7.749. Std of Reward: 7.599. Training. ELO: 646.465.
[INFO] BeesRL1v1. Step: 865000. Time Elapsed: 3296.232 s. Mean Reward: -8.725. Std of Reward: 6.544. Training. ELO: 641.818.
[INFO] BeesRL1v1. Step: 870000. Time Elapsed: 3311.183 s. Mean Reward: -8.629. Std of Reward: 6.706. Training. ELO: 638.943.
[INFO] BeesRL1v1. Step: 875000. Time Elapsed: 3324.839 s. Mean Reward: -10.346. Std of Reward: 2.472. Training. ELO: 635.800.
[INFO] BeesRL1v1. Step: 880000. Time Elapsed: 3353.254 s. Mean Reward: -9.719. Std of Reward: 5.009. Training. ELO: 632.052.
[INFO] BeesRL1v1. Step: 885000. Time Elapsed: 3365.050 s. Mean Reward: -10.915. Std of Reward: 0.190. Training. ELO: 628.031.
[INFO] BeesRL1v1. Step: 890000. Time Elapsed: 3376.184 s. Mean Reward: -8.573. Std of Reward: 6.678. Training. ELO: 621.928.
[INFO] BeesRL1v1. Step: 895000. Time Elapsed: 3406.951 s. Mean Reward: -6.082. Std of Reward: 8.899. Training. ELO: 617.605.
[INFO] BeesRL1v1. Step: 900000. Time Elapsed: 3418.613 s. Mean Reward: -9.789. Std of Reward: 4.878. Training. ELO: 613.218.
[INFO] BeesRL1v1. Step: 905000. Time Elapsed: 3452.121 s. Mean Reward: -8.214. Std of Reward: 7.108. Training. ELO: 607.593.
[INFO] BeesRL1v1. Step: 910000. Time Elapsed: 3465.295 s. Mean Reward: -9.818. Std of Reward: 4.873. Training. ELO: 603.562.
[INFO] BeesRL1v1. Step: 915000. Time Elapsed: 3491.260 s. Mean Reward: -8.702. Std of Reward: 6.529. Training. ELO: 600.791.
[INFO] BeesRL1v1. Step: 920000. Time Elapsed: 3506.253 s. Mean Reward: -7.608. Std of Reward: 7.766. Training. ELO: 599.830.
[INFO] BeesRL1v1. Step: 925000. Time Elapsed: 3517.540 s. Mean Reward: -8.627. Std of Reward: 6.712. Training. ELO: 597.451.
[INFO] BeesRL1v1. Step: 930000. Time Elapsed: 3544.569 s. Mean Reward: -7.728. Std of Reward: 7.584. Training. ELO: 593.221.
[INFO] BeesRL1v1. Step: 935000. Time Elapsed: 3558.416 s. Mean Reward: -7.581. Std of Reward: 7.745. Training. ELO: 590.505.
[INFO] BeesRL1v1. Step: 940000. Time Elapsed: 3571.274 s. Mean Reward: -6.459. Std of Reward: 8.658. Training. ELO: 588.814.
[INFO] BeesRL1v1. Step: 945000. Time Elapsed: 3597.444 s. Mean Reward: -9.862. Std of Reward: 4.529. Training. ELO: 586.546.
[INFO] BeesRL1v1. Step: 950000. Time Elapsed: 3611.598 s. Mean Reward: -9.798. Std of Reward: 4.741. Training. ELO: 586.337.
[INFO] BeesRL1v1. Step: 955000. Time Elapsed: 3626.030 s. Mean Reward: -9.774. Std of Reward: 4.734. Training. ELO: 586.337.
[INFO] BeesRL1v1. Step: 960000. Time Elapsed: 3643.037 s. Mean Reward: -7.389. Std of Reward: 7.918. Training. ELO: 586.337.
[INFO] BeesRL1v1. Step: 965000. Time Elapsed: 3666.982 s. Mean Reward: -9.746. Std of Reward: 5.015. Training. ELO: 584.848.
[INFO] BeesRL1v1. Step: 970000. Time Elapsed: 3679.423 s. Mean Reward: -9.762. Std of Reward: 4.878. Training. ELO: 580.417.
[INFO] BeesRL1v1. Step: 975000. Time Elapsed: 3695.518 s. Mean Reward: -6.510. Std of Reward: 8.695. Training. ELO: 576.350.
[INFO] BeesRL1v1. Step: 980000. Time Elapsed: 3721.333 s. Mean Reward: -9.731. Std of Reward: 4.879. Training. ELO: 573.746.
[INFO] BeesRL1v1. Step: 985000. Time Elapsed: 3732.955 s. Mean Reward: -10.972. Std of Reward: 0.111. Training. ELO: 568.296.
[INFO] BeesRL1v1. Step: 990000. Time Elapsed: 3751.705 s. Mean Reward: -7.578. Std of Reward: 7.759. Training. ELO: 565.116.
[INFO] BeesRL1v1. Step: 995000. Time Elapsed: 3774.903 s. Mean Reward: -7.636. Std of Reward: 7.769. Training. ELO: 563.441.
[INFO] BeesRL1v1. Step: 1000000. Time Elapsed: 3786.810 s. Mean Reward: -8.002. Std of Reward: 6.937. Training. ELO: 561.244.
[INFO] Exported .results\bees-full-005\BeesRL1v1\BeesRL1v1-999795.onnx
[INFO] BeesRL1v1. Step: 1005000. Time Elapsed: 3820.586 s. Mean Reward: -8.873. Std of Reward: 6.229. Training. ELO: 554.491.
[INFO] BeesRL1v1. Step: 1010000. Time Elapsed: 3854.568 s. Mean Reward: -7.076. Std of Reward: 8.200. Training. ELO: 545.719.
[INFO] BeesRL1v1. Step: 1015000. Time Elapsed: 3865.463 s. Mean Reward: -8.676. Std of Reward: 6.517. Training. ELO: 541.657.
[INFO] BeesRL1v1. Step: 1020000. Time Elapsed: 3878.201 s. Mean Reward: -8.727. Std of Reward: 6.538. Training. ELO: 536.237.
[INFO] BeesRL1v1. Step: 1025000. Time Elapsed: 3896.709 s. Mean Reward: -6.433. Std of Reward: 8.664. Training. ELO: 533.652.
[INFO] BeesRL1v1. Step: 1030000. Time Elapsed: 3919.461 s. Mean Reward: -8.743. Std of Reward: 6.352. Training. ELO: 530.235.
[INFO] BeesRL1v1. Step: 1035000. Time Elapsed: 3934.779 s. Mean Reward: -7.552. Std of Reward: 7.744. Training. ELO: 526.839.
[INFO] BeesRL1v1. Step: 1040000. Time Elapsed: 3951.014 s. Mean Reward: -8.582. Std of Reward: 6.673. Training. ELO: 523.348.
[INFO] BeesRL1v1. Step: 1045000. Time Elapsed: 3973.930 s. Mean Reward: -7.695. Std of Reward: 7.573. Training. ELO: 519.530.
[INFO] BeesRL1v1. Step: 1050000. Time Elapsed: 3987.031 s. Mean Reward: -5.895. Std of Reward: 9.074. Training. ELO: 517.970.
[INFO] BeesRL1v1. Step: 1055000. Time Elapsed: 4003.247 s. Mean Reward: -6.063. Std of Reward: 8.888. Training. ELO: 516.719.
[INFO] BeesRL1v1. Step: 1060000. Time Elapsed: 4028.203 s. Mean Reward: -7.706. Std of Reward: 7.565. Training. ELO: 514.930.
[INFO] BeesRL1v1. Step: 1065000. Time Elapsed: 4043.084 s. Mean Reward: -7.749. Std of Reward: 7.592. Training. ELO: 511.504.
[INFO] BeesRL1v1. Step: 1070000. Time Elapsed: 4056.360 s. Mean Reward: -9.735. Std of Reward: 4.863. Training. ELO: 508.082.
[INFO] BeesRL1v1. Step: 1075000. Time Elapsed: 4074.580 s. Mean Reward: -8.574. Std of Reward: 6.677. Training. ELO: 505.201.
[INFO] BeesRL1v1. Step: 1080000. Time Elapsed: 4097.682 s. Mean Reward: -6.887. Std of Reward: 8.359. Training. ELO: 503.441.
[INFO] BeesRL1v1. Step: 1085000. Time Elapsed: 4112.868 s. Mean Reward: -8.602. Std of Reward: 6.699. Training. ELO: 501.928.
[INFO] BeesRL1v1. Step: 1090000. Time Elapsed: 4129.369 s. Mean Reward: -9.717. Std of Reward: 5.002. Training. ELO: 502.033.
[INFO] BeesRL1v1. Step: 1095000. Time Elapsed: 4153.999 s. Mean Reward: -9.749. Std of Reward: 5.003. Training. ELO: 501.150.
[INFO] BeesRL1v1. Step: 1100000. Time Elapsed: 4166.604 s. Mean Reward: -5.619. Std of Reward: 9.212. Training. ELO: 502.314.
[INFO] BeesRL1v1. Step: 1105000. Time Elapsed: 4198.225 s. Mean Reward: -5.359. Std of Reward: 9.337. Training. ELO: 501.773.
[INFO] BeesRL1v1. Step: 1110000. Time Elapsed: 4225.309 s. Mean Reward: -9.858. Std of Reward: 4.631. Training. ELO: 497.247.
[INFO] BeesRL1v1. Step: 1115000. Time Elapsed: 4237.612 s. Mean Reward: -9.797. Std of Reward: 4.748. Training. ELO: 491.245.
[INFO] BeesRL1v1. Step: 1120000. Time Elapsed: 4250.634 s. Mean Reward: -8.702. Std of Reward: 6.530. Training. ELO: 486.152.
[INFO] BeesRL1v1. Step: 1125000. Time Elapsed: 4268.493 s. Mean Reward: -8.727. Std of Reward: 6.546. Training. ELO: 483.773.
[INFO] BeesRL1v1. Step: 1130000. Time Elapsed: 4293.017 s. Mean Reward: -10.915. Std of Reward: 0.190. Training. ELO: 479.851.
[INFO] BeesRL1v1. Step: 1135000. Time Elapsed: 4305.305 s. Mean Reward: -6.511. Std of Reward: 8.693. Training. ELO: 477.893.
[INFO] BeesRL1v1. Step: 1140000. Time Elapsed: 4323.505 s. Mean Reward: -6.663. Std of Reward: 8.492. Training. ELO: 477.884.
[INFO] BeesRL1v1. Step: 1145000. Time Elapsed: 4346.284 s. Mean Reward: -5.367. Std of Reward: 9.363. Training. ELO: 478.784.
[INFO] BeesRL1v1. Step: 1150000. Time Elapsed: 4360.366 s. Mean Reward: -7.583. Std of Reward: 7.741. Training. ELO: 476.534.
[INFO] BeesRL1v1. Step: 1155000. Time Elapsed: 4377.158 s. Mean Reward: -6.212. Std of Reward: 8.824. Training. ELO: 474.147.
[INFO] BeesRL1v1. Step: 1160000. Time Elapsed: 4401.772 s. Mean Reward: -7.632. Std of Reward: 7.779. Training. ELO: 472.539.
[INFO] BeesRL1v1. Step: 1165000. Time Elapsed: 4414.064 s. Mean Reward: -8.468. Std of Reward: 6.850. Training. ELO: 470.744.
[INFO] BeesRL1v1. Step: 1170000. Time Elapsed: 4432.300 s. Mean Reward: -9.685. Std of Reward: 5.000. Training. ELO: 468.520.
[INFO] BeesRL1v1. Step: 1175000. Time Elapsed: 4445.076 s. Mean Reward: -7.582. Std of Reward: 7.750. Training. ELO: 467.829.
[INFO] BeesRL1v1. Step: 1180000. Time Elapsed: 4466.920 s. Mean Reward: -8.785. Std of Reward: 6.384. Training. ELO: 466.558.
[INFO] BeesRL1v1. Step: 1185000. Time Elapsed: 4486.470 s. Mean Reward: -3.849. Std of Reward: 10.013. Training. ELO: 468.360.
[INFO] BeesRL1v1. Step: 1190000. Time Elapsed: 4498.602 s. Mean Reward: -6.267. Std of Reward: 8.855. Training. ELO: 470.829.
[INFO] BeesRL1v1. Step: 1195000. Time Elapsed: 4524.337 s. Mean Reward: -6.702. Std of Reward: 8.530. Training. ELO: 472.039.
[INFO] BeesRL1v1. Step: 1200000. Time Elapsed: 4541.659 s. Mean Reward: -6.659. Std of Reward: 8.493. Training. ELO: 472.573.
[INFO] BeesRL1v1. Step: 1205000. Time Elapsed: 4570.345 s. Mean Reward: -7.930. Std of Reward: 7.351. Training. ELO: 472.875.
[INFO] BeesRL1v1. Step: 1210000. Time Elapsed: 4600.939 s. Mean Reward: -5.801. Std of Reward: 9.071. Training. ELO: 472.839.
[INFO] BeesRL1v1. Step: 1215000. Time Elapsed: 4613.513 s. Mean Reward: -9.834. Std of Reward: 4.630. Training. ELO: 472.839.
[INFO] BeesRL1v1. Step: 1220000. Time Elapsed: 4627.217 s. Mean Reward: -8.549. Std of Reward: 6.675. Training. ELO: 472.839.
[INFO] BeesRL1v1. Step: 1225000. Time Elapsed: 4644.933 s. Mean Reward: -9.782. Std of Reward: 4.611. Training. ELO: 470.805.
[INFO] BeesRL1v1. Step: 1230000. Time Elapsed: 4667.159 s. Mean Reward: -6.485. Std of Reward: 8.675. Training. ELO: 466.150.
[INFO] BeesRL1v1. Step: 1235000. Time Elapsed: 4681.043 s. Mean Reward: -9.773. Std of Reward: 4.738. Training. ELO: 459.493.
[INFO] BeesRL1v1. Step: 1240000. Time Elapsed: 4695.221 s. Mean Reward: -2.782. Std of Reward: 10.276. Training. ELO: 457.035.
[INFO] BeesRL1v1. Step: 1245000. Time Elapsed: 4720.056 s. Mean Reward: -7.141. Std of Reward: 8.015. Training. ELO: 454.386.
[INFO] BeesRL1v1. Step: 1250000. Time Elapsed: 4735.985 s. Mean Reward: -6.433. Std of Reward: 8.648. Training. ELO: 454.223.
[INFO] Exported .results\bees-full-005\BeesRL1v1\BeesRL1v1-1249763.onnx
[INFO] BeesRL1v1. Step: 1255000. Time Elapsed: 4750.465 s. Mean Reward: -8.098. Std of Reward: 6.771. Training. ELO: 452.729.
[INFO] BeesRL1v1. Step: 1260000. Time Elapsed: 4776.692 s. Mean Reward: -5.874. Std of Reward: 9.059. Training. ELO: 451.746.
[INFO] BeesRL1v1. Step: 1265000. Time Elapsed: 4790.854 s. Mean Reward: -5.131. Std of Reward: 9.476. Training. ELO: 450.709.
[INFO] BeesRL1v1. Step: 1270000. Time Elapsed: 4803.528 s. Mean Reward: -7.804. Std of Reward: 7.407. Training. ELO: 445.355.
[INFO] BeesRL1v1. Step: 1275000. Time Elapsed: 4830.475 s. Mean Reward: -7.367. Std of Reward: 7.915. Training. ELO: 437.922.
[INFO] BeesRL1v1. Step: 1280000. Time Elapsed: 4845.083 s. Mean Reward: -7.813. Std of Reward: 7.402. Training. ELO: 432.694.
[INFO] BeesRL1v1. Step: 1285000. Time Elapsed: 4856.179 s. Mean Reward: -9.704. Std of Reward: 4.863. Training. ELO: 427.565.
[INFO] BeesRL1v1. Step: 1290000. Time Elapsed: 4875.848 s. Mean Reward: -6.489. Std of Reward: 8.676. Training. ELO: 426.873.
[INFO] BeesRL1v1. Step: 1295000. Time Elapsed: 4899.847 s. Mean Reward: -7.423. Std of Reward: 7.921. Training. ELO: 427.652.
[INFO] BeesRL1v1. Step: 1300000. Time Elapsed: 4912.057 s. Mean Reward: -9.828. Std of Reward: 4.751. Training. ELO: 425.505.
[INFO] BeesRL1v1. Step: 1305000. Time Elapsed: 4946.395 s. Mean Reward: -7.784. Std of Reward: 7.497. Training. ELO: 422.732.
[INFO] BeesRL1v1. Step: 1310000. Time Elapsed: 4970.895 s. Mean Reward: -10.818. Std of Reward: 0.241. Training. ELO: 416.690.
[INFO] BeesRL1v1. Step: 1315000. Time Elapsed: 4990.320 s. Mean Reward: -6.684. Std of Reward: 8.501. Training. ELO: 413.012.
[INFO] BeesRL1v1. Step: 1320000. Time Elapsed: 4999.817 s. Mean Reward: -8.435. Std of Reward: 6.844. Training. ELO: 411.641.
[INFO] BeesRL1v1. Step: 1325000. Time Elapsed: 5021.655 s. Mean Reward: -6.868. Std of Reward: 8.335. Training. ELO: 409.295.
[INFO] BeesRL1v1. Step: 1330000. Time Elapsed: 5039.122 s. Mean Reward: -4.818. Std of Reward: 9.251. Training. ELO: 409.117.
[INFO] BeesRL1v1. Step: 1335000. Time Elapsed: 5053.912 s. Mean Reward: -7.905. Std of Reward: 7.248. Training. ELO: 409.117.
[INFO] BeesRL1v1. Step: 1340000. Time Elapsed: 5068.745 s. Mean Reward: -6.467. Std of Reward: 8.659. Training. ELO: 409.117.
[INFO] BeesRL1v1. Step: 1345000. Time Elapsed: 5093.707 s. Mean Reward: -6.867. Std of Reward: 8.344. Training. ELO: 408.901.
[INFO] BeesRL1v1. Step: 1350000. Time Elapsed: 5109.111 s. Mean Reward: -7.706. Std of Reward: 7.573. Training. ELO: 406.498.
[INFO] BeesRL1v1. Step: 1355000. Time Elapsed: 5122.022 s. Mean Reward: -5.620. Std of Reward: 9.198. Training. ELO: 406.507.
[INFO] BeesRL1v1. Step: 1360000. Time Elapsed: 5149.365 s. Mean Reward: -4.836. Std of Reward: 9.587. Training. ELO: 406.908.
[INFO] BeesRL1v1. Step: 1365000. Time Elapsed: 5166.579 s. Mean Reward: -5.622. Std of Reward: 9.201. Training. ELO: 406.912.
[INFO] BeesRL1v1. Step: 1370000. Time Elapsed: 5179.106 s. Mean Reward: -6.264. Std of Reward: 8.861. Training. ELO: 403.408.
[INFO] BeesRL1v1. Step: 1375000. Time Elapsed: 5205.847 s. Mean Reward: -4.424. Std of Reward: 9.755. Training. ELO: 401.678.
[INFO] BeesRL1v1. Step: 1380000. Time Elapsed: 5222.885 s. Mean Reward: -6.079. Std of Reward: 8.910. Training. ELO: 399.415.
[INFO] BeesRL1v1. Step: 1385000. Time Elapsed: 5236.511 s. Mean Reward: -7.699. Std of Reward: 7.580. Training. ELO: 395.008.
[INFO] BeesRL1v1. Step: 1390000. Time Elapsed: 5252.380 s. Mean Reward: -5.648. Std of Reward: 9.216. Training. ELO: 391.644.
[INFO] BeesRL1v1. Step: 1395000. Time Elapsed: 5280.036 s. Mean Reward: -8.605. Std of Reward: 6.693. Training. ELO: 388.434.
[INFO] BeesRL1v1. Step: 1400000. Time Elapsed: 5292.553 s. Mean Reward: -8.677. Std of Reward: 6.523. Training. ELO: 384.022.
[INFO] BeesRL1v1. Step: 1405000. Time Elapsed: 5330.254 s. Mean Reward: -8.000. Std of Reward: 7.283. Training. ELO: 379.388.
[INFO] BeesRL1v1. Step: 1410000. Time Elapsed: 5357.795 s. Mean Reward: -7.076. Std of Reward: 8.201. Training. ELO: 373.532.
[INFO] BeesRL1v1. Step: 1415000. Time Elapsed: 5372.102 s. Mean Reward: -8.785. Std of Reward: 6.382. Training. ELO: 369.809.
[INFO] BeesRL1v1. Step: 1420000. Time Elapsed: 5387.464 s. Mean Reward: -5.114. Std of Reward: 9.463. Training. ELO: 369.849.
[INFO] BeesRL1v1. Step: 1425000. Time Elapsed: 5416.877 s. Mean Reward: -7.004. Std of Reward: 8.181. Training. ELO: 367.120.
[INFO] BeesRL1v1. Step: 1430000. Time Elapsed: 5431.235 s. Mean Reward: -6.692. Std of Reward: 8.499. Training. ELO: 361.490.
[INFO] BeesRL1v1. Step: 1435000. Time Elapsed: 5445.451 s. Mean Reward: -9.684. Std of Reward: 5.004. Training. ELO: 356.269.
[INFO] BeesRL1v1. Step: 1440000. Time Elapsed: 5476.203 s. Mean Reward: -7.784. Std of Reward: 7.393. Training. ELO: 349.849.
[INFO] BeesRL1v1. Step: 1445000. Time Elapsed: 5490.335 s. Mean Reward: -4.881. Std of Reward: 9.627. Training. ELO: 345.291.
[INFO] BeesRL1v1. Step: 1450000. Time Elapsed: 5506.146 s. Mean Reward: -5.650. Std of Reward: 9.213. Training. ELO: 342.832.
[INFO] BeesRL1v1. Step: 1455000. Time Elapsed: 5523.648 s. Mean Reward: -4.528. Std of Reward: 9.721. Training. ELO: 340.366.
[INFO] BeesRL1v1. Step: 1460000. Time Elapsed: 5549.975 s. Mean Reward: -7.416. Std of Reward: 7.936. Training. ELO: 337.101.
[INFO] BeesRL1v1. Step: 1465000. Time Elapsed: 5563.929 s. Mean Reward: -9.819. Std of Reward: 4.513. Training. ELO: 332.288.
[INFO] BeesRL1v1. Step: 1470000. Time Elapsed: 5581.499 s. Mean Reward: -3.783. Std of Reward: 9.984. Training. ELO: 329.819.
[INFO] BeesRL1v1. Step: 1475000. Time Elapsed: 5607.263 s. Mean Reward: -5.595. Std of Reward: 9.193. Training. ELO: 326.909.
[INFO] BeesRL1v1. Step: 1480000. Time Elapsed: 5625.358 s. Mean Reward: -5.934. Std of Reward: 8.613. Training. ELO: 324.473.
[INFO] BeesRL1v1. Step: 1485000. Time Elapsed: 5637.968 s. Mean Reward: -7.838. Std of Reward: 7.405. Training. ELO: 321.509.
[INFO] BeesRL1v1. Step: 1490000. Time Elapsed: 5665.344 s. Mean Reward: -4.068. Std of Reward: 9.885. Training. ELO: 321.825.
[INFO] BeesRL1v1. Step: 1495000. Time Elapsed: 5683.285 s. Mean Reward: -4.148. Std of Reward: 9.888. Training. ELO: 326.132.
[INFO] BeesRL1v1. Step: 1500000. Time Elapsed: 5700.158 s. Mean Reward: -8.728. Std of Reward: 6.544. Training. ELO: 327.339.
[INFO] Exported .results\bees-full-005\BeesRL1v1\BeesRL1v1-1499952.onnx
[INFO] BeesRL1v1. Step: 1505000. Time Elapsed: 5732.770 s. Mean Reward: -6.269. Std of Reward: 8.739. Training. ELO: 324.642.
[INFO] BeesRL1v1. Step: 1510000. Time Elapsed: 5764.925 s. Mean Reward: -5.308. Std of Reward: 9.023. Training. ELO: 323.697.
[INFO] BeesRL1v1. Step: 1515000. Time Elapsed: 5779.675 s. Mean Reward: -9.745. Std of Reward: 4.735. Training. ELO: 319.230.
[INFO] BeesRL1v1. Step: 1520000. Time Elapsed: 5793.239 s. Mean Reward: -6.083. Std of Reward: 8.908. Training. ELO: 315.463.
[INFO] BeesRL1v1. Step: 1525000. Time Elapsed: 5821.081 s. Mean Reward: -2.242. Std of Reward: 10.439. Training. ELO: 316.795.
[INFO] BeesRL1v1. Step: 1530000. Time Elapsed: 5838.150 s. Mean Reward: -7.670. Std of Reward: 7.568. Training. ELO: 316.305.
[INFO] BeesRL1v1. Step: 1535000. Time Elapsed: 5850.104 s. Mean Reward: -9.797. Std of Reward: 4.734. Training. ELO: 311.449.
[INFO] BeesRL1v1. Step: 1540000. Time Elapsed: 5879.739 s. Mean Reward: -3.823. Std of Reward: 9.997. Training. ELO: 310.019.
[INFO] BeesRL1v1. Step: 1545000. Time Elapsed: 5895.687 s. Mean Reward: -4.552. Std of Reward: 9.741. Training. ELO: 309.342.
[INFO] BeesRL1v1. Step: 1550000. Time Elapsed: 5908.411 s. Mean Reward: -8.130. Std of Reward: 6.770. Training. ELO: 308.386.
[INFO] BeesRL1v1. Step: 1555000. Time Elapsed: 5925.601 s. Mean Reward: -7.560. Std of Reward: 7.727. Training. ELO: 306.698.
[INFO] BeesRL1v1. Step: 1560000. Time Elapsed: 5953.171 s. Mean Reward: -6.845. Std of Reward: 8.332. Training. ELO: 304.937.
[INFO] BeesRL1v1. Step: 1565000. Time Elapsed: 5963.275 s. Mean Reward: -5.596. Std of Reward: 9.185. Training. ELO: 302.540.
[INFO] BeesRL1v1. Step: 1570000. Time Elapsed: 5980.472 s. Mean Reward: -3.115. Std of Reward: 10.155. Training. ELO: 300.954.
[INFO] BeesRL1v1. Step: 1575000. Time Elapsed: 6008.346 s. Mean Reward: -6.436. Std of Reward: 8.642. Training. ELO: 301.962.
[INFO] BeesRL1v1. Step: 1580000. Time Elapsed: 6019.379 s. Mean Reward: -4.578. Std of Reward: 9.752. Training. ELO: 299.190.
[INFO] BeesRL1v1. Step: 1585000. Time Elapsed: 6032.791 s. Mean Reward: -4.573. Std of Reward: 9.560. Training. ELO: 299.674.
[INFO] BeesRL1v1. Step: 1590000. Time Elapsed: 6071.788 s. Mean Reward: -6.958. Std of Reward: 7.815. Training. ELO: 299.663.
[INFO] BeesRL1v1. Step: 1595000. Time Elapsed: 6086.976 s. Mean Reward: -7.337. Std of Reward: 7.887. Training. ELO: 299.663.
[INFO] BeesRL1v1. Step: 1600000. Time Elapsed: 6099.417 s. Mean Reward: -6.657. Std of Reward: 8.497. Training. ELO: 299.663.
[INFO] BeesRL1v1. Step: 1605000. Time Elapsed: 6133.129 s. Mean Reward: -5.104. Std of Reward: 9.443. Training. ELO: 300.861.
[INFO] BeesRL1v1. Step: 1610000. Time Elapsed: 6157.437 s. Mean Reward: -3.783. Std of Reward: 9.977. Training. ELO: 302.284.
[INFO] BeesRL1v1. Step: 1615000. Time Elapsed: 6175.128 s. Mean Reward: -4.009. Std of Reward: 9.665. Training. ELO: 303.821.
[INFO] BeesRL1v1. Step: 1620000. Time Elapsed: 6190.435 s. Mean Reward: -5.348. Std of Reward: 9.318. Training. ELO: 303.664.
[INFO] BeesRL1v1. Step: 1625000. Time Elapsed: 6211.996 s. Mean Reward: -8.823. Std of Reward: 6.210. Training. ELO: 300.623.
[INFO] BeesRL1v1. Step: 1630000. Time Elapsed: 6228.957 s. Mean Reward: -3.180. Std of Reward: 10.208. Training. ELO: 298.972.
[INFO] BeesRL1v1. Step: 1635000. Time Elapsed: 6243.091 s. Mean Reward: -7.114. Std of Reward: 7.680. Training. ELO: 296.644.
[INFO] BeesRL1v1. Step: 1640000. Time Elapsed: 6266.179 s. Mean Reward: -6.818. Std of Reward: 8.309. Training. ELO: 294.767.
[INFO] BeesRL1v1. Step: 1645000. Time Elapsed: 6282.237 s. Mean Reward: -6.940. Std of Reward: 8.143. Training. ELO: 291.006.
[INFO] BeesRL1v1. Step: 1650000. Time Elapsed: 6299.711 s. Mean Reward: -6.062. Std of Reward: 8.883. Training. ELO: 289.806.
[INFO] BeesRL1v1. Step: 1655000. Time Elapsed: 6319.524 s. Mean Reward: -8.577. Std of Reward: 6.680. Training. ELO: 288.282.
[INFO] BeesRL1v1. Step: 1660000. Time Elapsed: 6334.947 s. Mean Reward: -4.459. Std of Reward: 9.795. Training. ELO: 289.252.
[INFO] BeesRL1v1. Step: 1665000. Time Elapsed: 6350.921 s. Mean Reward: -3.783. Std of Reward: 9.985. Training. ELO: 290.696.
[INFO] BeesRL1v1. Step: 1670000. Time Elapsed: 6362.497 s. Mean Reward: -5.622. Std of Reward: 9.200. Training. ELO: 291.390.
[INFO] BeesRL1v1. Step: 1675000. Time Elapsed: 6391.047 s. Mean Reward: -6.644. Std of Reward: 8.479. Training. ELO: 290.201.
[INFO] BeesRL1v1. Step: 1680000. Time Elapsed: 6403.386 s. Mean Reward: -0.831. Std of Reward: 10.615. Training. ELO: 291.316.
[INFO] BeesRL1v1. Step: 1685000. Time Elapsed: 6416.811 s. Mean Reward: -7.725. Std of Reward: 7.585. Training. ELO: 290.804.
[INFO] BeesRL1v1. Step: 1690000. Time Elapsed: 6443.918 s. Mean Reward: -3.706. Std of Reward: 9.922. Training. ELO: 286.330.
[INFO] BeesRL1v1. Step: 1695000. Time Elapsed: 6458.067 s. Mean Reward: -4.516. Std of Reward: 9.700. Training. ELO: 281.834.
[INFO] BeesRL1v1. Step: 1700000. Time Elapsed: 6471.963 s. Mean Reward: -4.400. Std of Reward: 9.741. Training. ELO: 278.779.
[INFO] BeesRL1v1. Step: 1705000. Time Elapsed: 6515.550 s. Mean Reward: -6.225. Std of Reward: 8.728. Training. ELO: 271.370.
[INFO] BeesRL1v1. Step: 1710000. Time Elapsed: 6530.842 s. Mean Reward: -5.900. Std of Reward: 8.698. Training. ELO: 263.211.
[INFO] BeesRL1v1. Step: 1715000. Time Elapsed: 6544.061 s. Mean Reward: -6.372. Std of Reward: 8.566. Training. ELO: 257.795.
[INFO] BeesRL1v1. Step: 1720000. Time Elapsed: 6560.565 s. Mean Reward: -3.494. Std of Reward: 10.098. Training. ELO: 255.704.
[INFO] BeesRL1v1. Step: 1725000. Time Elapsed: 6585.236 s. Mean Reward: -1.075. Std of Reward: 10.563. Training. ELO: 255.412.
[INFO] BeesRL1v1. Step: 1730000. Time Elapsed: 6599.800 s. Mean Reward: -4.060. Std of Reward: 9.866. Training. ELO: 261.088.
[INFO] BeesRL1v1. Step: 1735000. Time Elapsed: 6616.273 s. Mean Reward: -5.069. Std of Reward: 9.429. Training. ELO: 261.701.
[INFO] BeesRL1v1. Step: 1740000. Time Elapsed: 6637.777 s. Mean Reward: -6.010. Std of Reward: 8.873. Training. ELO: 261.337.
[INFO] BeesRL1v1. Step: 1745000. Time Elapsed: 6653.837 s. Mean Reward: -5.287. Std of Reward: 9.270. Training. ELO: 260.898.
[INFO] BeesRL1v1. Step: 1750000. Time Elapsed: 6669.023 s. Mean Reward: -7.697. Std of Reward: 7.577. Training. ELO: 256.522.
[INFO] Exported .results\bees-full-005\BeesRL1v1\BeesRL1v1-1749774.onnx
[INFO] BeesRL1v1. Step: 1755000. Time Elapsed: 6691.568 s. Mean Reward: -7.838. Std of Reward: 7.403. Training. ELO: 251.297.
[INFO] BeesRL1v1. Step: 1760000. Time Elapsed: 6706.767 s. Mean Reward: -6.189. Std of Reward: 8.709. Training. ELO: 247.680.
[INFO] BeesRL1v1. Step: 1765000. Time Elapsed: 6721.945 s. Mean Reward: -4.032. Std of Reward: 9.852. Training. ELO: 244.740.
[INFO] BeesRL1v1. Step: 1770000. Time Elapsed: 6734.184 s. Mean Reward: -3.807. Std of Reward: 10.002. Training. ELO: 243.222.
[INFO] BeesRL1v1. Step: 1775000. Time Elapsed: 6759.855 s. Mean Reward: -0.631. Std of Reward: 10.327. Training. ELO: 242.692.
[INFO] BeesRL1v1. Step: 1780000. Time Elapsed: 6775.073 s. Mean Reward: -3.451. Std of Reward: 10.060. Training. ELO: 242.291.
[INFO] BeesRL1v1. Step: 1785000. Time Elapsed: 6790.049 s. Mean Reward: -5.496. Std of Reward: 9.134. Training. ELO: 239.255.
[INFO] BeesRL1v1. Step: 1790000. Time Elapsed: 6815.874 s. Mean Reward: -5.090. Std of Reward: 9.448. Training. ELO: 237.227.
[INFO] BeesRL1v1. Step: 1795000. Time Elapsed: 6827.392 s. Mean Reward: -6.003. Std of Reward: 8.852. Training. ELO: 233.657.
[INFO] BeesRL1v1. Step: 1800000. Time Elapsed: 6842.730 s. Mean Reward: -6.817. Std of Reward: 8.319. Training. ELO: 231.692.
[INFO] BeesRL1v1. Step: 1805000. Time Elapsed: 6879.101 s. Mean Reward: -4.918. Std of Reward: 9.475. Training. ELO: 226.847.
[INFO] BeesRL1v1. Step: 1810000. Time Elapsed: 6897.073 s. Mean Reward: -2.699. Std of Reward: 10.249. Training. ELO: 220.541.
[INFO] BeesRL1v1. Step: 1815000. Time Elapsed: 6911.023 s. Mean Reward: -4.612. Std of Reward: 9.110. Training. ELO: 218.417.
[INFO] BeesRL1v1. Step: 1820000. Time Elapsed: 6935.497 s. Mean Reward: -3.768. Std of Reward: 9.975. Training. ELO: 213.738.
[INFO] BeesRL1v1. Step: 1825000. Time Elapsed: 6950.096 s. Mean Reward: -2.962. Std of Reward: 10.202. Training. ELO: 211.883.
[INFO] BeesRL1v1. Step: 1830000. Time Elapsed: 6962.286 s. Mean Reward: -5.508. Std of Reward: 9.146. Training. ELO: 207.786.
[INFO] BeesRL1v1. Step: 1835000. Time Elapsed: 6979.818 s. Mean Reward: -5.721. Std of Reward: 9.021. Training. ELO: 204.428.
[INFO] BeesRL1v1. Step: 1840000. Time Elapsed: 7005.348 s. Mean Reward: -2.135. Std of Reward: 10.344. Training. ELO: 201.132.
[INFO] BeesRL1v1. Step: 1845000. Time Elapsed: 7015.649 s. Mean Reward: -5.871. Std of Reward: 9.058. Training. ELO: 200.002.
[INFO] BeesRL1v1. Step: 1850000. Time Elapsed: 7033.435 s. Mean Reward: -1.458. Std of Reward: 10.444. Training. ELO: 203.712.
[INFO] BeesRL1v1. Step: 1855000. Time Elapsed: 7057.208 s. Mean Reward: -3.472. Std of Reward: 10.068. Training. ELO: 208.441.
[INFO] BeesRL1v1. Step: 1860000. Time Elapsed: 7068.272 s. Mean Reward: -1.623. Std of Reward: 10.472. Training. ELO: 212.350.
[INFO] BeesRL1v1. Step: 1865000. Time Elapsed: 7087.567 s. Mean Reward: -4.495. Std of Reward: 9.618. Training. ELO: 215.583.
[INFO] BeesRL1v1. Step: 1870000. Time Elapsed: 7111.943 s. Mean Reward: -7.927. Std of Reward: 7.270. Training. ELO: 209.182.
[INFO] BeesRL1v1. Step: 1875000. Time Elapsed: 7126.621 s. Mean Reward: -5.901. Std of Reward: 8.893. Training. ELO: 204.012.
[INFO] BeesRL1v1. Step: 1880000. Time Elapsed: 7139.905 s. Mean Reward: -4.523. Std of Reward: 9.336. Training. ELO: 199.695.
[INFO] BeesRL1v1. Step: 1885000. Time Elapsed: 7155.742 s. Mean Reward: -4.789. Std of Reward: 9.556. Training. ELO: 196.183.
[INFO] BeesRL1v1. Step: 1890000. Time Elapsed: 7179.700 s. Mean Reward: -7.210. Std of Reward: 7.847. Training. ELO: 193.754.
[INFO] BeesRL1v1. Step: 1895000. Time Elapsed: 7192.123 s. Mean Reward: -1.541. Std of Reward: 10.516. Training. ELO: 196.110.
[INFO] BeesRL1v1. Step: 1900000. Time Elapsed: 7208.662 s. Mean Reward: 1.931. Std of Reward: 10.179. Training. ELO: 200.501.
[INFO] BeesRL1v1. Step: 1905000. Time Elapsed: 7245.093 s. Mean Reward: -4.380. Std of Reward: 9.675. Training. ELO: 205.946.
[INFO] BeesRL1v1. Step: 1910000. Time Elapsed: 7259.087 s. Mean Reward: -2.873. Std of Reward: 10.232. Training. ELO: 208.252.
[INFO] BeesRL1v1. Step: 1915000. Time Elapsed: 7283.056 s. Mean Reward: -7.385. Std of Reward: 7.734. Training. ELO: 209.656.
[INFO] BeesRL1v1. Step: 1920000. Time Elapsed: 7301.943 s. Mean Reward: -6.417. Std of Reward: 8.626. Training. ELO: 207.567.
[INFO] BeesRL1v1. Step: 1925000. Time Elapsed: 7313.905 s. Mean Reward: -5.112. Std of Reward: 9.455. Training. ELO: 207.965.
[INFO] BeesRL1v1. Step: 1930000. Time Elapsed: 7328.337 s. Mean Reward: 1.038. Std of Reward: 10.050. Training. ELO: 208.160.
[INFO] BeesRL1v1. Step: 1935000. Time Elapsed: 7343.312 s. Mean Reward: -2.007. Std of Reward: 9.985. Training. ELO: 208.160.
[INFO] BeesRL1v1. Step: 1940000. Time Elapsed: 7365.166 s. Mean Reward: -5.481. Std of Reward: 9.131. Training. ELO: 208.160.
[INFO] BeesRL1v1. Step: 1945000. Time Elapsed: 7379.225 s. Mean Reward: -0.623. Std of Reward: 10.515. Training. ELO: 209.030.
[INFO] BeesRL1v1. Step: 1950000. Time Elapsed: 7397.382 s. Mean Reward: -4.267. Std of Reward: 9.730. Training. ELO: 212.553.
[INFO] BeesRL1v1. Step: 1955000. Time Elapsed: 7422.134 s. Mean Reward: -5.592. Std of Reward: 9.186. Training. ELO: 214.004.
[INFO] BeesRL1v1. Step: 1960000. Time Elapsed: 7434.595 s. Mean Reward: -3.769. Std of Reward: 9.958. Training. ELO: 213.972.
[INFO] BeesRL1v1. Step: 1965000. Time Elapsed: 7447.539 s. Mean Reward: -0.720. Std of Reward: 10.395. Training. ELO: 218.066.
[INFO] BeesRL1v1. Step: 1970000. Time Elapsed: 7474.640 s. Mean Reward: -0.197. Std of Reward: 10.335. Training. ELO: 218.891.
[INFO] BeesRL1v1. Step: 1975000. Time Elapsed: 7485.118 s. Mean Reward: -3.702. Std of Reward: 9.926. Training. ELO: 218.891.
[INFO] BeesRL1v1. Step: 1980000. Time Elapsed: 7501.864 s. Mean Reward: -3.946. Std of Reward: 9.824. Training. ELO: 218.891.
[INFO] BeesRL1v1. Step: 1985000. Time Elapsed: 7519.342 s. Mean Reward: -6.396. Std of Reward: 8.574. Training. ELO: 218.196.
[INFO] BeesRL1v1. Step: 1990000. Time Elapsed: 7540.695 s. Mean Reward: -4.382. Std of Reward: 9.741. Training. ELO: 211.992.
[INFO] BeesRL1v1. Step: 1995000. Time Elapsed: 7555.297 s. Mean Reward: -4.053. Std of Reward: 9.610. Training. ELO: 207.034.
[INFO] BeesRL1v1. Step: 2000000. Time Elapsed: 7571.698 s. Mean Reward: -1.910. Std of Reward: 10.209. Training. ELO: 205.434.
[INFO] Exported .results\bees-full-005\BeesRL1v1\BeesRL1v1-1999767.onnx
[INFO] BeesRL1v1. Step: 2005000. Time Elapsed: 7604.030 s. Mean Reward: -4.459. Std of Reward: 9.639. Training. ELO: 202.259.
[INFO] BeesRL1v1. Step: 2010000. Time Elapsed: 7624.853 s. Mean Reward: -2.414. Std of Reward: 10.288. Training. ELO: 202.186.
[INFO] BeesRL1v1. Step: 2015000. Time Elapsed: 7634.889 s. Mean Reward: -3.958. Std of Reward: 9.804. Training. ELO: 202.186.
[INFO] BeesRL1v1. Step: 2020000. Time Elapsed: 7656.606 s. Mean Reward: -6.559. Std of Reward: 8.125. Training. ELO: 202.186.
[INFO] BeesRL1v1. Step: 2025000. Time Elapsed: 7675.179 s. Mean Reward: -1.546. Std of Reward: 10.257. Training. ELO: 202.899.
[INFO] BeesRL1v1. Step: 2030000. Time Elapsed: 7688.260 s. Mean Reward: -5.310. Std of Reward: 9.024. Training. ELO: 202.838.
[INFO] BeesRL1v1. Step: 2035000. Time Elapsed: 7701.494 s. Mean Reward: -1.045. Std of Reward: 10.523. Training. ELO: 203.971.
[INFO] BeesRL1v1. Step: 2040000. Time Elapsed: 7723.715 s. Mean Reward: -3.170. Std of Reward: 9.686. Training. ELO: 202.888.
[INFO] BeesRL1v1. Step: 2045000. Time Elapsed: 7742.588 s. Mean Reward: 0.515. Std of Reward: 10.498. Training. ELO: 206.927.
[INFO] BeesRL1v1. Step: 2050000. Time Elapsed: 7754.041 s. Mean Reward: -6.466. Std of Reward: 8.216. Training. ELO: 204.391.
[INFO] BeesRL1v1. Step: 2055000. Time Elapsed: 7779.032 s. Mean Reward: -4.081. Std of Reward: 9.838. Training. ELO: 201.266.
[INFO] BeesRL1v1. Step: 2060000. Time Elapsed: 7794.870 s. Mean Reward: -4.362. Std of Reward: 9.615. Training. ELO: 199.134.
[INFO] BeesRL1v1. Step: 2065000. Time Elapsed: 7806.952 s. Mean Reward: -6.659. Std of Reward: 8.493. Training. ELO: 195.597.
[INFO] BeesRL1v1. Step: 2070000. Time Elapsed: 7833.675 s. Mean Reward: -3.222. Std of Reward: 10.053. Training. ELO: 192.860.
[INFO] BeesRL1v1. Step: 2075000. Time Elapsed: 7843.740 s. Mean Reward: 1.022. Std of Reward: 10.492. Training. ELO: 194.106.
[INFO] BeesRL1v1. Step: 2080000. Time Elapsed: 7859.908 s. Mean Reward: 2.573. Std of Reward: 10.198. Training. ELO: 199.168.
[INFO] BeesRL1v1. Step: 2085000. Time Elapsed: 7877.432 s. Mean Reward: -4.281. Std of Reward: 9.748. Training. ELO: 201.823.
[INFO] BeesRL1v1. Step: 2090000. Time Elapsed: 7899.499 s. Mean Reward: -3.293. Std of Reward: 9.863. Training. ELO: 200.433.
[INFO] BeesRL1v1. Step: 2095000. Time Elapsed: 7914.841 s. Mean Reward: -1.573. Std of Reward: 10.410. Training. ELO: 201.065.
[INFO] BeesRL1v1. Step: 2100000. Time Elapsed: 7928.850 s. Mean Reward: 0.150. Std of Reward: 10.530. Training. ELO: 204.939.
[INFO] BeesRL1v1. Step: 2105000. Time Elapsed: 7967.071 s. Mean Reward: -3.266. Std of Reward: 10.044. Training. ELO: 203.959.
[INFO] BeesRL1v1. Step: 2110000. Time Elapsed: 7984.575 s. Mean Reward: -2.681. Std of Reward: 10.234. Training. ELO: 201.522.
[INFO] BeesRL1v1. Step: 2115000. Time Elapsed: 8001.455 s. Mean Reward: -4.966. Std of Reward: 9.308. Training. ELO: 193.630.
[INFO] BeesRL1v1. Step: 2120000. Time Elapsed: 8022.945 s. Mean Reward: -1.146. Std of Reward: 10.551. Training. ELO: 190.320.
[INFO] BeesRL1v1. Step: 2125000. Time Elapsed: 8035.007 s. Mean Reward: -0.583. Std of Reward: 10.545. Training. ELO: 189.169.
[INFO] BeesRL1v1. Step: 2130000. Time Elapsed: 8052.814 s. Mean Reward: -0.782. Std of Reward: 10.472. Training. ELO: 192.386.
[INFO] BeesRL1v1. Step: 2135000. Time Elapsed: 8076.036 s. Mean Reward: -0.564. Std of Reward: 10.556. Training. ELO: 194.703.
[INFO] BeesRL1v1. Step: 2140000. Time Elapsed: 8089.703 s. Mean Reward: -1.494. Std of Reward: 10.480. Training. ELO: 196.108.
[INFO] BeesRL1v1. Step: 2145000. Time Elapsed: 8106.620 s. Mean Reward: -3.637. Std of Reward: 9.807. Training. ELO: 194.600.
[INFO] BeesRL1v1. Step: 2150000. Time Elapsed: 8117.561 s. Mean Reward: -3.178. Std of Reward: 10.199. Training. ELO: 194.795.
[INFO] BeesRL1v1. Step: 2155000. Time Elapsed: 8142.876 s. Mean Reward: -0.198. Std of Reward: 10.184. Training. ELO: 197.381.
[INFO] BeesRL1v1. Step: 2160000. Time Elapsed: 8158.201 s. Mean Reward: -3.774. Std of Reward: 9.956. Training. ELO: 198.455.
[INFO] BeesRL1v1. Step: 2165000. Time Elapsed: 8171.235 s. Mean Reward: -0.263. Std of Reward: 10.358. Training. ELO: 196.576.
[INFO] BeesRL1v1. Step: 2170000. Time Elapsed: 8196.165 s. Mean Reward: 0.918. Std of Reward: 10.512. Training. ELO: 199.186.
[INFO] BeesRL1v1. Step: 2175000. Time Elapsed: 8211.291 s. Mean Reward: -1.389. Std of Reward: 10.484. Training. ELO: 203.171.
[INFO] BeesRL1v1. Step: 2180000. Time Elapsed: 8224.156 s. Mean Reward: -3.176. Std of Reward: 10.207. Training. ELO: 204.699.
[INFO] BeesRL1v1. Step: 2185000. Time Elapsed: 8248.956 s. Mean Reward: -1.175. Std of Reward: 10.442. Training. ELO: 204.459.
[INFO] BeesRL1v1. Step: 2190000. Time Elapsed: 8260.642 s. Mean Reward: -4.724. Std of Reward: 9.525. Training. ELO: 200.952.
[INFO] BeesRL1v1. Step: 2195000. Time Elapsed: 8277.362 s. Mean Reward: -4.639. Std of Reward: 9.039. Training. ELO: 194.843.
[INFO] BeesRL1v1. Step: 2200000. Time Elapsed: 8292.396 s. Mean Reward: -3.316. Std of Reward: 9.829. Training. ELO: 188.983.
[INFO] BeesRL1v1. Step: 2205000. Time Elapsed: 8324.318 s. Mean Reward: -2.222. Std of Reward: 10.334. Training. ELO: 186.956.
[INFO] BeesRL1v1. Step: 2210000. Time Elapsed: 8344.649 s. Mean Reward: -2.423. Std of Reward: 10.088. Training. ELO: 183.610.
[INFO] BeesRL1v1. Step: 2215000. Time Elapsed: 8358.547 s. Mean Reward: -1.680. Std of Reward: 10.021. Training. ELO: 181.712.
[INFO] BeesRL1v1. Step: 2220000. Time Elapsed: 8381.104 s. Mean Reward: -3.445. Std of Reward: 9.980. Training. ELO: 178.092.
[INFO] BeesRL1v1. Step: 2225000. Time Elapsed: 8394.611 s. Mean Reward: -2.425. Std of Reward: 10.257. Training. ELO: 176.166.
[INFO] BeesRL1v1. Step: 2230000. Time Elapsed: 8408.708 s. Mean Reward: -2.059. Std of Reward: 10.146. Training. ELO: 176.456.
[INFO] BeesRL1v1. Step: 2235000. Time Elapsed: 8433.585 s. Mean Reward: -0.813. Std of Reward: 10.466. Training. ELO: 174.326.
[INFO] BeesRL1v1. Step: 2240000. Time Elapsed: 8448.558 s. Mean Reward: -1.926. Std of Reward: 10.178. Training. ELO: 173.397.
[INFO] BeesRL1v1. Step: 2245000. Time Elapsed: 8464.104 s. Mean Reward: -1.878. Std of Reward: 10.461. Training. ELO: 173.256.
[INFO] BeesRL1v1. Step: 2250000. Time Elapsed: 8477.311 s. Mean Reward: -5.717. Std of Reward: 9.025. Training. ELO: 170.601.
[INFO] Exported .results\bees-full-005\BeesRL1v1\BeesRL1v1-2249842.onnx
[INFO] BeesRL1v1. Step: 2255000. Time Elapsed: 8501.289 s. Mean Reward: -1.735. Std of Reward: 10.449. Training. ELO: 172.706.
[INFO] BeesRL1v1. Step: 2260000. Time Elapsed: 8515.272 s. Mean Reward: -0.959. Std of Reward: 10.570. Training. ELO: 175.162.
[INFO] BeesRL1v1. Step: 2265000. Time Elapsed: 8529.699 s. Mean Reward: -2.166. Std of Reward: 10.359. Training. ELO: 176.417.
[INFO] BeesRL1v1. Step: 2270000. Time Elapsed: 8553.435 s. Mean Reward: -2.657. Std of Reward: 10.267. Training. ELO: 174.979.
[INFO] BeesRL1v1. Step: 2275000. Time Elapsed: 8568.356 s. Mean Reward: -2.203. Std of Reward: 10.394. Training. ELO: 171.937.
[INFO] BeesRL1v1. Step: 2280000. Time Elapsed: 8583.965 s. Mean Reward: -1.004. Std of Reward: 10.490. Training. ELO: 170.904.
[INFO] BeesRL1v1. Step: 2285000. Time Elapsed: 8607.990 s. Mean Reward: -3.901. Std of Reward: 9.836. Training. ELO: 169.554.
[INFO] BeesRL1v1. Step: 2290000. Time Elapsed: 8621.269 s. Mean Reward: -3.465. Std of Reward: 10.034. Training. ELO: 164.547.
[INFO] BeesRL1v1. Step: 2295000. Time Elapsed: 8634.487 s. Mean Reward: -2.043. Std of Reward: 10.121. Training. ELO: 162.067.
[INFO] BeesRL1v1. Step: 2300000. Time Elapsed: 8648.370 s. Mean Reward: 1.258. Std of Reward: 10.230. Training. ELO: 162.954.
[INFO] BeesRL1v1. Step: 2305000. Time Elapsed: 8683.445 s. Mean Reward: -3.585. Std of Reward: 9.614. Training. ELO: 159.463.
[INFO] BeesRL1v1. Step: 2310000. Time Elapsed: 8702.430 s. Mean Reward: -2.953. Std of Reward: 10.156. Training. ELO: 156.335.
[INFO] BeesRL1v1. Step: 2315000. Time Elapsed: 8715.355 s. Mean Reward: 1.240. Std of Reward: 10.255. Training. ELO: 156.919.
[INFO] BeesRL1v1. Step: 2320000. Time Elapsed: 8740.365 s. Mean Reward: -3.696. Std of Reward: 9.932. Training. ELO: 158.222.
[INFO] BeesRL1v1. Step: 2325000. Time Elapsed: 8755.551 s. Mean Reward: -1.560. Std of Reward: 10.397. Training. ELO: 159.485.
[INFO] BeesRL1v1. Step: 2330000. Time Elapsed: 8769.753 s. Mean Reward: -4.530. Std of Reward: 9.371. Training. ELO: 160.528.
[INFO] BeesRL1v1. Step: 2335000. Time Elapsed: 8793.076 s. Mean Reward: -1.760. Std of Reward: 10.219. Training. ELO: 160.528.
[INFO] BeesRL1v1. Step: 2340000. Time Elapsed: 8805.155 s. Mean Reward: -1.430. Std of Reward: 10.257. Training. ELO: 160.528.
[INFO] BeesRL1v1. Step: 2345000. Time Elapsed: 8820.833 s. Mean Reward: 0.472. Std of Reward: 10.314. Training. ELO: 160.528.
[INFO] BeesRL1v1. Step: 2350000. Time Elapsed: 8844.960 s. Mean Reward: -2.980. Std of Reward: 10.135. Training. ELO: 160.528.
[INFO] BeesRL1v1. Step: 2355000. Time Elapsed: 8858.178 s. Mean Reward: 1.047. Std of Reward: 10.461. Training. ELO: 160.528.
[INFO] BeesRL1v1. Step: 2360000. Time Elapsed: 8876.922 s. Mean Reward: -1.679. Std of Reward: 10.111. Training. ELO: 160.528.
[INFO] BeesRL1v1. Step: 2365000. Time Elapsed: 8889.913 s. Mean Reward: -3.309. Std of Reward: 9.833. Training. ELO: 160.590.
[INFO] BeesRL1v1. Step: 2370000. Time Elapsed: 8914.706 s. Mean Reward: -2.533. Std of Reward: 10.227. Training. ELO: 158.986.
[INFO] BeesRL1v1. Step: 2375000. Time Elapsed: 8931.292 s. Mean Reward: -5.625. Std of Reward: 9.014. Training. ELO: 155.916.
[INFO] BeesRL1v1. Step: 2380000. Time Elapsed: 8948.431 s. Mean Reward: -3.223. Std of Reward: 9.684. Training. ELO: 150.082.
[INFO] BeesRL1v1. Step: 2385000. Time Elapsed: 8969.037 s. Mean Reward: -4.293. Std of Reward: 9.739. Training. ELO: 146.713.
[INFO] BeesRL1v1. Step: 2390000. Time Elapsed: 8985.003 s. Mean Reward: 2.503. Std of Reward: 10.117. Training. ELO: 146.185.
[INFO] BeesRL1v1. Step: 2395000. Time Elapsed: 9001.791 s. Mean Reward: -0.131. Std of Reward: 10.301. Training. ELO: 146.185.
[INFO] BeesRL1v1. Step: 2400000. Time Elapsed: 9030.589 s. Mean Reward: -1.891. Std of Reward: 10.393. Training. ELO: 146.185.
[INFO] BeesRL1v1. Step: 2405000. Time Elapsed: 9054.502 s. Mean Reward: -1.512. Std of Reward: 10.416. Training. ELO: 147.433.
[INFO] BeesRL1v1. Step: 2410000. Time Elapsed: 9077.874 s. Mean Reward: -2.351. Std of Reward: 10.004. Training. ELO: 148.281.
[INFO] BeesRL1v1. Step: 2415000. Time Elapsed: 9089.642 s. Mean Reward: -3.679. Std of Reward: 9.916. Training. ELO: 145.053.
[INFO] BeesRL1v1. Step: 2420000. Time Elapsed: 9119.931 s. Mean Reward: -1.782. Std of Reward: 10.401. Training. ELO: 144.826.
[INFO] BeesRL1v1. Step: 2425000. Time Elapsed: 9133.511 s. Mean Reward: -3.437. Std of Reward: 10.002. Training. ELO: 142.961.
[INFO] BeesRL1v1. Step: 2430000. Time Elapsed: 9146.969 s. Mean Reward: -1.254. Std of Reward: 10.317. Training. ELO: 143.316.
[INFO] BeesRL1v1. Step: 2435000. Time Elapsed: 9173.306 s. Mean Reward: 1.127. Std of Reward: 10.437. Training. ELO: 146.624.
[INFO] BeesRL1v1. Step: 2440000. Time Elapsed: 9188.563 s. Mean Reward: -1.388. Std of Reward: 10.415. Training. ELO: 148.137.
[INFO] BeesRL1v1. Step: 2445000. Time Elapsed: 9206.062 s. Mean Reward: -1.060. Std of Reward: 10.459. Training. ELO: 149.043.
[INFO] BeesRL1v1. Step: 2450000. Time Elapsed: 9231.041 s. Mean Reward: -5.788. Std of Reward: 8.899. Training. ELO: 145.161.
[INFO] BeesRL1v1. Step: 2455000. Time Elapsed: 9245.639 s. Mean Reward: -0.218. Std of Reward: 10.548. Training. ELO: 142.461.
[INFO] BeesRL1v1. Step: 2460000. Time Elapsed: 9263.760 s. Mean Reward: -2.272. Std of Reward: 10.287. Training. ELO: 141.587.
[INFO] BeesRL1v1. Step: 2465000. Time Elapsed: 9276.772 s. Mean Reward: -0.876. Std of Reward: 10.206. Training. ELO: 138.619.
[INFO] BeesRL1v1. Step: 2470000. Time Elapsed: 9302.861 s. Mean Reward: 0.133. Std of Reward: 10.337. Training. ELO: 140.607.
[INFO] BeesRL1v1. Step: 2475000. Time Elapsed: 9317.967 s. Mean Reward: -2.261. Std of Reward: 10.289. Training. ELO: 143.264.
[INFO] BeesRL1v1. Step: 2480000. Time Elapsed: 9337.644 s. Mean Reward: 1.177. Std of Reward: 10.253. Training. ELO: 145.543.
[INFO] BeesRL1v1. Step: 2485000. Time Elapsed: 9362.979 s. Mean Reward: -3.310. Std of Reward: 9.834. Training. ELO: 145.856.
[INFO] BeesRL1v1. Step: 2490000. Time Elapsed: 9374.193 s. Mean Reward: -0.503. Std of Reward: 10.341. Training. ELO: 144.953.
[INFO] BeesRL1v1. Step: 2495000. Time Elapsed: 9389.801 s. Mean Reward: 0.146. Std of Reward: 10.481. Training. ELO: 147.781.
[INFO] BeesRL1v1. Step: 2500000. Time Elapsed: 9420.086 s. Mean Reward: -1.380. Std of Reward: 10.410. Training. ELO: 149.070.
[INFO] Exported .results\bees-full-005\BeesRL1v1\BeesRL1v1-2499982.onnx
[INFO] BeesRL1v1. Step: 2505000. Time Elapsed: 9446.240 s. Mean Reward: -1.090. Std of Reward: 10.200. Training. ELO: 149.781.
[INFO] BeesRL1v1. Step: 2510000. Time Elapsed: 9466.430 s. Mean Reward: -0.424. Std of Reward: 10.213. Training. ELO: 150.921.
[INFO] BeesRL1v1. Step: 2515000. Time Elapsed: 9476.505 s. Mean Reward: 1.881. Std of Reward: 10.347. Training. ELO: 155.254.
[INFO] BeesRL1v1. Step: 2520000. Time Elapsed: 9505.209 s. Mean Reward: 0.876. Std of Reward: 10.310. Training. ELO: 159.925.
[INFO] BeesRL1v1. Step: 2525000. Time Elapsed: 9521.321 s. Mean Reward: 0.941. Std of Reward: 10.409. Training. ELO: 163.022.
[INFO] BeesRL1v1. Step: 2530000. Time Elapsed: 9537.620 s. Mean Reward: -2.884. Std of Reward: 9.979. Training. ELO: 163.025.
[INFO] BeesRL1v1. Step: 2535000. Time Elapsed: 9563.118 s. Mean Reward: 3.105. Std of Reward: 9.636. Training. ELO: 161.735.
[INFO] BeesRL1v1. Step: 2540000. Time Elapsed: 9576.780 s. Mean Reward: -1.679. Std of Reward: 10.271. Training. ELO: 162.603.
[INFO] BeesRL1v1. Step: 2545000. Time Elapsed: 9593.053 s. Mean Reward: -2.804. Std of Reward: 10.184. Training. ELO: 161.182.
[INFO] BeesRL1v1. Step: 2550000. Time Elapsed: 9616.004 s. Mean Reward: -1.128. Std of Reward: 10.458. Training. ELO: 157.318.
[INFO] BeesRL1v1. Step: 2555000. Time Elapsed: 9635.170 s. Mean Reward: -2.565. Std of Reward: 10.067. Training. ELO: 153.655.
[INFO] BeesRL1v1. Step: 2560000. Time Elapsed: 9647.149 s. Mean Reward: -0.456. Std of Reward: 10.491. Training. ELO: 151.238.
[INFO] BeesRL1v1. Step: 2565000. Time Elapsed: 9672.764 s. Mean Reward: -0.833. Std of Reward: 10.352. Training. ELO: 149.894.
[INFO] BeesRL1v1. Step: 2570000. Time Elapsed: 9691.816 s. Mean Reward: 0.160. Std of Reward: 10.312. Training. ELO: 149.114.
[INFO] BeesRL1v1. Step: 2575000. Time Elapsed: 9703.792 s. Mean Reward: -2.228. Std of Reward: 10.122. Training. ELO: 151.411.
[INFO] BeesRL1v1. Step: 2580000. Time Elapsed: 9719.068 s. Mean Reward: 0.829. Std of Reward: 10.342. Training. ELO: 153.086.
[INFO] BeesRL1v1. Step: 2585000. Time Elapsed: 9741.286 s. Mean Reward: -2.292. Std of Reward: 10.303. Training. ELO: 152.908.
[INFO] BeesRL1v1. Step: 2590000. Time Elapsed: 9756.268 s. Mean Reward: 0.098. Std of Reward: 10.516. Training. ELO: 156.418.
[INFO] BeesRL1v1. Step: 2595000. Time Elapsed: 9770.438 s. Mean Reward: -1.825. Std of Reward: 9.883. Training. ELO: 155.902.
[INFO] BeesRL1v1. Step: 2600000. Time Elapsed: 9795.398 s. Mean Reward: 1.502. Std of Reward: 9.975. Training. ELO: 155.495.
[INFO] BeesRL1v1. Step: 2605000. Time Elapsed: 9820.731 s. Mean Reward: 0.218. Std of Reward: 10.297. Training. ELO: 158.243.
[INFO] BeesRL1v1. Step: 2610000. Time Elapsed: 9838.231 s. Mean Reward: -2.713. Std of Reward: 10.263. Training. ELO: 158.313.
[INFO] BeesRL1v1. Step: 2615000. Time Elapsed: 9861.887 s. Mean Reward: -0.194. Std of Reward: 10.541. Training. ELO: 155.541.
[INFO] BeesRL1v1. Step: 2620000. Time Elapsed: 9875.493 s. Mean Reward: 1.149. Std of Reward: 10.404. Training. ELO: 155.996.
[INFO] BeesRL1v1. Step: 2625000. Time Elapsed: 9891.271 s. Mean Reward: -1.562. Std of Reward: 10.395. Training. ELO: 156.703.
[INFO] BeesRL1v1. Step: 2630000. Time Elapsed: 9904.440 s. Mean Reward: -2.392. Std of Reward: 10.266. Training. ELO: 154.917.
[INFO] BeesRL1v1. Step: 2635000. Time Elapsed: 9929.309 s. Mean Reward: -3.046. Std of Reward: 10.053. Training. ELO: 150.093.
[INFO] BeesRL1v1. Step: 2640000. Time Elapsed: 9944.860 s. Mean Reward: -0.991. Std of Reward: 10.161. Training. ELO: 148.640.
[INFO] BeesRL1v1. Step: 2645000. Time Elapsed: 9959.022 s. Mean Reward: 0.452. Std of Reward: 10.479. Training. ELO: 149.180.
[INFO] BeesRL1v1. Step: 2650000. Time Elapsed: 9981.646 s. Mean Reward: -4.760. Std of Reward: 9.450. Training. ELO: 145.072.
[INFO] BeesRL1v1. Step: 2655000. Time Elapsed: 9998.298 s. Mean Reward: -2.345. Std of Reward: 10.243. Training. ELO: 140.791.
[INFO] BeesRL1v1. Step: 2660000. Time Elapsed: 10010.356 s. Mean Reward: -0.598. Std of Reward: 10.534. Training. ELO: 139.182.
[INFO] BeesRL1v1. Step: 2665000. Time Elapsed: 10034.613 s. Mean Reward: -2.843. Std of Reward: 10.130. Training. ELO: 137.548.
[INFO] BeesRL1v1. Step: 2670000. Time Elapsed: 10049.086 s. Mean Reward: -1.250. Std of Reward: 10.421. Training. ELO: 136.109.
[INFO] BeesRL1v1. Step: 2675000. Time Elapsed: 10061.848 s. Mean Reward: 1.298. Std of Reward: 10.070. Training. ELO: 135.026.
[INFO] BeesRL1v1. Step: 2680000. Time Elapsed: 10075.608 s. Mean Reward: -0.749. Std of Reward: 10.488. Training. ELO: 138.643.
[INFO] BeesRL1v1. Step: 2685000. Time Elapsed: 10102.876 s. Mean Reward: 2.620. Std of Reward: 10.101. Training. ELO: 141.283.
[INFO] BeesRL1v1. Step: 2690000. Time Elapsed: 10117.265 s. Mean Reward: 1.377. Std of Reward: 10.339. Training. ELO: 146.229.
[INFO] BeesRL1v1. Step: 2695000. Time Elapsed: 10132.056 s. Mean Reward: -1.583. Std of Reward: 10.309. Training. ELO: 146.773.
[INFO] BeesRL1v1. Step: 2700000. Time Elapsed: 10155.737 s. Mean Reward: -2.036. Std of Reward: 10.361. Training. ELO: 145.979.
[INFO] BeesRL1v1. Step: 2705000. Time Elapsed: 10173.967 s. Mean Reward: -3.679. Std of Reward: 9.920. Training. ELO: 142.933.
[INFO] BeesRL1v1. Step: 2710000. Time Elapsed: 10192.599 s. Mean Reward: -2.371. Std of Reward: 10.031. Training. ELO: 137.097.
[INFO] BeesRL1v1. Step: 2715000. Time Elapsed: 10219.202 s. Mean Reward: -0.634. Std of Reward: 10.467. Training. ELO: 133.062.
[INFO] BeesRL1v1. Step: 2720000. Time Elapsed: 10232.213 s. Mean Reward: -1.240. Std of Reward: 10.250. Training. ELO: 132.984.
[INFO] BeesRL1v1. Step: 2725000. Time Elapsed: 10246.403 s. Mean Reward: -0.930. Std of Reward: 10.427. Training. ELO: 134.268.
[INFO] BeesRL1v1. Step: 2730000. Time Elapsed: 10272.843 s. Mean Reward: -1.123. Std of Reward: 10.255. Training. ELO: 133.290.
[INFO] BeesRL1v1. Step: 2735000. Time Elapsed: 10284.943 s. Mean Reward: 0.711. Std of Reward: 10.489. Training. ELO: 133.886.
[INFO] BeesRL1v1. Step: 2740000. Time Elapsed: 10297.267 s. Mean Reward: -1.318. Std of Reward: 10.429. Training. ELO: 133.706.
[INFO] BeesRL1v1. Step: 2745000. Time Elapsed: 10316.472 s. Mean Reward: 2.524. Std of Reward: 10.023. Training. ELO: 136.326.
[INFO] BeesRL1v1. Step: 2750000. Time Elapsed: 10338.703 s. Mean Reward: -5.297. Std of Reward: 9.014. Training. ELO: 134.336.
[INFO] Exported .results\bees-full-005\BeesRL1v1\BeesRL1v1-2749972.onnx
[INFO] BeesRL1v1. Step: 2755000. Time Elapsed: 10352.337 s. Mean Reward: -3.685. Std of Reward: 9.919. Training. ELO: 129.323.
[INFO] BeesRL1v1. Step: 2760000. Time Elapsed: 10365.845 s. Mean Reward: 0.124. Std of Reward: 10.522. Training. ELO: 131.336.
[INFO] BeesRL1v1. Step: 2765000. Time Elapsed: 10390.268 s. Mean Reward: 2.737. Std of Reward: 9.951. Training. ELO: 134.605.
[INFO] BeesRL1v1. Step: 2770000. Time Elapsed: 10404.370 s. Mean Reward: -2.085. Std of Reward: 10.173. Training. ELO: 136.724.
[INFO] BeesRL1v1. Step: 2775000. Time Elapsed: 10419.567 s. Mean Reward: 1.079. Std of Reward: 10.406. Training. ELO: 137.192.
[INFO] BeesRL1v1. Step: 2780000. Time Elapsed: 10441.499 s. Mean Reward: -0.531. Std of Reward: 10.517. Training. ELO: 137.742.
[INFO] BeesRL1v1. Step: 2785000. Time Elapsed: 10456.254 s. Mean Reward: 2.364. Std of Reward: 10.005. Training. ELO: 142.013.
[INFO] BeesRL1v1. Step: 2790000. Time Elapsed: 10472.614 s. Mean Reward: -2.071. Std of Reward: 10.161. Training. ELO: 141.844.
[INFO] BeesRL1v1. Step: 2795000. Time Elapsed: 10485.594 s. Mean Reward: -0.502. Std of Reward: 10.486. Training. ELO: 141.746.
[INFO] BeesRL1v1. Step: 2800000. Time Elapsed: 10509.333 s. Mean Reward: -0.173. Std of Reward: 10.519. Training. ELO: 143.252.
[INFO] BeesRL1v1. Step: 2805000. Time Elapsed: 10530.252 s. Mean Reward: 0.011. Std of Reward: 10.416. Training. ELO: 146.431.
[INFO] BeesRL1v1. Step: 2810000. Time Elapsed: 10549.912 s. Mean Reward: -0.408. Std of Reward: 10.031. Training. ELO: 143.615.
[INFO] BeesRL1v1. Step: 2815000. Time Elapsed: 10573.332 s. Mean Reward: -0.130. Std of Reward: 10.466. Training. ELO: 141.924.
[INFO] BeesRL1v1. Step: 2820000. Time Elapsed: 10587.939 s. Mean Reward: 2.048. Std of Reward: 10.263. Training. ELO: 145.588.
[INFO] BeesRL1v1. Step: 2825000. Time Elapsed: 10604.205 s. Mean Reward: 0.106. Std of Reward: 10.529. Training. ELO: 147.331.
[INFO] BeesRL1v1. Step: 2830000. Time Elapsed: 10628.018 s. Mean Reward: -1.711. Std of Reward: 10.230. Training. ELO: 146.551.
[INFO] BeesRL1v1. Step: 2835000. Time Elapsed: 10640.908 s. Mean Reward: 1.731. Std of Reward: 10.175. Training. ELO: 148.977.
[INFO] BeesRL1v1. Step: 2840000. Time Elapsed: 10656.304 s. Mean Reward: 0.131. Std of Reward: 10.200. Training. ELO: 151.050.
[INFO] BeesRL1v1. Step: 2845000. Time Elapsed: 10669.081 s. Mean Reward: -1.263. Std of Reward: 10.315. Training. ELO: 148.582.
[INFO] BeesRL1v1. Step: 2850000. Time Elapsed: 10691.600 s. Mean Reward: -1.215. Std of Reward: 10.400. Training. ELO: 149.359.
[INFO] BeesRL1v1. Step: 2855000. Time Elapsed: 10708.870 s. Mean Reward: -0.407. Std of Reward: 10.088. Training. ELO: 145.024.
[INFO] BeesRL1v1. Step: 2860000. Time Elapsed: 10720.071 s. Mean Reward: -3.839. Std of Reward: 9.471. Training. ELO: 141.817.
[INFO] BeesRL1v1. Step: 2865000. Time Elapsed: 10745.942 s. Mean Reward: 0.920. Std of Reward: 10.299. Training. ELO: 139.911.
[INFO] BeesRL1v1. Step: 2870000. Time Elapsed: 10760.789 s. Mean Reward: 0.173. Std of Reward: 10.305. Training. ELO: 142.116.
[INFO] BeesRL1v1. Step: 2875000. Time Elapsed: 10774.839 s. Mean Reward: -0.707. Std of Reward: 10.479. Training. ELO: 142.871.
[INFO] BeesRL1v1. Step: 2880000. Time Elapsed: 10799.848 s. Mean Reward: -4.093. Std of Reward: 9.535. Training. ELO: 139.097.
[INFO] BeesRL1v1. Step: 2885000. Time Elapsed: 10812.695 s. Mean Reward: -2.149. Std of Reward: 10.106. Training. ELO: 132.901.
[INFO] BeesRL1v1. Step: 2890000. Time Elapsed: 10826.564 s. Mean Reward: -1.327. Std of Reward: 9.827. Training. ELO: 132.645.
[INFO] BeesRL1v1. Step: 2895000. Time Elapsed: 10851.116 s. Mean Reward: 0.129. Std of Reward: 10.330. Training. ELO: 132.645.
[INFO] BeesRL1v1. Step: 2900000. Time Elapsed: 10864.195 s. Mean Reward: -4.991. Std of Reward: 8.839. Training. ELO: 132.645.
[INFO] BeesRL1v1. Step: 2905000. Time Elapsed: 10884.442 s. Mean Reward: 1.807. Std of Reward: 10.022. Training. ELO: 133.532.
[INFO] BeesRL1v1. Step: 2910000. Time Elapsed: 10902.302 s. Mean Reward: 0.276. Std of Reward: 10.056. Training. ELO: 135.631.
[INFO] BeesRL1v1. Step: 2915000. Time Elapsed: 10927.976 s. Mean Reward: -0.205. Std of Reward: 10.385. Training. ELO: 135.920.
[INFO] BeesRL1v1. Step: 2920000. Time Elapsed: 10942.336 s. Mean Reward: 0.939. Std of Reward: 10.171. Training. ELO: 136.713.
[INFO] BeesRL1v1. Step: 2925000. Time Elapsed: 10952.726 s. Mean Reward: -1.704. Std of Reward: 10.227. Training. ELO: 137.409.
[INFO] BeesRL1v1. Step: 2930000. Time Elapsed: 10979.687 s. Mean Reward: 0.970. Std of Reward: 10.126. Training. ELO: 136.098.
[INFO] BeesRL1v1. Step: 2935000. Time Elapsed: 10993.688 s. Mean Reward: 0.138. Std of Reward: 10.328. Training. ELO: 137.778.
[INFO] BeesRL1v1. Step: 2940000. Time Elapsed: 11005.453 s. Mean Reward: 0.382. Std of Reward: 10.229. Training. ELO: 139.092.
[INFO] BeesRL1v1. Step: 2945000. Time Elapsed: 11030.983 s. Mean Reward: 1.844. Std of Reward: 10.302. Training. ELO: 142.537.
[INFO] BeesRL1v1. Step: 2950000. Time Elapsed: 11045.841 s. Mean Reward: 1.793. Std of Reward: 10.153. Training. ELO: 146.270.
[INFO] BeesRL1v1. Step: 2955000. Time Elapsed: 11059.200 s. Mean Reward: -0.420. Std of Reward: 10.347. Training. ELO: 146.419.
[INFO] BeesRL1v1. Step: 2960000. Time Elapsed: 11071.481 s. Mean Reward: 2.364. Std of Reward: 10.228. Training. ELO: 147.823.
[INFO] BeesRL1v1. Step: 2965000. Time Elapsed: 11095.840 s. Mean Reward: 1.858. Std of Reward: 10.021. Training. ELO: 151.495.
[INFO] BeesRL1v1. Step: 2970000. Time Elapsed: 11114.035 s. Mean Reward: -3.704. Std of Reward: 9.695. Training. ELO: 150.764.
[INFO] BeesRL1v1. Step: 2975000. Time Elapsed: 11124.848 s. Mean Reward: -3.271. Std of Reward: 10.051. Training. ELO: 144.121.
[INFO] BeesRL1v1. Step: 2980000. Time Elapsed: 11148.746 s. Mean Reward: 2.532. Std of Reward: 10.155. Training. ELO: 144.357.
[INFO] BeesRL1v1. Step: 2985000. Time Elapsed: 11163.873 s. Mean Reward: -3.416. Std of Reward: 9.613. Training. ELO: 143.383.
[INFO] BeesRL1v1. Step: 2990000. Time Elapsed: 11175.585 s. Mean Reward: -0.134. Std of Reward: 10.202. Training. ELO: 140.397.
[INFO] BeesRL1v1. Step: 2995000. Time Elapsed: 11197.216 s. Mean Reward: -0.803. Std of Reward: 10.093. Training. ELO: 137.878.
[INFO] BeesRL1v1. Step: 3000000. Time Elapsed: 11214.662 s. Mean Reward: -0.518. Std of Reward: 10.255. Training. ELO: 139.042.
[INFO] Exported .results\bees-full-005\BeesRL1v1\BeesRL1v1-2999984.onnx
[INFO] BeesRL1v1. Step: 3005000. Time Elapsed: 11234.327 s. Mean Reward: -0.732. Std of Reward: 10.345. Training. ELO: 137.935.
[INFO] BeesRL1v1. Step: 3010000. Time Elapsed: 11262.275 s. Mean Reward: -1.937. Std of Reward: 10.131. Training. ELO: 137.638.
[INFO] BeesRL1v1. Step: 3015000. Time Elapsed: 11274.569 s. Mean Reward: -1.990. Std of Reward: 10.182. Training. ELO: 137.638.
[INFO] BeesRL1v1. Step: 3020000. Time Elapsed: 11290.838 s. Mean Reward: -2.712. Std of Reward: 9.582. Training. ELO: 137.638.
[INFO] BeesRL1v1. Step: 3025000. Time Elapsed: 11306.977 s. Mean Reward: -1.159. Std of Reward: 10.301. Training. ELO: 137.533.
[INFO] BeesRL1v1. Step: 3030000. Time Elapsed: 11329.360 s. Mean Reward: -2.003. Std of Reward: 10.300. Training. ELO: 135.631.
[INFO] BeesRL1v1. Step: 3035000. Time Elapsed: 11345.856 s. Mean Reward: -1.240. Std of Reward: 10.125. Training. ELO: 133.414.
[INFO] BeesRL1v1. Step: 3040000. Time Elapsed: 11357.786 s. Mean Reward: -2.481. Std of Reward: 9.930. Training. ELO: 128.208.
[INFO] BeesRL1v1. Step: 3045000. Time Elapsed: 11380.840 s. Mean Reward: 0.096. Std of Reward: 10.243. Training. ELO: 128.758.
[INFO] BeesRL1v1. Step: 3050000. Time Elapsed: 11394.532 s. Mean Reward: 0.318. Std of Reward: 10.338. Training. ELO: 128.089.
[INFO] BeesRL1v1. Step: 3055000. Time Elapsed: 11410.391 s. Mean Reward: -2.343. Std of Reward: 9.638. Training. ELO: 128.089.
[INFO] BeesRL1v1. Step: 3060000. Time Elapsed: 11433.150 s. Mean Reward: -1.466. Std of Reward: 10.379. Training. ELO: 128.089.
[INFO] BeesRL1v1. Step: 3065000. Time Elapsed: 11446.604 s. Mean Reward: -0.768. Std of Reward: 10.099. Training. ELO: 128.089.
[INFO] BeesRL1v1. Step: 3070000. Time Elapsed: 11464.830 s. Mean Reward: 0.329. Std of Reward: 10.356. Training. ELO: 128.089.
[INFO] BeesRL1v1. Step: 3075000. Time Elapsed: 11477.305 s. Mean Reward: -1.632. Std of Reward: 10.060. Training. ELO: 128.089.
[INFO] BeesRL1v1. Step: 3080000. Time Elapsed: 11499.368 s. Mean Reward: -1.923. Std of Reward: 10.055. Training. ELO: 128.089.
[INFO] BeesRL1v1. Step: 3085000. Time Elapsed: 11517.278 s. Mean Reward: -0.946. Std of Reward: 9.849. Training. ELO: 128.079.
[INFO] BeesRL1v1. Step: 3090000. Time Elapsed: 11528.536 s. Mean Reward: -1.841. Std of Reward: 10.195. Training. ELO: 126.072.
[INFO] BeesRL1v1. Step: 3095000. Time Elapsed: 11556.402 s. Mean Reward: -0.143. Std of Reward: 10.352. Training. ELO: 128.652.
[INFO] BeesRL1v1. Step: 3100000. Time Elapsed: 11568.415 s. Mean Reward: 1.254. Std of Reward: 10.238. Training. ELO: 129.737.
[INFO] BeesRL1v1. Step: 3105000. Time Elapsed: 11588.834 s. Mean Reward: -0.141. Std of Reward: 10.477. Training. ELO: 132.275.
[INFO] BeesRL1v1. Step: 3110000. Time Elapsed: 11618.236 s. Mean Reward: -2.311. Std of Reward: 10.205. Training. ELO: 133.007.
[INFO] BeesRL1v1. Step: 3115000. Time Elapsed: 11633.699 s. Mean Reward: -2.186. Std of Reward: 10.230. Training. ELO: 133.007.
[INFO] BeesRL1v1. Step: 3120000. Time Elapsed: 11649.424 s. Mean Reward: 0.570. Std of Reward: 10.454. Training. ELO: 133.007.
[INFO] BeesRL1v1. Step: 3125000. Time Elapsed: 11660.044 s. Mean Reward: -2.001. Std of Reward: 10.332. Training. ELO: 133.059.
[INFO] BeesRL1v1. Step: 3130000. Time Elapsed: 11685.868 s. Mean Reward: -1.977. Std of Reward: 10.174. Training. ELO: 132.023.
[INFO] BeesRL1v1. Step: 3135000. Time Elapsed: 11697.442 s. Mean Reward: -3.255. Std of Reward: 9.695. Training. ELO: 128.645.
[INFO] BeesRL1v1. Step: 3140000. Time Elapsed: 11710.063 s. Mean Reward: 3.096. Std of Reward: 9.843. Training. ELO: 129.645.
[INFO] BeesRL1v1. Step: 3145000. Time Elapsed: 11735.457 s. Mean Reward: -0.094. Std of Reward: 10.336. Training. ELO: 131.531.
[INFO] BeesRL1v1. Step: 3150000. Time Elapsed: 11749.582 s. Mean Reward: -2.058. Std of Reward: 10.158. Training. ELO: 131.948.
[INFO] BeesRL1v1. Step: 3155000. Time Elapsed: 11765.088 s. Mean Reward: -2.243. Std of Reward: 9.904. Training. ELO: 131.948.
[INFO] BeesRL1v1. Step: 3160000. Time Elapsed: 11783.034 s. Mean Reward: -2.838. Std of Reward: 10.126. Training. ELO: 131.948.
[INFO] BeesRL1v1. Step: 3165000. Time Elapsed: 11799.205 s. Mean Reward: 0.092. Std of Reward: 10.433. Training. ELO: 131.924.
[INFO] BeesRL1v1. Step: 3170000. Time Elapsed: 11816.638 s. Mean Reward: -0.286. Std of Reward: 10.210. Training. ELO: 131.499.
[INFO] BeesRL1v1. Step: 3175000. Time Elapsed: 11838.700 s. Mean Reward: -1.366. Std of Reward: 10.405. Training. ELO: 131.497.
[INFO] BeesRL1v1. Step: 3180000. Time Elapsed: 11853.495 s. Mean Reward: -0.568. Std of Reward: 10.209. Training. ELO: 128.948.
[INFO] BeesRL1v1. Step: 3185000. Time Elapsed: 11865.765 s. Mean Reward: 3.697. Std of Reward: 9.747. Training. ELO: 133.014.
[INFO] BeesRL1v1. Step: 3190000. Time Elapsed: 11881.043 s. Mean Reward: -0.707. Std of Reward: 10.441. Training. ELO: 135.766.
[INFO] BeesRL1v1. Step: 3195000. Time Elapsed: 11905.048 s. Mean Reward: -2.618. Std of Reward: 10.042. Training. ELO: 131.408.
[INFO] BeesRL1v1. Step: 3200000. Time Elapsed: 11920.195 s. Mean Reward: 3.078. Std of Reward: 9.511. Training. ELO: 134.665.
[INFO] BeesRL1v1. Step: 3205000. Time Elapsed: 11935.962 s. Mean Reward: -1.859. Std of Reward: 9.776. Training. ELO: 135.525.
[INFO] BeesRL1v1. Step: 3210000. Time Elapsed: 11965.871 s. Mean Reward: 1.272. Std of Reward: 10.266. Training. ELO: 133.238.
[INFO] BeesRL1v1. Step: 3215000. Time Elapsed: 11980.565 s. Mean Reward: 0.633. Std of Reward: 10.330. Training. ELO: 135.853.
[INFO] BeesRL1v1. Step: 3220000. Time Elapsed: 11995.999 s. Mean Reward: -1.994. Std of Reward: 10.201. Training. ELO: 133.057.
[INFO] BeesRL1v1. Step: 3225000. Time Elapsed: 12018.893 s. Mean Reward: -0.176. Std of Reward: 10.399. Training. ELO: 132.038.
[INFO] BeesRL1v1. Step: 3230000. Time Elapsed: 12032.316 s. Mean Reward: -3.300. Std of Reward: 9.955. Training. ELO: 129.035.
[INFO] BeesRL1v1. Step: 3235000. Time Elapsed: 12044.651 s. Mean Reward: 0.340. Std of Reward: 10.470. Training. ELO: 127.663.
[INFO] BeesRL1v1. Step: 3240000. Time Elapsed: 12058.710 s. Mean Reward: -3.914. Std of Reward: 9.477. Training. ELO: 125.333.
[INFO] BeesRL1v1. Step: 3245000. Time Elapsed: 12080.854 s. Mean Reward: 0.511. Std of Reward: 10.428. Training. ELO: 123.007.
[INFO] BeesRL1v1. Step: 3250000. Time Elapsed: 12096.888 s. Mean Reward: -0.276. Std of Reward: 9.812. Training. ELO: 121.637.
[INFO] Exported .results\bees-full-005\BeesRL1v1\BeesRL1v1-3249892.onnx
[INFO] BeesRL1v1. Step: 3255000. Time Elapsed: 12112.099 s. Mean Reward: 0.549. Std of Reward: 10.093. Training. ELO: 120.969.
[INFO] BeesRL1v1. Step: 3260000. Time Elapsed: 12134.667 s. Mean Reward: -0.426. Std of Reward: 10.062. Training. ELO: 122.369.
[INFO] BeesRL1v1. Step: 3265000. Time Elapsed: 12151.090 s. Mean Reward: 1.370. Std of Reward: 10.227. Training. ELO: 123.064.
[INFO] BeesRL1v1. Step: 3270000. Time Elapsed: 12165.063 s. Mean Reward: 0.139. Std of Reward: 10.468. Training. ELO: 124.918.
[INFO] BeesRL1v1. Step: 3275000. Time Elapsed: 12188.450 s. Mean Reward: -1.219. Std of Reward: 10.161. Training. ELO: 125.470.
[INFO] BeesRL1v1. Step: 3280000. Time Elapsed: 12201.258 s. Mean Reward: -0.862. Std of Reward: 10.302. Training. ELO: 123.785.
[INFO] BeesRL1v1. Step: 3285000. Time Elapsed: 12215.172 s. Mean Reward: -1.239. Std of Reward: 10.272. Training. ELO: 124.219.
[INFO] BeesRL1v1. Step: 3290000. Time Elapsed: 12230.850 s. Mean Reward: 4.427. Std of Reward: 8.905. Training. ELO: 128.556.
[INFO] BeesRL1v1. Step: 3295000. Time Elapsed: 12254.164 s. Mean Reward: -1.601. Std of Reward: 10.347. Training. ELO: 126.513.
[INFO] BeesRL1v1. Step: 3300000. Time Elapsed: 12265.170 s. Mean Reward: 0.580. Std of Reward: 10.370. Training. ELO: 126.851.
[INFO] BeesRL1v1. Step: 3305000. Time Elapsed: 12288.798 s. Mean Reward: -0.687. Std of Reward: 10.269. Training. ELO: 124.476.
[INFO] BeesRL1v1. Step: 3310000. Time Elapsed: 12316.694 s. Mean Reward: 0.458. Std of Reward: 10.374. Training. ELO: 125.235.
[INFO] BeesRL1v1. Step: 3315000. Time Elapsed: 12330.664 s. Mean Reward: 0.285. Std of Reward: 10.341. Training. ELO: 128.049.
[INFO] BeesRL1v1. Step: 3320000. Time Elapsed: 12345.352 s. Mean Reward: 0.454. Std of Reward: 10.146. Training. ELO: 126.276.
[INFO] BeesRL1v1. Step: 3325000. Time Elapsed: 12368.259 s. Mean Reward: 0.482. Std of Reward: 10.026. Training. ELO: 125.555.
[INFO] BeesRL1v1. Step: 3330000. Time Elapsed: 12380.859 s. Mean Reward: -1.134. Std of Reward: 10.028. Training. ELO: 124.176.
[INFO] BeesRL1v1. Step: 3335000. Time Elapsed: 12397.273 s. Mean Reward: 0.237. Std of Reward: 10.184. Training. ELO: 124.176.
[INFO] BeesRL1v1. Step: 3340000. Time Elapsed: 12421.269 s. Mean Reward: 1.240. Std of Reward: 10.162. Training. ELO: 124.176.
[INFO] BeesRL1v1. Step: 3345000. Time Elapsed: 12435.001 s. Mean Reward: -2.895. Std of Reward: 9.706. Training. ELO: 124.138.
[INFO] BeesRL1v1. Step: 3350000. Time Elapsed: 12447.927 s. Mean Reward: 0.515. Std of Reward: 10.407. Training. ELO: 126.329.
[INFO] BeesRL1v1. Step: 3355000. Time Elapsed: 12462.487 s. Mean Reward: -2.562. Std of Reward: 9.944. Training. ELO: 124.808.
[INFO] BeesRL1v1. Step: 3360000. Time Elapsed: 12486.838 s. Mean Reward: -1.089. Std of Reward: 10.294. Training. ELO: 120.572.
[INFO] BeesRL1v1. Step: 3365000. Time Elapsed: 12502.515 s. Mean Reward: -0.289. Std of Reward: 10.128. Training. ELO: 121.410.
[INFO] BeesRL1v1. Step: 3370000. Time Elapsed: 12516.459 s. Mean Reward: 1.535. Std of Reward: 9.999. Training. ELO: 121.493.
[INFO] BeesRL1v1. Step: 3375000. Time Elapsed: 12542.129 s. Mean Reward: 1.002. Std of Reward: 10.106. Training. ELO: 121.493.
[INFO] BeesRL1v1. Step: 3380000. Time Elapsed: 12555.995 s. Mean Reward: 1.513. Std of Reward: 10.107. Training. ELO: 121.493.
[INFO] BeesRL1v1. Step: 3385000. Time Elapsed: 12574.848 s. Mean Reward: 0.885. Std of Reward: 10.275. Training. ELO: 121.479.
[INFO] BeesRL1v1. Step: 3390000. Time Elapsed: 12598.858 s. Mean Reward: -0.119. Std of Reward: 10.332. Training. ELO: 121.990.
[INFO] BeesRL1v1. Step: 3395000. Time Elapsed: 12613.348 s. Mean Reward: -0.952. Std of Reward: 10.173. Training. ELO: 121.514.
[INFO] BeesRL1v1. Step: 3400000. Time Elapsed: 12631.941 s. Mean Reward: 1.209. Std of Reward: 10.266. Training. ELO: 120.939.
[INFO] BeesRL1v1. Step: 3405000. Time Elapsed: 12650.979 s. Mean Reward: -1.992. Std of Reward: 10.230. Training. ELO: 122.947.
[INFO] BeesRL1v1. Step: 3410000. Time Elapsed: 12680.902 s. Mean Reward: -2.419. Std of Reward: 9.839. Training. ELO: 115.532.
[INFO] BeesRL1v1. Step: 3415000. Time Elapsed: 12697.165 s. Mean Reward: -1.116. Std of Reward: 10.171. Training. ELO: 109.508.
[INFO] BeesRL1v1. Step: 3420000. Time Elapsed: 12718.198 s. Mean Reward: 1.648. Std of Reward: 10.187. Training. ELO: 113.168.
[INFO] BeesRL1v1. Step: 3425000. Time Elapsed: 12740.961 s. Mean Reward: -2.025. Std of Reward: 10.038. Training. ELO: 115.452.
[INFO] BeesRL1v1. Step: 3430000. Time Elapsed: 12753.283 s. Mean Reward: -1.422. Std of Reward: 10.245. Training. ELO: 113.226.
[INFO] BeesRL1v1. Step: 3435000. Time Elapsed: 12767.342 s. Mean Reward: -1.039. Std of Reward: 9.999. Training. ELO: 111.798.
[INFO] BeesRL1v1. Step: 3440000. Time Elapsed: 12795.600 s. Mean Reward: 0.526. Std of Reward: 10.412. Training. ELO: 110.562.
[INFO] BeesRL1v1. Step: 3445000. Time Elapsed: 12808.792 s. Mean Reward: -1.774. Std of Reward: 10.104. Training. ELO: 113.386.
[INFO] BeesRL1v1. Step: 3450000. Time Elapsed: 12825.892 s. Mean Reward: 0.291. Std of Reward: 10.332. Training. ELO: 112.682.
[INFO] BeesRL1v1. Step: 3455000. Time Elapsed: 12843.145 s. Mean Reward: -1.236. Std of Reward: 10.258. Training. ELO: 113.722.
[INFO] BeesRL1v1. Step: 3460000. Time Elapsed: 12870.600 s. Mean Reward: 1.141. Std of Reward: 10.177. Training. ELO: 115.722.
[INFO] BeesRL1v1. Step: 3465000. Time Elapsed: 12881.783 s. Mean Reward: -3.008. Std of Reward: 9.931. Training. ELO: 112.395.
[INFO] BeesRL1v1. Step: 3470000. Time Elapsed: 12897.316 s. Mean Reward: -2.823. Std of Reward: 9.300. Training. ELO: 106.132.
[INFO] BeesRL1v1. Step: 3475000. Time Elapsed: 12922.960 s. Mean Reward: 2.094. Std of Reward: 9.704. Training. ELO: 105.443.
[INFO] BeesRL1v1. Step: 3480000. Time Elapsed: 12937.140 s. Mean Reward: -0.462. Std of Reward: 10.160. Training. ELO: 105.610.
[INFO] BeesRL1v1. Step: 3485000. Time Elapsed: 12954.879 s. Mean Reward: 1.983. Std of Reward: 10.029. Training. ELO: 111.527.
[INFO] BeesRL1v1. Step: 3490000. Time Elapsed: 12977.220 s. Mean Reward: -0.134. Std of Reward: 10.363. Training. ELO: 110.966.
[INFO] BeesRL1v1. Step: 3495000. Time Elapsed: 12993.524 s. Mean Reward: -1.135. Std of Reward: 10.210. Training. ELO: 111.011.
[INFO] BeesRL1v1. Step: 3500000. Time Elapsed: 13008.473 s. Mean Reward: -0.314. Std of Reward: 9.872. Training. ELO: 108.598.
[INFO] Exported .results\bees-full-005\BeesRL1v1\BeesRL1v1-3499997.onnx
[INFO] BeesRL1v1. Step: 3505000. Time Elapsed: 13038.868 s. Mean Reward: -2.179. Std of Reward: 9.894. Training. ELO: 104.509.
[INFO] BeesRL1v1. Step: 3510000. Time Elapsed: 13055.126 s. Mean Reward: -0.802. Std of Reward: 9.966. Training. ELO: 102.208.
[INFO] BeesRL1v1. Step: 3515000. Time Elapsed: 13072.796 s. Mean Reward: 0.211. Std of Reward: 10.132. Training. ELO: 102.208.
[INFO] BeesRL1v1. Step: 3520000. Time Elapsed: 13088.261 s. Mean Reward: 0.287. Std of Reward: 10.239. Training. ELO: 102.208.
[INFO] BeesRL1v1. Step: 3525000. Time Elapsed: 13112.286 s. Mean Reward: -0.102. Std of Reward: 10.202. Training. ELO: 102.278.
[INFO] BeesRL1v1. Step: 3530000. Time Elapsed: 13127.078 s. Mean Reward: 1.514. Std of Reward: 10.122. Training. ELO: 104.612.
[INFO] BeesRL1v1. Step: 3535000. Time Elapsed: 13141.661 s. Mean Reward: 0.284. Std of Reward: 10.321. Training. ELO: 109.808.
[INFO] BeesRL1v1. Step: 3540000. Time Elapsed: 13167.356 s. Mean Reward: 0.074. Std of Reward: 10.014. Training. ELO: 109.158.
[INFO] BeesRL1v1. Step: 3545000. Time Elapsed: 13185.909 s. Mean Reward: 0.414. Std of Reward: 9.905. Training. ELO: 108.214.
[INFO] BeesRL1v1. Step: 3550000. Time Elapsed: 13199.940 s. Mean Reward: -2.379. Std of Reward: 9.470. Training. ELO: 103.962.
[INFO] BeesRL1v1. Step: 3555000. Time Elapsed: 13224.390 s. Mean Reward: 0.538. Std of Reward: 10.208. Training. ELO: 103.570.
[INFO] BeesRL1v1. Step: 3560000. Time Elapsed: 13241.475 s. Mean Reward: -1.897. Std of Reward: 9.909. Training. ELO: 99.044.
[INFO] BeesRL1v1. Step: 3565000. Time Elapsed: 13252.676 s. Mean Reward: -2.634. Std of Reward: 9.823. Training. ELO: 95.683.
[INFO] BeesRL1v1. Step: 3570000. Time Elapsed: 13268.317 s. Mean Reward: 0.267. Std of Reward: 10.257. Training. ELO: 96.525.
[INFO] BeesRL1v1. Step: 3575000. Time Elapsed: 13294.200 s. Mean Reward: 0.112. Std of Reward: 10.110. Training. ELO: 99.447.
[INFO] BeesRL1v1. Step: 3580000. Time Elapsed: 13306.098 s. Mean Reward: -2.150. Std of Reward: 9.899. Training. ELO: 100.159.
[INFO] BeesRL1v1. Step: 3585000. Time Elapsed: 13320.996 s. Mean Reward: -2.098. Std of Reward: 10.020. Training. ELO: 97.011.
[INFO] BeesRL1v1. Step: 3590000. Time Elapsed: 13343.975 s. Mean Reward: 0.947. Std of Reward: 10.283. Training. ELO: 96.365.
[INFO] BeesRL1v1. Step: 3595000. Time Elapsed: 13358.441 s. Mean Reward: -1.732. Std of Reward: 10.239. Training. ELO: 98.535.
[INFO] BeesRL1v1. Step: 3600000. Time Elapsed: 13371.611 s. Mean Reward: -0.316. Std of Reward: 10.348. Training. ELO: 99.571.
[INFO] BeesRL1v1. Step: 3605000. Time Elapsed: 13398.391 s. Mean Reward: 0.383. Std of Reward: 10.015. Training. ELO: 100.166.
[INFO] BeesRL1v1. Step: 3610000. Time Elapsed: 13415.261 s. Mean Reward: 0.837. Std of Reward: 10.258. Training. ELO: 98.416.
[INFO] BeesRL1v1. Step: 3615000. Time Elapsed: 13431.667 s. Mean Reward: 1.527. Std of Reward: 10.220. Training. ELO: 98.416.
[INFO] BeesRL1v1. Step: 3620000. Time Elapsed: 13456.133 s. Mean Reward: -0.088. Std of Reward: 10.238. Training. ELO: 98.416.
[INFO] BeesRL1v1. Step: 3625000. Time Elapsed: 13468.460 s. Mean Reward: 0.536. Std of Reward: 10.219. Training. ELO: 98.428.
[INFO] BeesRL1v1. Step: 3630000. Time Elapsed: 13482.186 s. Mean Reward: 0.745. Std of Reward: 10.191. Training. ELO: 99.113.
[INFO] BeesRL1v1. Step: 3635000. Time Elapsed: 13497.123 s. Mean Reward: -0.269. Std of Reward: 10.233. Training. ELO: 101.730.
[INFO] BeesRL1v1. Step: 3640000. Time Elapsed: 13520.220 s. Mean Reward: 0.583. Std of Reward: 10.202. Training. ELO: 98.970.
[INFO] BeesRL1v1. Step: 3645000. Time Elapsed: 13537.423 s. Mean Reward: 0.257. Std of Reward: 10.337. Training. ELO: 97.275.
[INFO] BeesRL1v1. Step: 3650000. Time Elapsed: 13553.597 s. Mean Reward: -2.076. Std of Reward: 9.917. Training. ELO: 98.733.
[INFO] BeesRL1v1. Step: 3655000. Time Elapsed: 13579.088 s. Mean Reward: -0.364. Std of Reward: 10.358. Training. ELO: 94.702.
[INFO] BeesRL1v1. Step: 3660000. Time Elapsed: 13591.154 s. Mean Reward: 1.843. Std of Reward: 10.168. Training. ELO: 100.301.
[INFO] BeesRL1v1. Step: 3665000. Time Elapsed: 13607.204 s. Mean Reward: -1.018. Std of Reward: 10.293. Training. ELO: 101.752.
[INFO] BeesRL1v1. Step: 3670000. Time Elapsed: 13631.481 s. Mean Reward: 0.294. Std of Reward: 10.335. Training. ELO: 102.426.
[INFO] BeesRL1v1. Step: 3675000. Time Elapsed: 13644.909 s. Mean Reward: -1.871. Std of Reward: 9.888. Training. ELO: 98.708.
[INFO] BeesRL1v1. Step: 3680000. Time Elapsed: 13659.028 s. Mean Reward: -1.537. Std of Reward: 9.589. Training. ELO: 91.623.
[INFO] BeesRL1v1. Step: 3685000. Time Elapsed: 13673.963 s. Mean Reward: 2.751. Std of Reward: 9.641. Training. ELO: 92.307.
[INFO] BeesRL1v1. Step: 3690000. Time Elapsed: 13696.875 s. Mean Reward: -1.763. Std of Reward: 10.005. Training. ELO: 95.148.
[INFO] BeesRL1v1. Step: 3695000. Time Elapsed: 13711.600 s. Mean Reward: -0.445. Std of Reward: 10.431. Training. ELO: 95.148.
[INFO] BeesRL1v1. Step: 3700000. Time Elapsed: 13725.473 s. Mean Reward: -1.167. Std of Reward: 10.172. Training. ELO: 95.148.
[INFO] BeesRL1v1. Step: 3705000. Time Elapsed: 13752.532 s. Mean Reward: -0.232. Std of Reward: 10.062. Training. ELO: 95.389.
[INFO] BeesRL1v1. Step: 3710000. Time Elapsed: 13768.253 s. Mean Reward: 0.832. Std of Reward: 9.921. Training. ELO: 96.845.
[INFO] BeesRL1v1. Step: 3715000. Time Elapsed: 13783.359 s. Mean Reward: -2.135. Std of Reward: 10.135. Training. ELO: 95.364.
[INFO] BeesRL1v1. Step: 3720000. Time Elapsed: 13806.361 s. Mean Reward: 0.478. Std of Reward: 9.934. Training. ELO: 94.266.
[INFO] BeesRL1v1. Step: 3725000. Time Elapsed: 13818.311 s. Mean Reward: 2.090. Std of Reward: 9.739. Training. ELO: 99.738.
[INFO] BeesRL1v1. Step: 3730000. Time Elapsed: 13833.496 s. Mean Reward: 0.405. Std of Reward: 10.266. Training. ELO: 102.483.
[INFO] BeesRL1v1. Step: 3735000. Time Elapsed: 13850.751 s. Mean Reward: -0.281. Std of Reward: 10.338. Training. ELO: 103.039.
[INFO] BeesRL1v1. Step: 3740000. Time Elapsed: 13873.087 s. Mean Reward: 0.324. Std of Reward: 9.876. Training. ELO: 102.633.
[INFO] BeesRL1v1. Step: 3745000. Time Elapsed: 13885.903 s. Mean Reward: 1.444. Std of Reward: 10.119. Training. ELO: 105.799.
[INFO] BeesRL1v1. Step: 3750000. Time Elapsed: 13897.628 s. Mean Reward: 0.732. Std of Reward: 10.202. Training. ELO: 110.080.
[INFO] Exported .results\bees-full-005\BeesRL1v1\BeesRL1v1-3749980.onnx
[INFO] BeesRL1v1. Step: 3755000. Time Elapsed: 13922.548 s. Mean Reward: -2.868. Std of Reward: 9.679. Training. ELO: 108.225.
[INFO] BeesRL1v1. Step: 3760000. Time Elapsed: 13937.024 s. Mean Reward: 0.091. Std of Reward: 10.247. Training. ELO: 107.732.
[INFO] BeesRL1v1. Step: 3765000. Time Elapsed: 13951.893 s. Mean Reward: 0.080. Std of Reward: 10.177. Training. ELO: 109.731.
[INFO] BeesRL1v1. Step: 3770000. Time Elapsed: 13973.688 s. Mean Reward: -0.537. Std of Reward: 10.436. Training. ELO: 109.140.
[INFO] BeesRL1v1. Step: 3775000. Time Elapsed: 13987.437 s. Mean Reward: 1.029. Std of Reward: 9.990. Training. ELO: 111.918.
[INFO] BeesRL1v1. Step: 3780000. Time Elapsed: 14001.832 s. Mean Reward: 1.424. Std of Reward: 10.068. Training. ELO: 112.682.
[INFO] BeesRL1v1. Step: 3785000. Time Elapsed: 14025.960 s. Mean Reward: 0.281. Std of Reward: 10.327. Training. ELO: 114.823.
[INFO] BeesRL1v1. Step: 3790000. Time Elapsed: 14038.983 s. Mean Reward: -1.239. Std of Reward: 10.023. Training. ELO: 113.078.
[INFO] BeesRL1v1. Step: 3795000. Time Elapsed: 14051.973 s. Mean Reward: 2.101. Std of Reward: 9.898. Training. ELO: 114.527.
[INFO] BeesRL1v1. Step: 3800000. Time Elapsed: 14065.806 s. Mean Reward: 1.939. Std of Reward: 10.055. Training. ELO: 116.593.
[INFO] BeesRL1v1. Step: 3805000. Time Elapsed: 14092.940 s. Mean Reward: -2.168. Std of Reward: 9.907. Training. ELO: 115.055.
[INFO] BeesRL1v1. Step: 3810000. Time Elapsed: 14110.342 s. Mean Reward: -0.086. Std of Reward: 10.144. Training. ELO: 107.998.
[INFO] BeesRL1v1. Step: 3815000. Time Elapsed: 14123.503 s. Mean Reward: 2.564. Std of Reward: 9.907. Training. ELO: 111.208.
[INFO] BeesRL1v1. Step: 3820000. Time Elapsed: 14147.246 s. Mean Reward: -1.962. Std of Reward: 9.908. Training. ELO: 106.412.
[INFO] BeesRL1v1. Step: 3825000. Time Elapsed: 14162.629 s. Mean Reward: 2.796. Std of Reward: 9.832. Training. ELO: 107.241.
[INFO] BeesRL1v1. Step: 3830000. Time Elapsed: 14178.361 s. Mean Reward: 0.516. Std of Reward: 10.430. Training. ELO: 114.417.
[INFO] BeesRL1v1. Step: 3835000. Time Elapsed: 14199.006 s. Mean Reward: 2.108. Std of Reward: 10.109. Training. ELO: 114.397.
[INFO] BeesRL1v1. Step: 3840000. Time Elapsed: 14211.554 s. Mean Reward: 0.589. Std of Reward: 10.164. Training. ELO: 116.914.
[INFO] BeesRL1v1. Step: 3845000. Time Elapsed: 14227.473 s. Mean Reward: 0.817. Std of Reward: 10.113. Training. ELO: 116.994.
[INFO] BeesRL1v1. Step: 3850000. Time Elapsed: 14242.299 s. Mean Reward: 1.733. Std of Reward: 10.090. Training. ELO: 117.978.
[INFO] BeesRL1v1. Step: 3855000. Time Elapsed: 14263.617 s. Mean Reward: -1.870. Std of Reward: 9.877. Training. ELO: 116.441.
[INFO] BeesRL1v1. Step: 3860000. Time Elapsed: 14278.217 s. Mean Reward: -0.081. Std of Reward: 10.335. Training. ELO: 113.272.
[INFO] BeesRL1v1. Step: 3865000. Time Elapsed: 14293.321 s. Mean Reward: -0.762. Std of Reward: 10.243. Training. ELO: 110.885.
[INFO] BeesRL1v1. Step: 3870000. Time Elapsed: 14318.673 s. Mean Reward: -1.840. Std of Reward: 10.208. Training. ELO: 108.073.
[INFO] BeesRL1v1. Step: 3875000. Time Elapsed: 14331.738 s. Mean Reward: 0.485. Std of Reward: 10.313. Training. ELO: 107.613.
[INFO] BeesRL1v1. Step: 3880000. Time Elapsed: 14343.714 s. Mean Reward: 2.364. Std of Reward: 9.755. Training. ELO: 107.475.
[INFO] BeesRL1v1. Step: 3885000. Time Elapsed: 14369.707 s. Mean Reward: -0.472. Std of Reward: 10.113. Training. ELO: 108.875.
[INFO] BeesRL1v1. Step: 3890000. Time Elapsed: 14381.574 s. Mean Reward: -1.449. Std of Reward: 10.054. Training. ELO: 106.906.
[INFO] BeesRL1v1. Step: 3895000. Time Elapsed: 14393.646 s. Mean Reward: -0.280. Std of Reward: 10.111. Training. ELO: 105.006.
[INFO] BeesRL1v1. Step: 3900000. Time Elapsed: 14420.627 s. Mean Reward: 0.227. Std of Reward: 10.193. Training. ELO: 104.166.
[INFO] BeesRL1v1. Step: 3905000. Time Elapsed: 14437.398 s. Mean Reward: -0.255. Std of Reward: 10.292. Training. ELO: 106.832.
[INFO] BeesRL1v1. Step: 3910000. Time Elapsed: 14455.595 s. Mean Reward: -3.323. Std of Reward: 9.687. Training. ELO: 98.983.
[INFO] BeesRL1v1. Step: 3915000. Time Elapsed: 14468.599 s. Mean Reward: 0.934. Std of Reward: 9.946. Training. ELO: 94.003.
[INFO] BeesRL1v1. Step: 3920000. Time Elapsed: 14493.731 s. Mean Reward: -0.569. Std of Reward: 9.930. Training. ELO: 92.871.
[INFO] BeesRL1v1. Step: 3925000. Time Elapsed: 14507.090 s. Mean Reward: -0.997. Std of Reward: 10.011. Training. ELO: 91.045.
[INFO] BeesRL1v1. Step: 3930000. Time Elapsed: 14522.269 s. Mean Reward: -0.457. Std of Reward: 9.962. Training. ELO: 90.244.
[INFO] BeesRL1v1. Step: 3935000. Time Elapsed: 14542.652 s. Mean Reward: 0.569. Std of Reward: 10.424. Training. ELO: 91.278.
[INFO] BeesRL1v1. Step: 3940000. Time Elapsed: 14559.769 s. Mean Reward: -0.087. Std of Reward: 9.992. Training. ELO: 91.700.
[INFO] BeesRL1v1. Step: 3945000. Time Elapsed: 14572.498 s. Mean Reward: -0.962. Std of Reward: 10.316. Training. ELO: 92.748.
[INFO] BeesRL1v1. Step: 3950000. Time Elapsed: 14593.909 s. Mean Reward: -1.654. Std of Reward: 10.097. Training. ELO: 85.988.
[INFO] BeesRL1v1. Step: 3955000. Time Elapsed: 14608.943 s. Mean Reward: -0.966. Std of Reward: 10.025. Training. ELO: 84.524.
[INFO] BeesRL1v1. Step: 3960000. Time Elapsed: 14622.674 s. Mean Reward: -2.974. Std of Reward: 9.459. Training. ELO: 79.879.
[INFO] BeesRL1v1. Step: 3965000. Time Elapsed: 14638.058 s. Mean Reward: 1.046. Std of Reward: 9.791. Training. ELO: 77.039.
[INFO] BeesRL1v1. Step: 3970000. Time Elapsed: 14660.966 s. Mean Reward: -0.695. Std of Reward: 9.985. Training. ELO: 78.185.
[INFO] BeesRL1v1. Step: 3975000. Time Elapsed: 14674.150 s. Mean Reward: -1.937. Std of Reward: 10.280. Training. ELO: 78.185.
[INFO] BeesRL1v1. Step: 3980000. Time Elapsed: 14686.780 s. Mean Reward: 3.264. Std of Reward: 9.473. Training. ELO: 78.185.
[INFO] BeesRL1v1. Step: 3985000. Time Elapsed: 14713.304 s. Mean Reward: -0.744. Std of Reward: 10.329. Training. ELO: 78.139.
[INFO] BeesRL1v1. Step: 3990000. Time Elapsed: 14725.344 s. Mean Reward: -0.568. Std of Reward: 10.184. Training. ELO: 75.967.
[INFO] BeesRL1v1. Step: 3995000. Time Elapsed: 14738.622 s. Mean Reward: -0.094. Std of Reward: 10.221. Training. ELO: 77.729.
[INFO] BeesRL1v1. Step: 4000000. Time Elapsed: 14763.290 s. Mean Reward: 0.104. Std of Reward: 9.921. Training. ELO: 74.333.
[INFO] Exported .results\bees-full-005\BeesRL1v1\BeesRL1v1-3999937.onnx
[INFO] BeesRL1v1. Step: 4005000. Time Elapsed: 14775.770 s. Mean Reward: -0.301. Std of Reward: 10.236. Training. ELO: 75.594.
[INFO] BeesRL1v1. Step: 4010000. Time Elapsed: 14796.748 s. Mean Reward: -0.991. Std of Reward: 10.271. Training. ELO: 74.157.
[INFO] BeesRL1v1. Step: 4015000. Time Elapsed: 14814.284 s. Mean Reward: 0.460. Std of Reward: 10.234. Training. ELO: 74.157.
[INFO] BeesRL1v1. Step: 4020000. Time Elapsed: 14835.468 s. Mean Reward: -1.763. Std of Reward: 10.189. Training. ELO: 74.157.
[INFO] BeesRL1v1. Step: 4025000. Time Elapsed: 14848.835 s. Mean Reward: -1.774. Std of Reward: 10.019. Training. ELO: 74.157.
[INFO] BeesRL1v1. Step: 4030000. Time Elapsed: 14863.795 s. Mean Reward: -0.834. Std of Reward: 10.020. Training. ELO: 73.948.
[INFO] BeesRL1v1. Step: 4035000. Time Elapsed: 14885.520 s. Mean Reward: 0.691. Std of Reward: 10.201. Training. ELO: 74.744.
[INFO] BeesRL1v1. Step: 4040000. Time Elapsed: 14898.260 s. Mean Reward: 2.094. Std of Reward: 9.946. Training. ELO: 78.274.
[INFO] BeesRL1v1. Step: 4045000. Time Elapsed: 14913.681 s. Mean Reward: -2.326. Std of Reward: 9.804. Training. ELO: 79.203.
[INFO] BeesRL1v1. Step: 4050000. Time Elapsed: 14938.036 s. Mean Reward: -1.006. Std of Reward: 10.017. Training. ELO: 76.643.
[INFO] BeesRL1v1. Step: 4055000. Time Elapsed: 14951.343 s. Mean Reward: -1.150. Std of Reward: 10.112. Training. ELO: 76.652.
[INFO] BeesRL1v1. Step: 4060000. Time Elapsed: 14965.317 s. Mean Reward: -0.278. Std of Reward: 10.349. Training. ELO: 76.652.
[INFO] BeesRL1v1. Step: 4065000. Time Elapsed: 14989.088 s. Mean Reward: -0.099. Std of Reward: 9.993. Training. ELO: 76.652.
[INFO] BeesRL1v1. Step: 4070000. Time Elapsed: 15002.818 s. Mean Reward: 0.649. Std of Reward: 9.731. Training. ELO: 77.148.
[INFO] BeesRL1v1. Step: 4075000. Time Elapsed: 15016.414 s. Mean Reward: 1.404. Std of Reward: 10.136. Training. ELO: 80.335.
[INFO] BeesRL1v1. Step: 4080000. Time Elapsed: 15031.855 s. Mean Reward: 1.852. Std of Reward: 9.888. Training. ELO: 83.359.
[INFO] BeesRL1v1. Step: 4085000. Time Elapsed: 15053.766 s. Mean Reward: 0.655. Std of Reward: 10.228. Training. ELO: 87.544.
[INFO] BeesRL1v1. Step: 4090000. Time Elapsed: 15068.990 s. Mean Reward: -0.278. Std of Reward: 9.875. Training. ELO: 87.901.
[INFO] BeesRL1v1. Step: 4095000. Time Elapsed: 15083.788 s. Mean Reward: 0.900. Std of Reward: 10.316. Training. ELO: 90.823.
[INFO] BeesRL1v1. Step: 4100000. Time Elapsed: 15105.527 s. Mean Reward: -1.184. Std of Reward: 10.282. Training. ELO: 92.712.
[INFO] BeesRL1v1. Step: 4105000. Time Elapsed: 15119.199 s. Mean Reward: -2.068. Std of Reward: 9.965. Training. ELO: 88.000.
[INFO] BeesRL1v1. Step: 4110000. Time Elapsed: 15141.345 s. Mean Reward: 0.140. Std of Reward: 10.086. Training. ELO: 87.326.
[INFO] BeesRL1v1. Step: 4115000. Time Elapsed: 15164.805 s. Mean Reward: -0.654. Std of Reward: 10.028. Training. ELO: 82.131.
[INFO] BeesRL1v1. Step: 4120000. Time Elapsed: 15179.842 s. Mean Reward: 0.697. Std of Reward: 10.178. Training. ELO: 83.359.
[INFO] BeesRL1v1. Step: 4125000. Time Elapsed: 15193.206 s. Mean Reward: -1.672. Std of Reward: 10.015. Training. ELO: 81.065.
[INFO] BeesRL1v1. Step: 4130000. Time Elapsed: 15206.337 s. Mean Reward: 0.877. Std of Reward: 10.096. Training. ELO: 80.468.
[INFO] BeesRL1v1. Step: 4135000. Time Elapsed: 15230.097 s. Mean Reward: 0.442. Std of Reward: 10.063. Training. ELO: 82.773.
[INFO] BeesRL1v1. Step: 4140000. Time Elapsed: 15243.546 s. Mean Reward: -0.423. Std of Reward: 10.161. Training. ELO: 84.652.
[INFO] BeesRL1v1. Step: 4145000. Time Elapsed: 15257.545 s. Mean Reward: 0.934. Std of Reward: 9.948. Training. ELO: 83.939.
[INFO] BeesRL1v1. Step: 4150000. Time Elapsed: 15281.648 s. Mean Reward: -0.875. Std of Reward: 9.996. Training. ELO: 85.150.
[INFO] BeesRL1v1. Step: 4155000. Time Elapsed: 15294.919 s. Mean Reward: -0.097. Std of Reward: 10.356. Training. ELO: 85.144.
[INFO] BeesRL1v1. Step: 4160000. Time Elapsed: 15310.331 s. Mean Reward: -1.169. Std of Reward: 9.891. Training. ELO: 85.144.
[INFO] BeesRL1v1. Step: 4165000. Time Elapsed: 15331.779 s. Mean Reward: -0.635. Std of Reward: 10.324. Training. ELO: 85.144.
[INFO] BeesRL1v1. Step: 4170000. Time Elapsed: 15345.716 s. Mean Reward: -0.099. Std of Reward: 10.101. Training. ELO: 85.144.
[INFO] BeesRL1v1. Step: 4175000. Time Elapsed: 15361.644 s. Mean Reward: 0.645. Std of Reward: 10.231. Training. ELO: 85.144.
[INFO] BeesRL1v1. Step: 4180000. Time Elapsed: 15383.230 s. Mean Reward: -3.162. Std of Reward: 9.766. Training. ELO: 85.144.
[INFO] BeesRL1v1. Step: 4185000. Time Elapsed: 15398.471 s. Mean Reward: 1.647. Std of Reward: 9.748. Training. ELO: 85.144.
[INFO] BeesRL1v1. Step: 4190000. Time Elapsed: 15411.650 s. Mean Reward: 2.105. Std of Reward: 9.917. Training. ELO: 88.067.
[INFO] BeesRL1v1. Step: 4195000. Time Elapsed: 15425.295 s. Mean Reward: -0.414. Std of Reward: 10.270. Training. ELO: 91.595.
[INFO] BeesRL1v1. Step: 4200000. Time Elapsed: 15448.554 s. Mean Reward: -0.078. Std of Reward: 10.179. Training. ELO: 89.178.
[INFO] BeesRL1v1. Step: 4205000. Time Elapsed: 15463.590 s. Mean Reward: 0.477. Std of Reward: 10.128. Training. ELO: 90.947.
[INFO] BeesRL1v1. Step: 4210000. Time Elapsed: 15487.697 s. Mean Reward: -0.095. Std of Reward: 10.165. Training. ELO: 90.726.
[INFO] BeesRL1v1. Step: 4215000. Time Elapsed: 15509.900 s. Mean Reward: -0.866. Std of Reward: 10.212. Training. ELO: 89.658.
[INFO] BeesRL1v1. Step: 4220000. Time Elapsed: 15523.016 s. Mean Reward: -1.323. Std of Reward: 9.811. Training. ELO: 84.623.
[INFO] BeesRL1v1. Step: 4225000. Time Elapsed: 15534.930 s. Mean Reward: 0.614. Std of Reward: 9.960. Training. ELO: 86.387.
[INFO] BeesRL1v1. Step: 4230000. Time Elapsed: 15559.608 s. Mean Reward: 0.544. Std of Reward: 9.849. Training. ELO: 84.844.
[INFO] BeesRL1v1. Step: 4235000. Time Elapsed: 15573.529 s. Mean Reward: 0.368. Std of Reward: 10.425. Training. ELO: 84.847.
[INFO] BeesRL1v1. Step: 4240000. Time Elapsed: 15587.409 s. Mean Reward: -1.327. Std of Reward: 10.126. Training. ELO: 84.847.
[INFO] BeesRL1v1. Step: 4245000. Time Elapsed: 15600.778 s. Mean Reward: -0.954. Std of Reward: 10.310. Training. ELO: 84.847.
[INFO] BeesRL1v1. Step: 4250000. Time Elapsed: 15625.281 s. Mean Reward: 0.801. Std of Reward: 9.863. Training. ELO: 85.865.
[INFO] Exported .results\bees-full-005\BeesRL1v1\BeesRL1v1-4249943.onnx
[INFO] BeesRL1v1. Step: 4255000. Time Elapsed: 15639.493 s. Mean Reward: -1.711. Std of Reward: 9.792. Training. ELO: 79.633.
[INFO] BeesRL1v1. Step: 4260000. Time Elapsed: 15653.089 s. Mean Reward: 2.422. Std of Reward: 10.029. Training. ELO: 81.448.
[INFO] BeesRL1v1. Step: 4265000. Time Elapsed: 15675.621 s. Mean Reward: 1.114. Std of Reward: 10.010. Training. ELO: 87.660.
[INFO] BeesRL1v1. Step: 4270000. Time Elapsed: 15689.343 s. Mean Reward: -0.076. Std of Reward: 10.094. Training. ELO: 86.184.
[INFO] BeesRL1v1. Step: 4275000. Time Elapsed: 15704.937 s. Mean Reward: 0.440. Std of Reward: 10.244. Training. ELO: 89.099.
[INFO] BeesRL1v1. Step: 4280000. Time Elapsed: 15730.423 s. Mean Reward: 1.394. Std of Reward: 10.148. Training. ELO: 90.551.
[INFO] BeesRL1v1. Step: 4285000. Time Elapsed: 15740.792 s. Mean Reward: -1.154. Std of Reward: 9.943. Training. ELO: 93.251.
[INFO] BeesRL1v1. Step: 4290000. Time Elapsed: 15757.589 s. Mean Reward: 1.412. Std of Reward: 10.170. Training. ELO: 91.734.
[INFO] BeesRL1v1. Step: 4295000. Time Elapsed: 15781.113 s. Mean Reward: 1.077. Std of Reward: 10.361. Training. ELO: 95.037.
[INFO] BeesRL1v1. Step: 4300000. Time Elapsed: 15792.973 s. Mean Reward: -1.010. Std of Reward: 9.904. Training. ELO: 90.143.
[INFO] BeesRL1v1. Step: 4305000. Time Elapsed: 15808.979 s. Mean Reward: -1.607. Std of Reward: 9.611. Training. ELO: 81.810.
[INFO] BeesRL1v1. Step: 4310000. Time Elapsed: 15830.323 s. Mean Reward: -0.086. Std of Reward: 10.141. Training. ELO: 76.670.
[INFO] BeesRL1v1. Step: 4315000. Time Elapsed: 15853.688 s. Mean Reward: 0.077. Std of Reward: 9.927. Training. ELO: 76.666.
[INFO] BeesRL1v1. Step: 4320000. Time Elapsed: 15867.115 s. Mean Reward: 0.069. Std of Reward: 10.199. Training. ELO: 76.666.
[INFO] BeesRL1v1. Step: 4325000. Time Elapsed: 15879.510 s. Mean Reward: 2.872. Std of Reward: 9.329. Training. ELO: 76.666.
[INFO] BeesRL1v1. Step: 4330000. Time Elapsed: 15904.395 s. Mean Reward: 0.252. Std of Reward: 10.171. Training. ELO: 76.692.
[INFO] BeesRL1v1. Step: 4335000. Time Elapsed: 15919.439 s. Mean Reward: 2.488. Std of Reward: 10.024. Training. ELO: 81.875.
[INFO] BeesRL1v1. Step: 4340000. Time Elapsed: 15933.775 s. Mean Reward: 0.445. Std of Reward: 10.246. Training. ELO: 85.249.
[INFO] BeesRL1v1. Step: 4345000. Time Elapsed: 15955.599 s. Mean Reward: 1.705. Std of Reward: 9.911. Training. ELO: 84.540.
[INFO] BeesRL1v1. Step: 4350000. Time Elapsed: 15969.070 s. Mean Reward: -0.082. Std of Reward: 9.900. Training. ELO: 86.321.
[INFO] BeesRL1v1. Step: 4355000. Time Elapsed: 15985.252 s. Mean Reward: 0.450. Std of Reward: 10.153. Training. ELO: 86.938.
[INFO] BeesRL1v1. Step: 4360000. Time Elapsed: 16000.782 s. Mean Reward: -0.767. Std of Reward: 10.332. Training. ELO: 84.367.
[INFO] BeesRL1v1. Step: 4365000. Time Elapsed: 16020.435 s. Mean Reward: 0.600. Std of Reward: 10.061. Training. ELO: 85.960.
[INFO] BeesRL1v1. Step: 4370000. Time Elapsed: 16036.368 s. Mean Reward: 2.308. Std of Reward: 9.841. Training. ELO: 91.518.
[INFO] BeesRL1v1. Step: 4375000. Time Elapsed: 16049.667 s. Mean Reward: 2.375. Std of Reward: 9.743. Training. ELO: 92.880.
[INFO] BeesRL1v1. Step: 4380000. Time Elapsed: 16072.522 s. Mean Reward: 0.967. Std of Reward: 10.127. Training. ELO: 96.498.
[INFO] BeesRL1v1. Step: 4385000. Time Elapsed: 16087.114 s. Mean Reward: 1.276. Std of Reward: 9.908. Training. ELO: 99.593.
[INFO] BeesRL1v1. Step: 4390000. Time Elapsed: 16099.868 s. Mean Reward: -1.227. Std of Reward: 9.884. Training. ELO: 95.727.
[INFO] BeesRL1v1. Step: 4395000. Time Elapsed: 16123.985 s. Mean Reward: -0.575. Std of Reward: 10.270. Training. ELO: 95.653.
[INFO] BeesRL1v1. Step: 4400000. Time Elapsed: 16137.279 s. Mean Reward: 0.428. Std of Reward: 10.252. Training. ELO: 95.653.
[INFO] BeesRL1v1. Step: 4405000. Time Elapsed: 16153.247 s. Mean Reward: -0.604. Std of Reward: 9.895. Training. ELO: 95.653.
[INFO] BeesRL1v1. Step: 4410000. Time Elapsed: 16175.482 s. Mean Reward: 1.983. Std of Reward: 9.827. Training. ELO: 99.421.
[INFO] BeesRL1v1. Step: 4415000. Time Elapsed: 16199.629 s. Mean Reward: -0.750. Std of Reward: 9.992. Training. ELO: 98.021.
[INFO] BeesRL1v1. Step: 4420000. Time Elapsed: 16215.923 s. Mean Reward: -0.645. Std of Reward: 10.325. Training. ELO: 96.411.
[INFO] BeesRL1v1. Step: 4425000. Time Elapsed: 16230.562 s. Mean Reward: -1.787. Std of Reward: 9.894. Training. ELO: 91.380.
[INFO] BeesRL1v1. Step: 4430000. Time Elapsed: 16255.306 s. Mean Reward: -0.261. Std of Reward: 10.187. Training. ELO: 87.497.
[INFO] BeesRL1v1. Step: 4435000. Time Elapsed: 16269.938 s. Mean Reward: 2.774. Std of Reward: 9.580. Training. ELO: 88.614.
[INFO] BeesRL1v1. Step: 4440000. Time Elapsed: 16285.971 s. Mean Reward: 0.747. Std of Reward: 10.055. Training. ELO: 90.671.
[INFO] BeesRL1v1. Step: 4445000. Time Elapsed: 16312.821 s. Mean Reward: -0.733. Std of Reward: 10.411. Training. ELO: 91.185.
[INFO] BeesRL1v1. Step: 4450000. Time Elapsed: 16327.927 s. Mean Reward: 0.671. Std of Reward: 10.169. Training. ELO: 90.071.
[INFO] BeesRL1v1. Step: 4455000. Time Elapsed: 16343.213 s. Mean Reward: 0.475. Std of Reward: 9.939. Training. ELO: 87.229.
[INFO] BeesRL1v1. Step: 4460000. Time Elapsed: 16368.169 s. Mean Reward: 1.781. Std of Reward: 9.747. Training. ELO: 86.256.
[INFO] BeesRL1v1. Step: 4465000. Time Elapsed: 16384.016 s. Mean Reward: -0.241. Std of Reward: 10.005. Training. ELO: 87.413.
[INFO] BeesRL1v1. Step: 4470000. Time Elapsed: 16397.486 s. Mean Reward: -2.311. Std of Reward: 10.184. Training. ELO: 81.596.
[INFO] BeesRL1v1. Step: 4475000. Time Elapsed: 16415.425 s. Mean Reward: 1.839. Std of Reward: 10.012. Training. ELO: 80.584.
[INFO] BeesRL1v1. Step: 4480000. Time Elapsed: 16441.393 s. Mean Reward: 0.088. Std of Reward: 9.761. Training. ELO: 82.638.
[INFO] BeesRL1v1. Step: 4485000. Time Elapsed: 16455.225 s. Mean Reward: 1.840. Std of Reward: 10.059. Training. ELO: 81.987.
[INFO] BeesRL1v1. Step: 4490000. Time Elapsed: 16470.332 s. Mean Reward: -0.873. Std of Reward: 10.100. Training. ELO: 83.221.
[INFO] BeesRL1v1. Step: 4495000. Time Elapsed: 16498.358 s. Mean Reward: 0.226. Std of Reward: 10.356. Training. ELO: 83.201.
[INFO] BeesRL1v1. Step: 4500000. Time Elapsed: 16509.859 s. Mean Reward: 0.130. Std of Reward: 10.317. Training. ELO: 80.692.
[INFO] Exported .results\bees-full-005\BeesRL1v1\BeesRL1v1-4499925.onnx
[INFO] BeesRL1v1. Step: 4505000. Time Elapsed: 16527.569 s. Mean Reward: 0.753. Std of Reward: 9.788. Training. ELO: 82.822.
[INFO] BeesRL1v1. Step: 4510000. Time Elapsed: 16563.450 s. Mean Reward: 1.068. Std of Reward: 9.893. Training. ELO: 84.133.
[INFO] BeesRL1v1. Step: 4515000. Time Elapsed: 16577.920 s. Mean Reward: -0.459. Std of Reward: 10.125. Training. ELO: 84.006.
[INFO] BeesRL1v1. Step: 4520000. Time Elapsed: 16590.878 s. Mean Reward: 3.135. Std of Reward: 9.725. Training. ELO: 85.689.
[INFO] BeesRL1v1. Step: 4525000. Time Elapsed: 16607.666 s. Mean Reward: 1.997. Std of Reward: 9.833. Training. ELO: 89.603.
[INFO] BeesRL1v1. Step: 4530000. Time Elapsed: 16632.824 s. Mean Reward: -1.802. Std of Reward: 9.961. Training. ELO: 88.510.
[INFO] BeesRL1v1. Step: 4535000. Time Elapsed: 16647.947 s. Mean Reward: 2.278. Std of Reward: 9.982. Training. ELO: 89.475.
[INFO] BeesRL1v1. Step: 4540000. Time Elapsed: 16663.132 s. Mean Reward: 3.000. Std of Reward: 9.763. Training. ELO: 96.574.
[INFO] BeesRL1v1. Step: 4545000. Time Elapsed: 16689.995 s. Mean Reward: 0.782. Std of Reward: 10.133. Training. ELO: 96.314.
[INFO] BeesRL1v1. Step: 4550000. Time Elapsed: 16701.495 s. Mean Reward: -1.714. Std of Reward: 9.913. Training. ELO: 93.010.
[INFO] BeesRL1v1. Step: 4555000. Time Elapsed: 16718.728 s. Mean Reward: 0.750. Std of Reward: 10.047. Training. ELO: 92.185.
[INFO] BeesRL1v1. Step: 4560000. Time Elapsed: 16743.302 s. Mean Reward: -0.264. Std of Reward: 10.443. Training. ELO: 91.872.
[INFO] BeesRL1v1. Step: 4565000. Time Elapsed: 16758.938 s. Mean Reward: 3.101. Std of Reward: 9.453. Training. ELO: 96.955.
[INFO] BeesRL1v1. Step: 4570000. Time Elapsed: 16776.841 s. Mean Reward: -1.819. Std of Reward: 9.737. Training. ELO: 94.595.
[INFO] BeesRL1v1. Step: 4575000. Time Elapsed: 16800.942 s. Mean Reward: -0.309. Std of Reward: 10.027. Training. ELO: 91.913.
[INFO] BeesRL1v1. Step: 4580000. Time Elapsed: 16814.408 s. Mean Reward: 0.653. Std of Reward: 10.121. Training. ELO: 91.126.
[INFO] BeesRL1v1. Step: 4585000. Time Elapsed: 16828.519 s. Mean Reward: -2.355. Std of Reward: 9.930. Training. ELO: 86.113.
[INFO] BeesRL1v1. Step: 4590000. Time Elapsed: 16841.849 s. Mean Reward: 2.062. Std of Reward: 9.890. Training. ELO: 84.209.
[INFO] BeesRL1v1. Step: 4595000. Time Elapsed: 16865.883 s. Mean Reward: 0.512. Std of Reward: 10.190. Training. ELO: 88.945.
[INFO] BeesRL1v1. Step: 4600000. Time Elapsed: 16882.889 s. Mean Reward: 0.358. Std of Reward: 10.193. Training. ELO: 85.600.
[INFO] BeesRL1v1. Step: 4605000. Time Elapsed: 16894.747 s. Mean Reward: 0.107. Std of Reward: 10.232. Training. ELO: 84.828.
[INFO] BeesRL1v1. Step: 4610000. Time Elapsed: 16927.793 s. Mean Reward: -1.344. Std of Reward: 9.876. Training. ELO: 81.075.
[INFO] BeesRL1v1. Step: 4615000. Time Elapsed: 16939.897 s. Mean Reward: -1.102. Std of Reward: 10.088. Training. ELO: 77.797.
[INFO] BeesRL1v1. Step: 4620000. Time Elapsed: 16953.881 s. Mean Reward: 2.609. Std of Reward: 9.988. Training. ELO: 82.716.
[INFO] BeesRL1v1. Step: 4625000. Time Elapsed: 16977.945 s. Mean Reward: 3.047. Std of Reward: 9.579. Training. ELO: 91.333.
[INFO] BeesRL1v1. Step: 4630000. Time Elapsed: 16991.159 s. Mean Reward: 0.583. Std of Reward: 10.152. Training. ELO: 93.038.
[INFO] BeesRL1v1. Step: 4635000. Time Elapsed: 17007.259 s. Mean Reward: -1.683. Std of Reward: 10.054. Training. ELO: 89.234.
[INFO] BeesRL1v1. Step: 4640000. Time Elapsed: 17021.422 s. Mean Reward: -0.095. Std of Reward: 10.446. Training. ELO: 86.726.
[INFO] BeesRL1v1. Step: 4645000. Time Elapsed: 17041.719 s. Mean Reward: -0.329. Std of Reward: 10.244. Training. ELO: 86.914.
[INFO] BeesRL1v1. Step: 4650000. Time Elapsed: 17055.800 s. Mean Reward: -0.853. Std of Reward: 10.174. Training. ELO: 86.248.
[INFO] BeesRL1v1. Step: 4655000. Time Elapsed: 17070.970 s. Mean Reward: 1.938. Std of Reward: 9.880. Training. ELO: 86.185.
[INFO] BeesRL1v1. Step: 4660000. Time Elapsed: 17094.200 s. Mean Reward: 1.200. Std of Reward: 9.973. Training. ELO: 86.185.
[INFO] BeesRL1v1. Step: 4665000. Time Elapsed: 17107.555 s. Mean Reward: -0.596. Std of Reward: 10.351. Training. ELO: 86.185.
[INFO] BeesRL1v1. Step: 4670000. Time Elapsed: 17124.948 s. Mean Reward: 0.450. Std of Reward: 9.679. Training. ELO: 85.394.
[INFO] BeesRL1v1. Step: 4675000. Time Elapsed: 17145.945 s. Mean Reward: 0.114. Std of Reward: 10.221. Training. ELO: 81.109.
[INFO] BeesRL1v1. Step: 4680000. Time Elapsed: 17159.543 s. Mean Reward: 0.246. Std of Reward: 9.550. Training. ELO: 80.316.
[INFO] BeesRL1v1. Step: 4685000. Time Elapsed: 17173.031 s. Mean Reward: -0.256. Std of Reward: 9.921. Training. ELO: 78.469.
[INFO] BeesRL1v1. Step: 4690000. Time Elapsed: 17190.080 s. Mean Reward: -0.398. Std of Reward: 10.033. Training. ELO: 76.030.
[INFO] BeesRL1v1. Step: 4695000. Time Elapsed: 17211.666 s. Mean Reward: -1.236. Std of Reward: 10.167. Training. ELO: 72.092.
[INFO] BeesRL1v1. Step: 4700000. Time Elapsed: 17226.332 s. Mean Reward: 0.263. Std of Reward: 9.783. Training. ELO: 73.096.
[INFO] BeesRL1v1. Step: 4705000. Time Elapsed: 17241.399 s. Mean Reward: -0.079. Std of Reward: 10.136. Training. ELO: 69.393.
[INFO] BeesRL1v1. Step: 4710000. Time Elapsed: 17270.575 s. Mean Reward: 0.283. Std of Reward: 10.247. Training. ELO: 70.555.
[INFO] BeesRL1v1. Step: 4715000. Time Elapsed: 17285.953 s. Mean Reward: 3.050. Std of Reward: 9.755. Training. ELO: 77.912.
[INFO] BeesRL1v1. Step: 4720000. Time Elapsed: 17301.178 s. Mean Reward: 0.419. Std of Reward: 9.987. Training. ELO: 77.232.
[INFO] BeesRL1v1. Step: 4725000. Time Elapsed: 17323.980 s. Mean Reward: -0.305. Std of Reward: 9.846. Training. ELO: 75.129.
[INFO] BeesRL1v1. Step: 4730000. Time Elapsed: 17336.340 s. Mean Reward: -0.276. Std of Reward: 10.058. Training. ELO: 72.825.
[INFO] BeesRL1v1. Step: 4735000. Time Elapsed: 17352.906 s. Mean Reward: 0.451. Std of Reward: 9.961. Training. ELO: 72.792.
[INFO] BeesRL1v1. Step: 4740000. Time Elapsed: 17374.177 s. Mean Reward: 2.236. Std of Reward: 9.965. Training. ELO: 72.792.
[INFO] BeesRL1v1. Step: 4745000. Time Elapsed: 17389.576 s. Mean Reward: -0.943. Std of Reward: 10.051. Training. ELO: 72.792.
[INFO] BeesRL1v1. Step: 4750000. Time Elapsed: 17402.806 s. Mean Reward: -1.010. Std of Reward: 10.103. Training. ELO: 69.533.
[INFO] Exported .results\bees-full-005\BeesRL1v1\BeesRL1v1-4749990.onnx
[INFO] BeesRL1v1. Step: 4755000. Time Elapsed: 17416.957 s. Mean Reward: -0.469. Std of Reward: 10.170. Training. ELO: 70.500.
[INFO] BeesRL1v1. Step: 4760000. Time Elapsed: 17440.386 s. Mean Reward: -0.092. Std of Reward: 10.170. Training. ELO: 69.501.
[INFO] BeesRL1v1. Step: 4765000. Time Elapsed: 17454.901 s. Mean Reward: 1.544. Std of Reward: 9.971. Training. ELO: 74.257.
[INFO] BeesRL1v1. Step: 4770000. Time Elapsed: 17467.439 s. Mean Reward: 1.002. Std of Reward: 10.109. Training. ELO: 76.532.
[INFO] BeesRL1v1. Step: 4775000. Time Elapsed: 17492.410 s. Mean Reward: 1.138. Std of Reward: 9.828. Training. ELO: 78.996.
[INFO] BeesRL1v1. Step: 4780000. Time Elapsed: 17508.327 s. Mean Reward: 1.276. Std of Reward: 9.915. Training. ELO: 81.162.
[INFO] BeesRL1v1. Step: 4785000. Time Elapsed: 17520.035 s. Mean Reward: -1.216. Std of Reward: 9.932. Training. ELO: 79.500.
[INFO] BeesRL1v1. Step: 4790000. Time Elapsed: 17543.528 s. Mean Reward: 0.101. Std of Reward: 9.837. Training. ELO: 77.563.
[INFO] BeesRL1v1. Step: 4795000. Time Elapsed: 17558.348 s. Mean Reward: 0.262. Std of Reward: 9.978. Training. ELO: 77.913.
[INFO] BeesRL1v1. Step: 4800000. Time Elapsed: 17570.063 s. Mean Reward: 1.860. Std of Reward: 10.075. Training. ELO: 79.381.
[INFO] BeesRL1v1. Step: 4805000. Time Elapsed: 17586.426 s. Mean Reward: 2.100. Std of Reward: 9.749. Training. ELO: 87.961.
[INFO] BeesRL1v1. Step: 4810000. Time Elapsed: 17617.094 s. Mean Reward: -1.475. Std of Reward: 10.215. Training. ELO: 86.731.
[INFO] BeesRL1v1. Step: 4815000. Time Elapsed: 17632.237 s. Mean Reward: 0.992. Std of Reward: 10.012. Training. ELO: 86.661.
[INFO] BeesRL1v1. Step: 4820000. Time Elapsed: 17644.079 s. Mean Reward: 2.213. Std of Reward: 10.061. Training. ELO: 86.661.
[INFO] BeesRL1v1. Step: 4825000. Time Elapsed: 17668.908 s. Mean Reward: 2.170. Std of Reward: 9.726. Training. ELO: 86.661.
[INFO] BeesRL1v1. Step: 4830000. Time Elapsed: 17680.824 s. Mean Reward: 0.515. Std of Reward: 10.224. Training. ELO: 87.697.
[INFO] BeesRL1v1. Step: 4835000. Time Elapsed: 17697.817 s. Mean Reward: 0.256. Std of Reward: 9.904. Training. ELO: 86.336.
[INFO] BeesRL1v1. Step: 4840000. Time Elapsed: 17719.849 s. Mean Reward: -1.310. Std of Reward: 10.185. Training. ELO: 84.656.
[INFO] BeesRL1v1. Step: 4845000. Time Elapsed: 17732.358 s. Mean Reward: 1.796. Std of Reward: 10.175. Training. ELO: 86.836.
[INFO] BeesRL1v1. Step: 4850000. Time Elapsed: 17747.802 s. Mean Reward: 2.920. Std of Reward: 9.391. Training. ELO: 92.464.
[INFO] BeesRL1v1. Step: 4855000. Time Elapsed: 17773.160 s. Mean Reward: 1.070. Std of Reward: 9.962. Training. ELO: 94.967.
[INFO] BeesRL1v1. Step: 4860000. Time Elapsed: 17784.252 s. Mean Reward: 1.110. Std of Reward: 9.873. Training. ELO: 93.659.
[INFO] BeesRL1v1. Step: 4865000. Time Elapsed: 17798.758 s. Mean Reward: -0.736. Std of Reward: 10.157. Training. ELO: 94.253.
[INFO] BeesRL1v1. Step: 4870000. Time Elapsed: 17814.761 s. Mean Reward: -0.272. Std of Reward: 10.254. Training. ELO: 91.667.
[INFO] BeesRL1v1. Step: 4875000. Time Elapsed: 17837.915 s. Mean Reward: -0.540. Std of Reward: 10.317. Training. ELO: 91.727.
[INFO] BeesRL1v1. Step: 4880000. Time Elapsed: 17852.885 s. Mean Reward: -0.450. Std of Reward: 10.172. Training. ELO: 91.727.
[INFO] BeesRL1v1. Step: 4885000. Time Elapsed: 17866.360 s. Mean Reward: -1.964. Std of Reward: 10.157. Training. ELO: 91.727.
[INFO] BeesRL1v1. Step: 4890000. Time Elapsed: 17888.932 s. Mean Reward: 3.388. Std of Reward: 9.657. Training. ELO: 95.937.
[INFO] BeesRL1v1. Step: 4895000. Time Elapsed: 17902.469 s. Mean Reward: 2.005. Std of Reward: 9.999. Training. ELO: 102.390.
[INFO] BeesRL1v1. Step: 4900000. Time Elapsed: 17918.835 s. Mean Reward: -0.108. Std of Reward: 10.093. Training. ELO: 105.002.
[INFO] BeesRL1v1. Step: 4905000. Time Elapsed: 17940.918 s. Mean Reward: 1.805. Std of Reward: 9.970. Training. ELO: 104.131.
[INFO] BeesRL1v1. Step: 4910000. Time Elapsed: 17961.225 s. Mean Reward: 1.804. Std of Reward: 10.087. Training. ELO: 108.197.
[INFO] BeesRL1v1. Step: 4915000. Time Elapsed: 17976.182 s. Mean Reward: -0.459. Std of Reward: 9.996. Training. ELO: 105.892.
[INFO] BeesRL1v1. Step: 4920000. Time Elapsed: 17989.733 s. Mean Reward: 1.062. Std of Reward: 10.188. Training. ELO: 100.931.
[INFO] BeesRL1v1. Step: 4925000. Time Elapsed: 18014.861 s. Mean Reward: 0.289. Std of Reward: 10.140. Training. ELO: 99.618.
[INFO] BeesRL1v1. Step: 4930000. Time Elapsed: 18027.726 s. Mean Reward: 0.584. Std of Reward: 10.185. Training. ELO: 100.248.
[INFO] BeesRL1v1. Step: 4935000. Time Elapsed: 18041.481 s. Mean Reward: 2.988. Std of Reward: 9.570. Training. ELO: 102.827.
[INFO] BeesRL1v1. Step: 4940000. Time Elapsed: 18065.519 s. Mean Reward: 2.239. Std of Reward: 9.905. Training. ELO: 108.535.
[INFO] BeesRL1v1. Step: 4945000. Time Elapsed: 18078.424 s. Mean Reward: 1.952. Std of Reward: 9.956. Training. ELO: 109.079.
[INFO] BeesRL1v1. Step: 4950000. Time Elapsed: 18091.938 s. Mean Reward: 0.990. Std of Reward: 9.823. Training. ELO: 108.105.
[INFO] BeesRL1v1. Step: 4955000. Time Elapsed: 18115.805 s. Mean Reward: -0.243. Std of Reward: 10.007. Training. ELO: 105.494.
[INFO] BeesRL1v1. Step: 4960000. Time Elapsed: 18130.344 s. Mean Reward: 0.951. Std of Reward: 10.395. Training. ELO: 102.233.
[INFO] BeesRL1v1. Step: 4965000. Time Elapsed: 18143.880 s. Mean Reward: 0.794. Std of Reward: 10.328. Training. ELO: 104.099.
[INFO] BeesRL1v1. Step: 4970000. Time Elapsed: 18168.167 s. Mean Reward: 0.992. Std of Reward: 9.822. Training. ELO: 102.555.
[INFO] BeesRL1v1. Step: 4975000. Time Elapsed: 18182.791 s. Mean Reward: 0.289. Std of Reward: 10.142. Training. ELO: 102.744.
[INFO] BeesRL1v1. Step: 4980000. Time Elapsed: 18196.443 s. Mean Reward: -2.352. Std of Reward: 9.873. Training. ELO: 102.744.
[INFO] BeesRL1v1. Step: 4985000. Time Elapsed: 18210.620 s. Mean Reward: -0.645. Std of Reward: 10.322. Training. ELO: 102.744.
[INFO] BeesRL1v1. Step: 4990000. Time Elapsed: 18231.892 s. Mean Reward: -3.228. Std of Reward: 9.157. Training. ELO: 99.793.
[INFO] BeesRL1v1. Step: 4995000. Time Elapsed: 18245.047 s. Mean Reward: -1.190. Std of Reward: 9.958. Training. ELO: 89.537.
[INFO] BeesRL1v1. Step: 5000000. Time Elapsed: 18259.586 s. Mean Reward: -2.103. Std of Reward: 9.908. Training. ELO: 83.690.
[INFO] Exported .results\bees-full-005\BeesRL1v1\BeesRL1v1-4999920.onnx
[INFO] BeesRL1v1. Step: 5005000. Time Elapsed: 18287.586 s. Mean Reward: -0.538. Std of Reward: 9.699. Training. ELO: 81.269.
[INFO] BeesRL1v1. Step: 5010000. Time Elapsed: 18307.146 s. Mean Reward: 0.561. Std of Reward: 10.150. Training. ELO: 77.900.
[INFO] BeesRL1v1. Step: 5015000. Time Elapsed: 18323.212 s. Mean Reward: 0.588. Std of Reward: 10.238. Training. ELO: 78.629.
[INFO] BeesRL1v1. Step: 5020000. Time Elapsed: 18346.118 s. Mean Reward: 0.087. Std of Reward: 10.068. Training. ELO: 79.444.
[INFO] BeesRL1v1. Step: 5025000. Time Elapsed: 18359.996 s. Mean Reward: 1.403. Std of Reward: 9.993. Training. ELO: 79.966.
[INFO] BeesRL1v1. Step: 5030000. Time Elapsed: 18374.370 s. Mean Reward: 1.301. Std of Reward: 10.046. Training. ELO: 84.017.
[INFO] BeesRL1v1. Step: 5035000. Time Elapsed: 18389.259 s. Mean Reward: 0.922. Std of Reward: 10.041. Training. ELO: 84.311.
[INFO] BeesRL1v1. Step: 5040000. Time Elapsed: 18411.451 s. Mean Reward: -2.180. Std of Reward: 10.033. Training. ELO: 85.566.
[INFO] BeesRL1v1. Step: 5045000. Time Elapsed: 18425.983 s. Mean Reward: 1.077. Std of Reward: 10.016. Training. ELO: 82.418.
[INFO] BeesRL1v1. Step: 5050000. Time Elapsed: 18439.872 s. Mean Reward: 1.472. Std of Reward: 9.605. Training. ELO: 84.375.
[INFO] BeesRL1v1. Step: 5055000. Time Elapsed: 18461.961 s. Mean Reward: 0.459. Std of Reward: 10.143. Training. ELO: 85.699.
[INFO] BeesRL1v1. Step: 5060000. Time Elapsed: 18476.619 s. Mean Reward: 0.540. Std of Reward: 10.181. Training. ELO: 85.525.
[INFO] BeesRL1v1. Step: 5065000. Time Elapsed: 18491.520 s. Mean Reward: -0.856. Std of Reward: 9.914. Training. ELO: 81.586.
[INFO] BeesRL1v1. Step: 5070000. Time Elapsed: 18516.413 s. Mean Reward: -2.824. Std of Reward: 9.790. Training. ELO: 74.349.
[INFO] BeesRL1v1. Step: 5075000. Time Elapsed: 18531.016 s. Mean Reward: 0.487. Std of Reward: 10.124. Training. ELO: 74.163.
[INFO] BeesRL1v1. Step: 5080000. Time Elapsed: 18543.115 s. Mean Reward: 3.600. Std of Reward: 9.166. Training. ELO: 75.534.
[INFO] BeesRL1v1. Step: 5085000. Time Elapsed: 18557.318 s. Mean Reward: 0.076. Std of Reward: 9.830. Training. ELO: 75.230.
[INFO] BeesRL1v1. Step: 5090000. Time Elapsed: 18581.678 s. Mean Reward: 1.896. Std of Reward: 9.956. Training. ELO: 79.690.
[INFO] BeesRL1v1. Step: 5095000. Time Elapsed: 18594.661 s. Mean Reward: -0.687. Std of Reward: 10.105. Training. ELO: 78.284.
[INFO] BeesRL1v1. Step: 5100000. Time Elapsed: 18609.499 s. Mean Reward: 0.936. Std of Reward: 10.124. Training. ELO: 78.272.
[INFO] BeesRL1v1. Step: 5105000. Time Elapsed: 18633.400 s. Mean Reward: -2.211. Std of Reward: 9.863. Training. ELO: 75.121.
[INFO] BeesRL1v1. Step: 5110000. Time Elapsed: 18654.532 s. Mean Reward: -1.299. Std of Reward: 10.162. Training. ELO: 71.905.
[INFO] BeesRL1v1. Step: 5115000. Time Elapsed: 18669.996 s. Mean Reward: -0.647. Std of Reward: 9.859. Training. ELO: 71.929.
[INFO] BeesRL1v1. Step: 5120000. Time Elapsed: 18693.017 s. Mean Reward: -1.227. Std of Reward: 10.278. Training. ELO: 71.929.
[INFO] BeesRL1v1. Step: 5125000. Time Elapsed: 18707.033 s. Mean Reward: -1.516. Std of Reward: 9.954. Training. ELO: 71.929.
[INFO] BeesRL1v1. Step: 5130000. Time Elapsed: 18720.755 s. Mean Reward: -0.461. Std of Reward: 10.046. Training. ELO: 70.570.
[INFO] BeesRL1v1. Step: 5135000. Time Elapsed: 18744.454 s. Mean Reward: -0.473. Std of Reward: 10.137. Training. ELO: 67.451.
[INFO] BeesRL1v1. Step: 5140000. Time Elapsed: 18758.379 s. Mean Reward: -1.069. Std of Reward: 10.185. Training. ELO: 68.546.
[INFO] BeesRL1v1. Step: 5145000. Time Elapsed: 18772.518 s. Mean Reward: -1.606. Std of Reward: 10.031. Training. ELO: 65.205.
[INFO] BeesRL1v1. Step: 5150000. Time Elapsed: 18787.242 s. Mean Reward: 0.443. Std of Reward: 10.159. Training. ELO: 64.719.
[INFO] BeesRL1v1. Step: 5155000. Time Elapsed: 18808.467 s. Mean Reward: -0.760. Std of Reward: 9.901. Training. ELO: 63.008.
[INFO] BeesRL1v1. Step: 5160000. Time Elapsed: 18822.167 s. Mean Reward: 0.255. Std of Reward: 10.169. Training. ELO: 63.597.
[INFO] BeesRL1v1. Step: 5165000. Time Elapsed: 18837.243 s. Mean Reward: 0.974. Std of Reward: 10.074. Training. ELO: 65.237.
[INFO] BeesRL1v1. Step: 5170000. Time Elapsed: 18860.384 s. Mean Reward: 2.967. Std of Reward: 9.804. Training. ELO: 75.151.
[INFO] BeesRL1v1. Step: 5175000. Time Elapsed: 18872.962 s. Mean Reward: 1.138. Std of Reward: 10.265. Training. ELO: 79.916.
[INFO] BeesRL1v1. Step: 5180000. Time Elapsed: 18890.052 s. Mean Reward: 1.130. Std of Reward: 9.810. Training. ELO: 80.629.
[INFO] BeesRL1v1. Step: 5185000. Time Elapsed: 18913.702 s. Mean Reward: 0.304. Std of Reward: 10.328. Training. ELO: 79.603.
[INFO] BeesRL1v1. Step: 5190000. Time Elapsed: 18927.294 s. Mean Reward: 1.856. Std of Reward: 9.685. Training. ELO: 81.637.
[INFO] BeesRL1v1. Step: 5195000. Time Elapsed: 18939.024 s. Mean Reward: -0.938. Std of Reward: 10.057. Training. ELO: 80.519.
[INFO] BeesRL1v1. Step: 5200000. Time Elapsed: 18954.936 s. Mean Reward: 2.293. Std of Reward: 9.743. Training. ELO: 85.793.
[INFO] BeesRL1v1. Step: 5205000. Time Elapsed: 18978.960 s. Mean Reward: 3.184. Std of Reward: 9.816. Training. ELO: 89.165.
[INFO] BeesRL1v1. Step: 5210000. Time Elapsed: 19003.998 s. Mean Reward: 0.957. Std of Reward: 10.223. Training. ELO: 91.875.
[INFO] BeesRL1v1. Step: 5215000. Time Elapsed: 19019.316 s. Mean Reward: -0.668. Std of Reward: 10.118. Training. ELO: 93.098.
[INFO] BeesRL1v1. Step: 5220000. Time Elapsed: 19041.108 s. Mean Reward: 1.967. Std of Reward: 9.818. Training. ELO: 90.350.
[INFO] BeesRL1v1. Step: 5225000. Time Elapsed: 19054.710 s. Mean Reward: 2.146. Std of Reward: 10.194. Training. ELO: 95.806.
[INFO] BeesRL1v1. Step: 5230000. Time Elapsed: 19069.670 s. Mean Reward: 2.689. Std of Reward: 9.696. Training. ELO: 102.547.
[INFO] BeesRL1v1. Step: 5235000. Time Elapsed: 19094.677 s. Mean Reward: 1.723. Std of Reward: 9.952. Training. ELO: 103.678.
[INFO] BeesRL1v1. Step: 5240000. Time Elapsed: 19106.885 s. Mean Reward: -0.845. Std of Reward: 10.115. Training. ELO: 102.092.
[INFO] BeesRL1v1. Step: 5245000. Time Elapsed: 19120.089 s. Mean Reward: 0.596. Std of Reward: 10.159. Training. ELO: 99.184.
[INFO] BeesRL1v1. Step: 5250000. Time Elapsed: 19143.867 s. Mean Reward: 0.656. Std of Reward: 10.185. Training. ELO: 99.401.
[INFO] Exported .results\bees-full-005\BeesRL1v1\BeesRL1v1-5249942.onnx
[INFO] BeesRL1v1. Step: 5255000. Time Elapsed: 19161.691 s. Mean Reward: -1.219. Std of Reward: 10.001. Training. ELO: 99.606.
[INFO] BeesRL1v1. Step: 5260000. Time Elapsed: 19176.083 s. Mean Reward: -1.195. Std of Reward: 10.105. Training. ELO: 99.606.
[INFO] BeesRL1v1. Step: 5265000. Time Elapsed: 19189.059 s. Mean Reward: -0.825. Std of Reward: 10.070. Training. ELO: 99.606.
[INFO] BeesRL1v1. Step: 5270000. Time Elapsed: 19211.841 s. Mean Reward: 0.506. Std of Reward: 10.121. Training. ELO: 99.369.
[INFO] BeesRL1v1. Step: 5275000. Time Elapsed: 19226.554 s. Mean Reward: 1.069. Std of Reward: 9.979. Training. ELO: 98.601.
[INFO] BeesRL1v1. Step: 5280000. Time Elapsed: 19242.274 s. Mean Reward: 0.868. Std of Reward: 10.298. Training. ELO: 99.873.
[INFO] BeesRL1v1. Step: 5285000. Time Elapsed: 19264.477 s. Mean Reward: -0.993. Std of Reward: 10.307. Training. ELO: 97.927.
[INFO] BeesRL1v1. Step: 5290000. Time Elapsed: 19277.703 s. Mean Reward: 0.100. Std of Reward: 10.244. Training. ELO: 93.757.
[INFO] BeesRL1v1. Step: 5295000. Time Elapsed: 19292.129 s. Mean Reward: 1.438. Std of Reward: 9.980. Training. ELO: 93.571.
[INFO] BeesRL1v1. Step: 5300000. Time Elapsed: 19315.286 s. Mean Reward: 1.320. Std of Reward: 10.022. Training. ELO: 94.483.
[INFO] BeesRL1v1. Step: 5305000. Time Elapsed: 19329.967 s. Mean Reward: 2.516. Std of Reward: 9.998. Training. ELO: 95.870.
[INFO] BeesRL1v1. Step: 5310000. Time Elapsed: 19350.356 s. Mean Reward: -1.029. Std of Reward: 10.140. Training. ELO: 93.341.
[INFO] BeesRL1v1. Step: 5315000. Time Elapsed: 19366.319 s. Mean Reward: -1.252. Std of Reward: 10.208. Training. ELO: 90.920.
[INFO] BeesRL1v1. Step: 5320000. Time Elapsed: 19388.382 s. Mean Reward: 0.721. Std of Reward: 10.311. Training. ELO: 90.908.
[INFO] BeesRL1v1. Step: 5325000. Time Elapsed: 19401.169 s. Mean Reward: -1.327. Std of Reward: 10.001. Training. ELO: 91.011.
[INFO] BeesRL1v1. Step: 5330000. Time Elapsed: 19417.140 s. Mean Reward: 2.428. Std of Reward: 9.751. Training. ELO: 91.250.
[INFO] BeesRL1v1. Step: 5335000. Time Elapsed: 19441.286 s. Mean Reward: -0.077. Std of Reward: 10.232. Training. ELO: 94.090.
[INFO] BeesRL1v1. Step: 5340000. Time Elapsed: 19454.941 s. Mean Reward: 2.103. Std of Reward: 10.109. Training. ELO: 96.094.
[INFO] BeesRL1v1. Step: 5345000. Time Elapsed: 19468.980 s. Mean Reward: -0.455. Std of Reward: 9.689. Training. ELO: 94.776.
[INFO] BeesRL1v1. Step: 5350000. Time Elapsed: 19493.217 s. Mean Reward: -0.970. Std of Reward: 10.215. Training. ELO: 91.072.
[INFO] BeesRL1v1. Step: 5355000. Time Elapsed: 19505.743 s. Mean Reward: -1.402. Std of Reward: 9.871. Training. ELO: 87.283.
[INFO] BeesRL1v1. Step: 5360000. Time Elapsed: 19520.384 s. Mean Reward: -0.644. Std of Reward: 10.167. Training. ELO: 86.008.
[INFO] BeesRL1v1. Step: 5365000. Time Elapsed: 19534.740 s. Mean Reward: 3.447. Std of Reward: 9.715. Training. ELO: 88.629.
[INFO] BeesRL1v1. Step: 5370000. Time Elapsed: 19557.533 s. Mean Reward: -0.119. Std of Reward: 9.866. Training. ELO: 91.476.
[INFO] BeesRL1v1. Step: 5375000. Time Elapsed: 19571.795 s. Mean Reward: 1.492. Std of Reward: 10.211. Training. ELO: 91.143.
[INFO] BeesRL1v1. Step: 5380000. Time Elapsed: 19586.225 s. Mean Reward: -2.498. Std of Reward: 9.836. Training. ELO: 91.143.
[INFO] BeesRL1v1. Step: 5385000. Time Elapsed: 19610.563 s. Mean Reward: -1.125. Std of Reward: 9.972. Training. ELO: 91.143.
[INFO] BeesRL1v1. Step: 5390000. Time Elapsed: 19621.799 s. Mean Reward: 0.736. Std of Reward: 9.863. Training. ELO: 91.327.
[INFO] BeesRL1v1. Step: 5395000. Time Elapsed: 19636.910 s. Mean Reward: -1.186. Std of Reward: 10.093. Training. ELO: 89.867.
[INFO] BeesRL1v1. Step: 5400000. Time Elapsed: 19660.525 s. Mean Reward: 0.489. Std of Reward: 9.927. Training. ELO: 88.768.
[INFO] BeesRL1v1. Step: 5405000. Time Elapsed: 19674.301 s. Mean Reward: 1.977. Std of Reward: 9.850. Training. ELO: 89.568.
[INFO] BeesRL1v1. Step: 5410000. Time Elapsed: 19697.682 s. Mean Reward: -0.234. Std of Reward: 10.153. Training. ELO: 91.782.
[INFO] BeesRL1v1. Step: 5415000. Time Elapsed: 19720.260 s. Mean Reward: -3.516. Std of Reward: 9.764. Training. ELO: 85.191.
[INFO] BeesRL1v1. Step: 5420000. Time Elapsed: 19734.341 s. Mean Reward: -1.113. Std of Reward: 9.958. Training. ELO: 80.878.
[INFO] BeesRL1v1. Step: 5425000. Time Elapsed: 19751.640 s. Mean Reward: 0.758. Std of Reward: 10.293. Training. ELO: 80.129.
[INFO] BeesRL1v1. Step: 5430000. Time Elapsed: 19766.382 s. Mean Reward: -0.292. Std of Reward: 10.434. Training. ELO: 79.702.
[INFO] BeesRL1v1. Step: 5435000. Time Elapsed: 19788.950 s. Mean Reward: -0.726. Std of Reward: 10.230. Training. ELO: 80.280.
[INFO] BeesRL1v1. Step: 5440000. Time Elapsed: 19803.970 s. Mean Reward: -1.023. Std of Reward: 10.311. Training. ELO: 80.922.
[INFO] BeesRL1v1. Step: 5445000. Time Elapsed: 19819.964 s. Mean Reward: 0.663. Std of Reward: 10.123. Training. ELO: 79.172.
[INFO] BeesRL1v1. Step: 5450000. Time Elapsed: 19845.264 s. Mean Reward: 0.894. Std of Reward: 10.304. Training. ELO: 82.619.
[INFO] BeesRL1v1. Step: 5455000. Time Elapsed: 19861.383 s. Mean Reward: -0.529. Std of Reward: 10.322. Training. ELO: 82.789.
[INFO] BeesRL1v1. Step: 5460000. Time Elapsed: 19878.883 s. Mean Reward: 3.181. Std of Reward: 9.801. Training. ELO: 82.789.
[INFO] BeesRL1v1. Step: 5465000. Time Elapsed: 19901.847 s. Mean Reward: -0.374. Std of Reward: 10.121. Training. ELO: 82.789.
[INFO] BeesRL1v1. Step: 5470000. Time Elapsed: 19916.979 s. Mean Reward: 2.152. Std of Reward: 9.761. Training. ELO: 83.733.
[INFO] BeesRL1v1. Step: 5475000. Time Elapsed: 19930.917 s. Mean Reward: 2.808. Std of Reward: 9.715. Training. ELO: 88.198.
[INFO] BeesRL1v1. Step: 5480000. Time Elapsed: 19947.822 s. Mean Reward: -1.164. Std of Reward: 10.306. Training. ELO: 86.862.
[INFO] BeesRL1v1. Step: 5485000. Time Elapsed: 19974.081 s. Mean Reward: 0.119. Std of Reward: 10.013. Training. ELO: 80.598.
[INFO] BeesRL1v1. Step: 5490000. Time Elapsed: 19987.238 s. Mean Reward: -1.618. Std of Reward: 9.996. Training. ELO: 75.670.
[INFO] BeesRL1v1. Step: 5495000. Time Elapsed: 20002.892 s. Mean Reward: 0.594. Std of Reward: 9.969. Training. ELO: 76.390.
[INFO] BeesRL1v1. Step: 5500000. Time Elapsed: 20028.975 s. Mean Reward: 2.809. Std of Reward: 9.591. Training. ELO: 79.195.
[INFO] Exported .results\bees-full-005\BeesRL1v1\BeesRL1v1-5499990.onnx
[INFO] BeesRL1v1. Step: 5505000. Time Elapsed: 20046.033 s. Mean Reward: 2.105. Std of Reward: 10.108. Training. ELO: 85.321.
[INFO] BeesRL1v1. Step: 5510000. Time Elapsed: 20068.102 s. Mean Reward: -0.090. Std of Reward: 9.983. Training. ELO: 85.379.
[INFO] BeesRL1v1. Step: 5515000. Time Elapsed: 20094.948 s. Mean Reward: 1.627. Std of Reward: 9.973. Training. ELO: 84.818.
[INFO] BeesRL1v1. Step: 5520000. Time Elapsed: 20111.977 s. Mean Reward: 0.519. Std of Reward: 9.998. Training. ELO: 83.548.
[INFO] BeesRL1v1. Step: 5525000. Time Elapsed: 20125.126 s. Mean Reward: 1.082. Std of Reward: 10.072. Training. ELO: 84.987.
[INFO] BeesRL1v1. Step: 5530000. Time Elapsed: 20139.634 s. Mean Reward: 0.081. Std of Reward: 10.083. Training. ELO: 85.016.
[INFO] BeesRL1v1. Step: 5535000. Time Elapsed: 20164.666 s. Mean Reward: 1.177. Std of Reward: 9.884. Training. ELO: 88.083.
[INFO] BeesRL1v1. Step: 5540000. Time Elapsed: 20182.236 s. Mean Reward: 0.623. Std of Reward: 9.951. Training. ELO: 86.214.
[INFO] BeesRL1v1. Step: 5545000. Time Elapsed: 20196.493 s. Mean Reward: -0.576. Std of Reward: 10.438. Training. ELO: 85.629.
[INFO] BeesRL1v1. Step: 5550000. Time Elapsed: 20221.521 s. Mean Reward: -0.304. Std of Reward: 10.343. Training. ELO: 87.114.
[INFO] BeesRL1v1. Step: 5555000. Time Elapsed: 20234.120 s. Mean Reward: 0.734. Std of Reward: 10.205. Training. ELO: 87.791.
[INFO] BeesRL1v1. Step: 5560000. Time Elapsed: 20252.223 s. Mean Reward: 0.487. Std of Reward: 9.718. Training. ELO: 87.198.
[INFO] BeesRL1v1. Step: 5565000. Time Elapsed: 20276.159 s. Mean Reward: 2.029. Std of Reward: 10.114. Training. ELO: 90.189.
[INFO] BeesRL1v1. Step: 5570000. Time Elapsed: 20290.265 s. Mean Reward: -1.912. Std of Reward: 9.781. Training. ELO: 88.963.
[INFO] BeesRL1v1. Step: 5575000. Time Elapsed: 20308.890 s. Mean Reward: 1.740. Std of Reward: 10.094. Training. ELO: 90.517.
[INFO] BeesRL1v1. Step: 5580000. Time Elapsed: 20333.559 s. Mean Reward: -1.637. Std of Reward: 10.126. Training. ELO: 86.781.
[INFO] BeesRL1v1. Step: 5585000. Time Elapsed: 20348.222 s. Mean Reward: -1.701. Std of Reward: 10.106. Training. ELO: 81.313.
[INFO] BeesRL1v1. Step: 5590000. Time Elapsed: 20363.181 s. Mean Reward: 1.063. Std of Reward: 10.380. Training. ELO: 81.307.
[INFO] BeesRL1v1. Step: 5595000. Time Elapsed: 20379.031 s. Mean Reward: -0.835. Std of Reward: 10.028. Training. ELO: 80.465.
[INFO] BeesRL1v1. Step: 5600000. Time Elapsed: 20407.390 s. Mean Reward: -1.326. Std of Reward: 9.993. Training. ELO: 76.102.
[INFO] BeesRL1v1. Step: 5605000. Time Elapsed: 20420.935 s. Mean Reward: 2.118. Std of Reward: 10.097. Training. ELO: 76.232.
[INFO] BeesRL1v1. Step: 5610000. Time Elapsed: 20444.619 s. Mean Reward: 2.443. Std of Reward: 9.910. Training. ELO: 83.178.
[INFO] BeesRL1v1. Step: 5615000. Time Elapsed: 20470.367 s. Mean Reward: 0.273. Std of Reward: 10.349. Training. ELO: 88.022.
[INFO] BeesRL1v1. Step: 5620000. Time Elapsed: 20482.635 s. Mean Reward: -1.493. Std of Reward: 10.229. Training. ELO: 85.197.
[INFO] BeesRL1v1. Step: 5625000. Time Elapsed: 20499.340 s. Mean Reward: 0.295. Std of Reward: 10.323. Training. ELO: 85.890.
[INFO] BeesRL1v1. Step: 5630000. Time Elapsed: 20524.860 s. Mean Reward: 0.974. Std of Reward: 10.067. Training. ELO: 87.480.
[INFO] BeesRL1v1. Step: 5635000. Time Elapsed: 20535.649 s. Mean Reward: -2.277. Std of Reward: 10.101. Training. ELO: 83.414.
[INFO] BeesRL1v1. Step: 5640000. Time Elapsed: 20551.267 s. Mean Reward: -0.456. Std of Reward: 10.183. Training. ELO: 82.213.
[INFO] BeesRL1v1. Step: 5645000. Time Elapsed: 20567.226 s. Mean Reward: 1.103. Std of Reward: 9.974. Training. ELO: 80.982.
[INFO] BeesRL1v1. Step: 5650000. Time Elapsed: 20590.999 s. Mean Reward: 0.742. Std of Reward: 9.975. Training. ELO: 78.084.
[INFO] BeesRL1v1. Step: 5655000. Time Elapsed: 20605.912 s. Mean Reward: -2.822. Std of Reward: 9.754. Training. ELO: 77.652.
[INFO] BeesRL1v1. Step: 5660000. Time Elapsed: 20619.453 s. Mean Reward: -2.740. Std of Reward: 9.755. Training. ELO: 77.652.
[INFO] BeesRL1v1. Step: 5665000. Time Elapsed: 20642.632 s. Mean Reward: -1.588. Std of Reward: 9.893. Training. ELO: 77.652.
[INFO] BeesRL1v1. Step: 5670000. Time Elapsed: 20657.594 s. Mean Reward: -0.679. Std of Reward: 9.798. Training. ELO: 75.057.
[INFO] BeesRL1v1. Step: 5675000. Time Elapsed: 20670.720 s. Mean Reward: -1.402. Std of Reward: 10.360. Training. ELO: 72.030.
[INFO] BeesRL1v1. Step: 5680000. Time Elapsed: 20695.808 s. Mean Reward: 1.070. Std of Reward: 10.089. Training. ELO: 73.783.
[INFO] BeesRL1v1. Step: 5685000. Time Elapsed: 20708.598 s. Mean Reward: 0.742. Std of Reward: 9.977. Training. ELO: 75.378.
[INFO] BeesRL1v1. Step: 5690000. Time Elapsed: 20723.474 s. Mean Reward: 0.585. Std of Reward: 10.187. Training. ELO: 77.470.
[INFO] BeesRL1v1. Step: 5695000. Time Elapsed: 20736.173 s. Mean Reward: 1.759. Std of Reward: 10.046. Training. ELO: 80.391.
[INFO] BeesRL1v1. Step: 5700000. Time Elapsed: 20758.841 s. Mean Reward: 0.852. Std of Reward: 10.214. Training. ELO: 84.003.
[INFO] BeesRL1v1. Step: 5705000. Time Elapsed: 20775.387 s. Mean Reward: 0.633. Std of Reward: 10.227. Training. ELO: 86.648.
[INFO] BeesRL1v1. Step: 5710000. Time Elapsed: 20798.077 s. Mean Reward: -1.695. Std of Reward: 9.841. Training. ELO: 83.485.
[INFO] BeesRL1v1. Step: 5715000. Time Elapsed: 20822.351 s. Mean Reward: 1.791. Std of Reward: 9.910. Training. ELO: 83.320.
[INFO] BeesRL1v1. Step: 5720000. Time Elapsed: 20834.182 s. Mean Reward: -1.829. Std of Reward: 9.995. Training. ELO: 83.320.
[INFO] BeesRL1v1. Step: 5725000. Time Elapsed: 20849.349 s. Mean Reward: -0.244. Std of Reward: 10.264. Training. ELO: 83.320.
[INFO] BeesRL1v1. Step: 5730000. Time Elapsed: 20874.019 s. Mean Reward: -1.334. Std of Reward: 10.005. Training. ELO: 80.956.
[INFO] BeesRL1v1. Step: 5735000. Time Elapsed: 20887.252 s. Mean Reward: 0.992. Std of Reward: 10.268. Training. ELO: 78.614.
[INFO] BeesRL1v1. Step: 5740000. Time Elapsed: 20903.438 s. Mean Reward: 1.054. Std of Reward: 9.781. Training. ELO: 80.990.
[INFO] BeesRL1v1. Step: 5745000. Time Elapsed: 20926.778 s. Mean Reward: -0.779. Std of Reward: 10.209. Training. ELO: 78.027.
[INFO] BeesRL1v1. Step: 5750000. Time Elapsed: 20939.153 s. Mean Reward: 0.115. Std of Reward: 9.858. Training. ELO: 76.976.
[INFO] Exported .results\bees-full-005\BeesRL1v1\BeesRL1v1-5749976.onnx
[INFO] BeesRL1v1. Step: 5755000. Time Elapsed: 20952.647 s. Mean Reward: 0.754. Std of Reward: 10.177. Training. ELO: 76.342.
[INFO] BeesRL1v1. Step: 5760000. Time Elapsed: 20969.560 s. Mean Reward: -1.867. Std of Reward: 10.162. Training. ELO: 76.739.
[INFO] BeesRL1v1. Step: 5765000. Time Elapsed: 20992.997 s. Mean Reward: -2.769. Std of Reward: 9.579. Training. ELO: 72.295.
[INFO] BeesRL1v1. Step: 5770000. Time Elapsed: 21004.749 s. Mean Reward: -1.390. Std of Reward: 10.272. Training. ELO: 68.259.
[INFO] Learning was interrupted. Please wait while the graph is generated.
[INFO] Exported .results\bees-full-005\BeesRL1v1\BeesRL1v1-5771664.onnx
[INFO] Copied .results\bees-full-005\BeesRL1v1\BeesRL1v1-5771664.onnx to .results\bees-full-005\BeesRL1v1.onnx.
[ERROR] SubprocessEnvManager had workers that didn't signal shutdown
[ERROR] A SubprocessEnvManager worker did not shut down correctly so it was forcefully terminated.
[ERROR] A SubprocessEnvManager worker did not shut down correctly so it was forcefully terminated.
[ERROR] A SubprocessEnvManager worker did not shut down correctly so it was forcefully terminated.
[ERROR] A SubprocessEnvManager worker did not shut down correctly so it was forcefully terminated.
[ERROR] A SubprocessEnvManager worker did not shut down correctly so it was forcefully terminated.
[ERROR] A SubprocessEnvManager worker did not shut down correctly so it was forcefully terminated.
[ERROR] A SubprocessEnvManager worker did not shut down correctly so it was forcefully terminated.
[ERROR] A SubprocessEnvManager worker did not shut down correctly so it was forcefully terminated.
[ERROR] A SubprocessEnvManager worker did not shut down correctly so it was forcefully terminated.
[ERROR] A SubprocessEnvManager worker did not shut down correctly so it was forcefully terminated.
[ERROR] A SubprocessEnvManager worker did not shut down correctly so it was forcefully terminated.
[ERROR] A SubprocessEnvManager worker did not shut down correctly so it was forcefully terminated.
[ERROR] A SubprocessEnvManager worker did not shut down correctly so it was forcefully terminated.
[ERROR] A SubprocessEnvManager worker did not shut down correctly so it was forcefully terminated.
[ERROR] A SubprocessEnvManager worker did not shut down correctly so it was forcefully terminated.
[ERROR] A SubprocessEnvManager worker did not shut down correctly so it was forcefully terminated.
[ERROR] A SubprocessEnvManager worker did not shut down correctly so it was forcefully terminated.
[ERROR] A SubprocessEnvManager worker did not shut down correctly so it was forcefully terminated.
[ERROR] A SubprocessEnvManager worker did not shut down correctly so it was forcefully terminated.
[ERROR] A SubprocessEnvManager worker did not shut down correctly so it was forcefully terminated.
[ERROR] A SubprocessEnvManager worker did not shut down correctly so it was forcefully terminated.
[ERROR] A SubprocessEnvManager worker did not shut down correctly so it was forcefully terminated.
[ERROR] A SubprocessEnvManager worker did not shut down correctly so it was forcefully terminated.
[ERROR] A SubprocessEnvManager worker did not shut down correctly so it was forcefully terminated.
[ERROR] A SubprocessEnvManager worker did not shut down correctly so it was forcefully terminated.
[ERROR] A SubprocessEnvManager worker did not shut down correctly so it was forcefully terminated.
[ERROR] A SubprocessEnvManager worker did not shut down correctly so it was forcefully terminated.
[ERROR] A SubprocessEnvManager worker did not shut down correctly so it was forcefully terminated.
[ERROR] A SubprocessEnvManager worker did not shut down correctly so it was forcefully terminated.
[ERROR] A SubprocessEnvManager worker did not shut down correctly so it was forcefully terminated.
[ERROR] A SubprocessEnvManager worker did not shut down correctly so it was forcefully terminated.
[ERROR] A SubprocessEnvManager worker did not shut down correctly so it was forcefully terminated.
[ERROR] A SubprocessEnvManager worker did not shut down correctly so it was forcefully terminated.
[ERROR] A SubprocessEnvManager worker did not shut down correctly so it was forcefully terminated.
[ERROR] A SubprocessEnvManager worker did not shut down correctly so it was forcefully terminated.
[ERROR] A SubprocessEnvManager worker did not shut down correctly so it was forcefully terminated.
[ERROR] A SubprocessEnvManager worker did not shut down correctly so it was forcefully terminated.
